timestamp,x_rel,y_rel,z_rel,vx_rel,vy_rel,cov_x_rel,cov_y_rel,cov_vx_rel,cov_vy_rel,x_abs,y_abs,z_abs,q[0],q[1],q[2],q[3],target_yaw,target_yaw_filtered,is_static,rel_pos_valid,rel_vel_valid,abs_pos_valid
2873939162,0.07623049,-0.10662681,0.36260372,0.201271,-0.31853992,0.00033316755,0.00037018303,0.026436143,0.026492992,0.19057319,0.21495885,0.18780945,0.9897425,0.0,0.0,0.14286265,0.28821662,0.28670627,1,1,1,1
2874018854,0.080975614,-0.12097248,0.3695734,0.1367165,-0.25446388,0.00037646602,0.0003835565,0.0277611,0.028171932,0.19200271,0.20169461,0.19438483,0.98974013,0.0,0.0,0.14287913,0.28737208,0.28673956,1,1,1,1
2874078981,0.07898776,-0.123222746,0.36293536,0.09368368,-0.18624842,0.0003486572,0.0003492227,0.027634088,0.028216258,0.18539631,0.20298046,0.18726112,0.9897364,0.0,0.0,0.14290527,0.28779563,0.28679237,1,1,1,1
2874139859,0.0780305,-0.12335953,0.36718896,0.032010075,-0.11577184,0.00034129593,0.0003414872,0.028158676,0.028636526,0.17919642,0.20730594,0.19106132,0.98973864,0.0,0.0,0.14288971,0.2861641,0.28676096,1,1,1,1
2874219873,0.0741692,-0.11994123,0.36031443,-0.0023959163,-0.031302363,0.00037013748,0.0003709746,0.028661575,0.02888948,0.167905,0.21879572,0.18355636,0.98972887,0.0,0.0,0.14295712,0.2894854,0.28689718,1,1,1,1
2874279889,0.07340881,-0.118367895,0.37164253,-0.014648679,-0.017429808,0.0003560747,0.00035684605,0.028583823,0.028680388,0.1619631,0.2267114,0.19433527,0.9897346,0.0,0.0,0.1429175,0.2852954,0.2868171,1,1,1,1
2874339464,0.0712442,-0.11579128,0.366081,-0.030273002,0.040081926,0.0003456074,0.0003461101,0.028526712,0.028557152,0.15548936,0.23480186,0.18833403,0.98973453,0.0,0.0,0.1429181,0.28684127,0.2868183,1,1,1,1
2874420723,0.06928466,-0.11283198,0.3660574,-0.007884523,0.05979537,0.0003799534,0.00038020025,0.029018065,0.029021721,0.14898069,0.24366584,0.18687873,0.9897348,0.0,0.0,0.14291616,0.28674048,0.2868144,1,1,1,1
2874478863,0.068275005,-0.1114009,0.36635512,-0.040115993,0.03631452,0.00035493195,0.00035501443,0.028525084,0.028525203,0.14599647,0.24820578,0.18626115,0.98973763,0.0,0.0,0.14289644,0.28601736,0.28677455,1,1,1,1
2874538925,0.06740581,-0.11078127,0.37264636,-0.047967434,0.018453112,0.00035065186,0.0003506728,0.028743023,0.028743684,0.14401993,0.2509876,0.19147865,0.98974884,0.0,0.0,0.14281894,0.2836423,0.28661793,1,1,1,1
2874619852,0.06482186,-0.10952246,0.36888498,-0.03793767,0.03202529,0.00038504187,0.0003850434,0.029136151,0.029137239,0.14231314,0.25348797,0.1859696,0.9897641,0.0,0.0,0.14271295,0.28233492,0.28640378,1,1,1,1
2874679996,0.062471036,-0.107565366,0.3677873,-0.0421588,0.031699736,0.0003580204,0.00035802068,0.028553119,0.028554037,0.14219119,0.25568062,0.1825844,0.98977053,0.0,0.0,0.14266862,0.28461218,0.2863142,1,1,1,1
2874759558,0.058898665,-0.10256377,0.372788,-0.06061455,0.05293528,0.0003910068,0.0003910084,0.029279899,0.029280363,0.14293197,0.25950846,0.18021615,0.9897854,0.0,0.0,0.14256562,0.28215215,0.28610608,1,1,1,1
2874820033,0.05724278,-0.0994727,0.38491443,-0.06659314,0.065382265,0.0003775894,0.00037759094,0.029246008,0.029246217,0.14596975,0.26057845,0.1832163,0.98981005,0.0,0.0,0.14239414,0.27917573,0.28575957,1,1,1,1
2874879391,0.05554867,-0.10015466,0.40022153,-0.06747972,0.049087234,0.0003870489,0.00038705018,0.029770214,0.029770294,0.15019383,0.2571279,0.18547244,0.9898202,0.0,0.0,0.14232366,0.28291127,0.28561714,1,1,1,1
2874939975,0.051028185,-0.10262989,0.41435146,-0.07128302,0.042842228,0.00040489962,0.00040490038,0.030192576,0.030192602,0.15301548,0.24988988,0.17936279,0.9898308,0.0,0.0,0.14224969,0.28262833,0.28546768,1,1,1,1
2875018859,0.042575553,-0.105569586,0.44716638,-0.09665733,0.04202342,0.0004986144,0.0004986147,0.03192397,0.031923972,0.1551158,0.23807548,0.17438608,0.9898527,0.0,0.0,0.14209694,0.2792953,0.28515905,1,1,1,1
2875078903,0.03482601,-0.106121354,0.4908557,-0.097478144,0.041982956,0.0005303863,0.0005303864,0.032548454,0.032548454,0.15499558,0.22931945,0.18046135,0.98987484,0.0,0.0,0.1419431,0.27894238,0.2848482,1,1,1,1
2875158857,0.023474649,-0.1064702,0.5558656,-0.14387071,0.04806385,0.0006799305,0.0006799307,0.03544578,0.03544578,0.15426436,0.21667093,0.18589664,0.9899226,0.0,0.0,0.14160974,0.271378,0.2841747,1,1,1,1
2875218884,0.0120825255,-0.10056688,0.5998282,-0.1269812,0.056999158,0.00072837237,0.0007283725,0.036100686,0.036100686,0.1516348,0.21256761,0.17578742,0.98997843,0.0,0.0,0.14121844,0.26836383,0.28338417,1,1,1,1
2875278726,0.0010747756,-0.09054056,0.6521423,-0.17088696,0.086197674,0.0008025973,0.0008025974,0.037534386,0.037534386,0.14880115,0.21340838,0.17317602,0.99002033,0.0,0.0,0.1409244,0.27150336,0.28279012,1,1,1,1
2875359864,-0.013202153,-0.074483305,0.7281958,-0.17391272,0.16049369,0.0010259715,0.0010259716,0.04094071,0.04094071,0.14442363,0.2197383,0.1833632,0.990051,0.0,0.0,0.14070915,0.27409393,0.2823553,1,1,1,1
2875418850,-0.026246892,-0.057331722,0.7942619,-0.1740661,0.1694608,0.0011150198,0.0011150199,0.04182773,0.04182773,0.13983458,0.22950523,0.19202131,0.99005663,0.0,0.0,0.14066945,0.28075126,0.2822751,1,1,1,1
2875481179,-0.03897266,-0.037290633,0.86183256,-0.17117824,0.22812515,0.0012335194,0.0012335196,0.043437127,0.043437127,0.13604465,0.24137148,0.19612575,0.99006385,0.0,0.0,0.14061837,0.28021142,0.28217193,1,1,1,1
2875559900,-0.0549299,-0.01154534,0.93027306,-0.1804098,0.2519038,0.0015233443,0.0015233444,0.04672291,0.04672291,0.1318575,0.2567329,0.178505,0.9900639,0.0,0.0,0.14061804,0.28215858,0.28217125,1,1,1,1
2875619352,-0.06671334,0.007983897,0.98271984,-0.18378925,0.2628614,0.0016122574,0.0016122577,0.04731886,0.047318865,0.12944373,0.26796055,0.16582209,0.9900422,0.0,0.0,0.14077078,0.28834197,0.2824798,1,1,1,1
2875679873,-0.07925364,0.02761299,1.0366588,-0.17543773,0.29498655,0.0017158298,0.00171583,0.048388593,0.048388597,0.12500447,0.27981633,0.16300696,0.9900251,0.0,0.0,0.14089113,0.28734326,0.28272295,1,1,1,1
2875760853,-0.093163885,0.04947446,1.1190424,-0.17143193,0.3035312,0.002057722,0.0020577223,0.051839657,0.051839665,0.123497166,0.2878283,0.15899426,0.9899978,0.0,0.0,0.14108284,0.2904682,0.2831102,1,1,1,1
2875818873,-0.105293706,0.06407072,1.18285,-0.17708279,0.27323136,0.002161364,0.002161364,0.052466117,0.052466124,0.119784415,0.29029697,0.15679789,0.98997635,0.0,0.0,0.14123307,0.28918013,0.2834137,1,1,1,1
2875878851,-0.11823232,0.07674609,1.2419648,-0.16099313,0.27315143,0.0022876046,0.0022876046,0.053584278,0.05358428,0.11493299,0.29006353,0.14955723,0.9899534,0.0,0.0,0.14139418,0.28992403,0.2837392,1,1,1,1
2875960245,-0.13262327,0.088771366,1.338747,-0.15717684,0.24924755,0.002716141,0.002716141,0.057284545,0.05728454,0.1109748,0.28396562,0.15833104,0.98992455,0.0,0.0,0.14159599,0.29189366,0.28414693,1,1,1,1
2876020287,-0.14382114,0.09494764,1.3968593,-0.14638889,0.18414235,0.0028282811,0.0028282811,0.057661187,0.057661176,0.108190045,0.2763679,0.15025544,0.98990417,0.0,0.0,0.14173836,0.2898994,0.28443456,1,1,1,1
2876079856,-0.1534944,0.10419949,1.4423964,-0.15292366,0.17432955,0.002975614,0.002975614,0.059058655,0.059058648,0.10795386,0.2707437,0.12020707,0.98984134,0.0,0.0,0.14217627,0.30213067,0.28531936,1,1,1,1
2876159397,-0.16487172,0.11441123,1.4846766,-0.14456132,0.15373579,0.0033491554,0.0033491554,0.06134516,0.061345156,0.107243896,0.2661196,0.076088905,0.9898216,0.0,0.0,0.14231369,0.29087198,0.285597,1,1,1,1
2876219019,-0.17324544,0.12104801,1.549888,-0.13454627,0.10516677,0.0034181154,0.0034181154,0.061465196,0.06146519,0.10576008,0.26527432,0.08429289,0.98980683,0.0,0.0,0.14241646,0.28975052,0.28580466,1,1,1,1
2876279978,-0.1822344,0.12887394,1.6157068,-0.14668868,0.09965401,0.0035617384,0.0035617384,0.06278742,0.06278741,0.105093986,0.2661269,0.078160286,0.98976755,0.0,0.0,0.14268921,0.29682755,0.2863558,1,1,1,1
2876359910,-0.19148946,0.14040284,1.7171001,-0.13660574,0.054319125,0.004061791,0.004061791,0.06590399,0.065903984,0.10752091,0.2725995,0.08992708,0.98972905,0.0,0.0,0.14295606,0.29714066,0.28689504,1,1,1,1
2876418856,-0.19503832,0.15342188,1.7755767,-0.13103998,0.07986393,0.0041864957,0.0041864957,0.06634005,0.066340044,0.11170691,0.28432083,0.0901829,0.9897082,0.0,0.0,0.14310035,0.29272613,0.2871866,1,1,1,1
2876478990,-0.19712299,0.16518286,1.8425989,-0.08039836,0.07383595,0.004335346,0.004335346,0.06705081,0.0670508,0.11910039,0.29581815,0.08337164,0.9896439,0.0,0.0,0.14354445,0.3051361,0.28808406,1,1,1,1
2876559874,-0.20346923,0.17268679,1.970618,-0.077432334,0.04281712,0.0049749147,0.0049749147,0.07076194,0.070761934,0.12276988,0.3050834,0.12196529,0.98958164,0.0,0.0,0.14397281,0.3053987,0.2889498,1,1,1,1
2876618916,-0.20784599,0.17132474,2.0448294,-0.031932153,0.046427958,0.0051508327,0.0051508327,0.071220025,0.071220025,0.12412009,0.30587524,0.12754941,0.9895201,0.0,0.0,0.14439549,0.30603543,0.28980407,1,1,1,1
2876679924,-0.21657327,0.16894965,2.1124,-0.041015334,0.005066227,0.005349031,0.005349031,0.07203367,0.07203367,0.1191974,0.30570242,0.124388576,0.9894598,0.0,0.0,0.14480776,0.30646938,0.29063734,1,1,1,1
2876759856,-0.23255149,0.16654196,2.237634,-0.04102316,0.017778337,0.0060966397,0.006096639,0.075850114,0.07585012,0.105513334,0.3070938,0.14891958,0.98941064,0.0,0.0,0.14514315,0.30419675,0.29131532,1,1,1,1
2876818915,-0.24650921,0.15888529,2.3156183,-0.045835827,-0.032108426,0.0062927823,0.0062927823,0.07627048,0.07627049,0.09122826,0.30290756,0.15176153,0.9893004,0.0,0.0,0.14589317,0.32163835,0.29283148,1,1,1,1
2876881090,-0.25664872,0.14802702,2.4009025,-0.050488412,-0.040665142,0.0065157465,0.0065157465,0.07699096,0.07699097,0.079785675,0.29585445,0.16100287,0.98933697,0.0,0.0,0.14564463,0.28278294,0.29232904,1,1,1,1
2876939849,-0.26306087,0.13768227,2.4782655,-0.044122864,-0.055134792,0.006777932,0.006777932,0.078099765,0.07809977,0.07214835,0.28946763,0.16300654,0.9892829,0.0,0.0,0.14601128,0.3071532,0.29307026,1,1,1,1
2877019007,-0.26790377,0.1262334,2.573153,-0.04166909,-0.07523308,0.007605123,0.007605123,0.08162246,0.08162247,0.06520218,0.28394783,0.1539793,0.989219,0.0,0.0,0.14644383,0.3105603,0.29394475,1,1,1,1
2877080074,-0.2682851,0.11352965,2.6394942,-0.036254846,-0.10645872,0.007791559,0.007791559,0.08184817,0.081848174,0.063296795,0.27565184,0.14682055,0.9892374,0.0,0.0,0.14631926,0.2889077,0.2936929,1,1,1,1
2877140529,-0.26860687,0.10097116,2.6977057,-0.031556938,-0.09848587,0.007989677,0.007989677,0.08238968,0.08238969,0.062336415,0.2682138,0.13818026,0.98923737,0.0,0.0,0.1463196,0.29370698,0.2936936,1,1,1,1
2877220142,-0.27051654,0.087854296,2.7875667,-0.033636767,-0.109986775,0.008832231,0.008832231,0.08568002,0.08568003,0.060301155,0.2615128,0.15805411,0.9892789,0.0,0.0,0.1460384,0.28232363,0.2931251,1,1,1,1
2877280515,-0.2708298,0.07891668,2.8413358,-0.028675735,-0.1070808,0.008943153,0.008943153,0.0855733,0.08557331,0.05999601,0.25859854,0.16175485,0.9893447,0.0,0.0,0.14559211,0.2750807,0.29222286,1,1,1,1
2877359856,-0.26839814,0.067087166,2.897075,-0.037225682,-0.112545975,0.009711999,0.009711999,0.088296115,0.088296115,0.062132537,0.2561428,0.16215992,0.98934317,0.0,0.0,0.14560239,0.29263923,0.29224366,1,1,1,1
2877418885,-0.26271504,0.0573172,2.914287,-0.020570843,-0.11851277,0.0096711125,0.0096711125,0.08762007,0.08762007,0.06815049,0.2536123,0.1524899,0.9893141,0.0,0.0,0.14580022,0.3002423,0.29264358,1,1,1,1
2877478965,-0.25708374,0.045964777,2.9461596,0.0043169344,-0.1399255,0.0096720625,0.0096720625,0.087568924,0.087568924,0.07414326,0.24975885,0.16415,0.9893788,0.0,0.0,0.1453603,0.27485788,0.29175428,1,1,1,1
2877560215,-0.2516226,0.03250362,2.968993,0.017101346,-0.1398922,0.010321252,0.010321252,0.09000996,0.09000996,0.07964745,0.24822102,0.16811824,0.9893662,0.0,0.0,0.14544629,0.29523066,0.29192808,1,1,1,1
2877621140,-0.2494484,0.021728838,2.980943,0.03415549,-0.14393137,0.010168886,0.010168886,0.08916788,0.08916788,0.08149646,0.24730837,0.16945481,0.9893897,0.0,0.0,0.14528595,0.28544584,0.29160395,1,1,1,1
2877678868,-0.24795619,0.011554151,2.9924912,0.02184875,-0.16475789,0.01007438,0.01007438,0.08897343,0.08897343,0.082084,0.24713401,0.17243242,0.989387,0.0,0.0,0.14530465,0.29236022,0.29164177,1,1,1,1
2877758865,-0.24575934,-0.0003326732,3.004912,0.0059223287,-0.15432441,0.010674589,0.010674589,0.091490105,0.091490105,0.08118516,0.24948242,0.17965364,0.9893342,0.0,0.0,0.14566329,0.30614197,0.29236677,1,1,1,1
2877818970,-0.24272439,-0.014342633,2.9995599,0.011138136,-0.16367434,0.01044254,0.01044254,0.09051187,0.09051187,0.081409365,0.2464211,0.17723036,0.98930436,0.0,0.0,0.14586611,0.30056727,0.2927768,1,1,1,1
2877880352,-0.24010526,-0.029073874,2.9965332,0.021926558,-0.17601323,0.010267545,0.010267545,0.09010291,0.09010291,0.08132018,0.24229158,0.18298602,0.9892862,0.0,0.0,0.145989,0.2977457,0.29302523,1,1,1,1
2877959862,-0.23293282,-0.048831426,2.978857,0.04483943,-0.15963563,0.0107476255,0.0107476255,0.09210524,0.09210524,0.08474998,0.23790467,0.18313885,0.9892881,0.0,0.0,0.1459763,0.29251212,0.29299957,1,1,1,1
2878018896,-0.22691782,-0.06738731,2.9635708,0.05078676,-0.20022452,0.0104466,0.0104466,0.091059834,0.091059834,0.086849526,0.23335451,0.18506098,0.98928547,0.0,0.0,0.14599422,0.29372406,0.29303578,1,1,1,1
2878078964,-0.21913832,-0.08328683,2.957595,0.06207274,-0.16964681,0.010232322,0.010232322,0.09075801,0.09075801,0.09066391,0.22929755,0.19187617,0.9893211,0.0,0.0,0.14575234,0.28325614,0.29254678,1,1,1,1
2878159903,-0.21341759,-0.099555075,2.9449377,0.08396014,-0.25693718,0.010617273,0.010617273,0.09218137,0.09218137,0.091225415,0.22763458,0.19080496,0.9893287,0.0,0.0,0.14570099,0.29047075,0.29244298,1,1,1,1
2878219106,-0.20742057,-0.10788201,2.9410214,0.07966448,-0.16034424,0.010305485,0.010305485,0.09105637,0.09105637,0.091925815,0.23240475,0.194067,0.9893487,0.0,0.0,0.14556499,0.28694475,0.29216805,1,1,1,1
2878299866,-0.20071892,-0.122150026,2.9367065,0.098219305,-0.19563843,0.010700781,0.010700781,0.092601605,0.092601605,0.088910386,0.23846549,0.19710684,0.9893373,0.0,0.0,0.14564216,0.29528764,0.29232404,1,1,1,1
2878359893,-0.19556083,-0.13176379,2.931147,0.09259137,-0.1585568,0.0103496965,0.0103496965,0.09124575,0.09124575,0.08768092,0.24068427,0.19545007,0.9893718,0.0,0.0,0.1454081,0.2828607,0.29185086,1,1,1,1
2878419189,-0.19123521,-0.14062223,2.9333491,0.1035608,-0.18650316,0.01009305,0.01009305,0.09051998,0.09051998,0.08430478,0.24522635,0.20089245,0.9894082,0.0,0.0,0.14516017,0.2818276,0.2913497,1,1,1,1
2878479053,-0.18544014,-0.14958684,2.9277267,0.09861913,-0.1653733,0.009903454,0.009903454,0.0901755,0.0901755,0.08181237,0.2494917,0.1972332,0.9893052,0.0,0.0,0.14586012,0.31964883,0.29276466,1,1,1,1
2878560694,-0.17703694,-0.16330883,2.9288251,0.11359685,-0.173599,0.010403664,0.010403664,0.09231489,0.09231489,0.07848525,0.25371966,0.20038676,0.98929596,0.0,0.0,0.14592299,0.29530656,0.29289177,1,1,1,1
2878618941,-0.16657804,-0.17426887,2.9278004,0.12319193,-0.1505778,0.0101455115,0.0101455115,0.09121566,0.09121566,0.07965006,0.25578633,0.19972968,0.98927283,0.0,0.0,0.14607947,0.29921877,0.29320812,1,1,1,1
2878678782,-0.15729272,-0.18266046,2.924068,0.13155393,-0.15661699,0.009949507,0.009949507,0.09058166,0.09058166,0.07943085,0.25948894,0.19673228,0.9891803,0.0,0.0,0.14670493,0.31849894,0.29447266,1,1,1,1
2878759862,-0.1443326,-0.1939305,2.9256048,0.1317517,-0.09608642,0.010453579,0.010453579,0.0926065,0.0926065,0.079450995,0.2637424,0.20062065,0.98913366,0.0,0.0,0.14701901,0.30717385,0.29510772,1,1,1,1
2878818864,-0.13259667,-0.203906,2.920746,0.1685438,-0.15814051,0.010163108,0.010163108,0.0913418,0.0913418,0.080667794,0.26544213,0.19766164,0.98918694,0.0,0.0,0.14666007,0.28059256,0.29438198,1,1,1,1
2878879403,-0.1190447,-0.21188447,2.9089158,0.1628454,-0.089028865,0.009941023,0.009941023,0.090540655,0.090540655,0.08476771,0.2665597,0.1875372,0.9892399,0.0,0.0,0.14630288,0.27993825,0.29365978,1,1,1,1
2878960068,-0.104506955,-0.22132325,2.9057107,0.18001372,-0.08913833,0.01040567,0.01040567,0.09232366,0.09232366,0.08575566,0.26745328,0.1858542,0.9892758,0.0,0.0,0.14605951,0.2838198,0.29316777,1,1,1,1
2879019134,-0.094249174,-0.23035437,2.9022608,0.16053261,-0.06525186,0.010110022,0.010110022,0.09100188,0.09100188,0.08533184,0.2643169,0.18225145,0.9893743,0.0,0.0,0.14539093,0.26613572,0.29181617,1,1,1,1
2879099907,-0.0841017,-0.24106702,2.8984747,0.16434948,-0.05737555,0.010513694,0.010513694,0.09242809,0.09242809,0.08228368,0.25849342,0.1765256,0.9894163,0.0,0.0,0.1451046,0.28024036,0.29123738,1,1,1,1
2879159448,-0.07372039,-0.2494885,2.9017496,0.15268524,-0.043011215,0.010186102,0.010186102,0.091027886,0.091027886,0.08196292,0.2523935,0.17830944,0.9894595,0.0,0.0,0.14480959,0.2793111,0.29064107,1,1,1,1
2879218859,-0.060248025,-0.2544898,2.8883877,0.16149823,-0.027863141,0.009907671,0.009907671,0.09004018,0.09004018,0.08331039,0.24853554,0.16368365,0.9894819,0.0,0.0,0.14465648,0.28445098,0.29033157,1,1,1,1
2879279863,-0.046581462,-0.2584704,2.8961258,0.17271535,0.0035795653,0.009745842,0.009745842,0.08984618,0.08984618,0.0865531,0.24409065,0.16988277,0.98951894,0.0,0.0,0.14440316,0.2800914,0.28981957,1,1,1,1
2879359531,-0.033728443,-0.26238725,2.8924558,0.16084933,-0.034648564,0.010214712,0.010214712,0.091707446,0.091707446,0.08672564,0.23857096,0.16446233,0.9894614,0.0,0.0,0.14479657,0.30572295,0.29061472,1,1,1,1
2879419042,-0.022917,-0.26536134,2.8999612,0.14183743,0.017444164,0.009971245,0.009971245,0.09064162,0.09064162,0.08723611,0.23358816,0.17107224,0.9894814,0.0,0.0,0.14466041,0.28511104,0.29033953,1,1,1,1
2879498866,-0.015684664,-0.26670712,2.892455,0.120669276,0.014436518,0.010407623,0.010407623,0.09219523,0.09219523,0.08145873,0.2294116,0.16473079,0.9894303,0.0,0.0,0.14500917,0.3044389,0.2910445,1,1,1,1
2879559056,-0.011938216,-0.26469955,2.8910615,0.10550382,-0.012085511,0.010089143,0.010089143,0.090740696,0.090740696,0.076440774,0.22979468,0.16621375,0.9894543,0.0,0.0,0.14484502,0.2844081,0.29071268,1,1,1,1
2879618749,-0.0005179753,-0.2595158,2.882804,0.10439815,0.039073203,0.009843246,0.009843246,0.08992252,0.08992252,0.07954548,0.23293391,0.16121864,0.989417,0.0,0.0,0.14509992,0.30101806,0.29122794,1,1,1,1
2879699859,0.019460158,-0.2506601,2.872726,0.11554609,0.031681195,0.010271938,0.010271938,0.09166617,0.09166617,0.089506544,0.23889762,0.15416908,0.98936045,0.0,0.0,0.14548516,0.3068029,0.29200667,1,1,1,1
2879758974,0.035813168,-0.23934226,2.8773837,0.10816454,0.054879103,0.009967529,0.009967529,0.09036529,0.09036529,0.10060592,0.2485853,0.15939808,0.98937815,0.0,0.0,0.14536461,0.28713286,0.29176298,1,1,1,1
2879819812,0.04698348,-0.2317619,2.8749955,0.11616375,0.042425536,0.009744918,0.009744918,0.08968431,0.08968431,0.10725239,0.25470212,0.1565845,0.98938066,0.0,0.0,0.14534767,0.29107848,0.29172873,1,1,1,1
2879880559,0.05636058,-0.22449622,2.8877826,0.10785429,0.077137895,0.0096002985,0.0096002985,0.08939678,0.08939678,0.11233245,0.26046586,0.16780138,0.98933995,0.0,0.0,0.14562452,0.30292222,0.2922884,1,1,1,1
2879960387,0.06618868,-0.21435381,2.8924441,0.08687978,0.0799,0.01013242,0.01013242,0.0915953,0.0915953,0.117247015,0.26899886,0.16893077,0.98933,0.0,0.0,0.14569214,0.29502264,0.2924251,1,1,1,1
2880018853,0.07263483,-0.20516402,2.8997083,0.08080988,0.036063623,0.0099108955,0.0099108955,0.09049013,0.09049013,0.11946465,0.2767579,0.17208385,0.9892853,0.0,0.0,0.1459954,0.3046857,0.29303813,1,1,1,1
2880100276,0.0810702,-0.19459286,2.909915,0.06538231,0.067118585,0.010397669,0.010397669,0.09216815,0.09216815,0.12417415,0.2859293,0.17765737,0.9892911,0.0,0.0,0.14595623,0.29145497,0.29295897,1,1,1,1
2880160026,0.08774029,-0.18742426,2.9108825,0.064653024,0.047499243,0.0101227425,0.0101227425,0.090849146,0.090849146,0.12817024,0.2920708,0.17557478,0.98924255,0.0,0.0,0.14628465,0.3062385,0.29362294,1,1,1,1
2880220098,0.09039273,-0.18100028,2.9072556,0.04612764,0.056272507,0.009912997,0.009912997,0.09014067,0.09014067,0.128165,0.29757422,0.1691308,0.98921835,0.0,0.0,0.14644821,0.30023655,0.29395363,1,1,1,1
2880299989,0.09006577,-0.17554924,2.9194095,0.03351357,0.06517435,0.010402173,0.010402173,0.092063814,0.092063814,0.124743454,0.3014952,0.17735124,0.9891658,0.0,0.0,0.1468029,0.30829656,0.29467076,1,1,1,1
2880359970,0.087107904,-0.17442162,2.921918,0.02200095,0.031365406,0.0101412395,0.0101412395,0.090900734,0.090900734,0.119809024,0.30161417,0.17712092,0.98914635,0.0,0.0,0.14693381,0.29996452,0.29493544,1,1,1,1
2880418902,0.08471317,-0.17137526,2.9295087,0.0097108185,0.036755282,0.0099497195,0.0099497195,0.09022623,0.09022623,0.1161514,0.30398065,0.18186522,0.9890994,0.0,0.0,0.14724958,0.3077053,0.29557392,1,1,1,1
2880478888,0.08160916,-0.16379456,2.9253328,-0.013608936,0.04320731,0.009809764,0.009809764,0.089914404,0.089914404,0.111592025,0.31058902,0.17429018,0.9890688,0.0,0.0,0.14745481,0.3038742,0.29598892,1,1,1,1
2880558992,0.0738723,-0.15558852,2.9337196,-0.03376184,0.05211035,0.010355344,0.010355344,0.09209853,0.09209853,0.10226802,0.31730705,0.17875385,0.989025,0.0,0.0,0.1477484,0.30786207,0.29658258,1,1,1,1
2880618870,0.06881023,-0.15510409,2.9444206,-0.03566799,0.02495057,0.01014753,0.01014753,0.09110883,0.09110883,0.096837774,0.3163529,0.1865828,0.9890476,0.0,0.0,0.14759706,0.2904624,0.29627657,1,1,1,1
2880700605,0.07006216,-0.1504227,2.9422824,-0.035391033,0.036010087,0.010613997,0.010613997,0.092627995,0.092627995,0.09823038,0.31908524,0.17809582,0.98906875,0.0,0.0,0.14745516,0.2905373,0.2959896,1,1,1,1
2880759863,0.07409243,-0.14641845,2.9479146,-0.0160055,0.056038767,0.010364714,0.010364714,0.09164185,0.09164185,0.10335749,0.3212278,0.17857933,0.9890932,0.0,0.0,0.14729108,0.28935462,0.29565784,1,1,1,1
2880839875,0.07239591,-0.14243743,2.9443233,-0.038645487,0.055212703,0.010747132,0.010747132,0.09273179,0.09273179,0.103459574,0.32264522,0.17071295,0.98912126,0.0,0.0,0.14710264,0.2880371,0.2952768,1,1,1,1
2880900075,0.067018636,-0.14008825,2.9529657,-0.053599738,0.022575678,0.010422999,0.010422999,0.09135714,0.09135714,0.10058773,0.3219689,0.17708015,0.9890785,0.0,0.0,0.14738938,0.30687362,0.29585662,1,1,1,1
2880958866,0.06235131,-0.13927329,2.9450493,-0.060751565,0.03875593,0.010171245,0.010171245,0.09059022,0.09059022,0.098076046,0.32005045,0.1685648,0.98908603,0.0,0.0,0.14733912,0.29382345,0.29575497,1,1,1,1
2881018876,0.05895176,-0.13588601,2.9456384,-0.068481475,0.053124957,0.009986059,0.009986059,0.0902153,0.0902153,0.09681401,0.32032126,0.16967702,0.9890448,0.0,0.0,0.14761586,0.3069475,0.2963146,1,1,1,1
2881100073,0.05339106,-0.13205324,2.9425504,-0.07204862,0.0712562,0.010477019,0.010477019,0.09225106,0.09225106,0.094786614,0.31984866,0.1691165,0.9890063,0.0,0.0,0.1478735,0.30673426,0.29683557,1,1,1,1
2881160862,0.051256306,-0.13069052,2.9433384,-0.06581106,0.024911376,0.010229488,0.010229488,0.09128266,0.09128266,0.09523773,0.31793836,0.1712699,0.9890183,0.0,0.0,0.14779279,0.2935709,0.29667234,1,1,1,1
2881219754,0.050064057,-0.12869485,2.936967,-0.05942936,0.05807907,0.010019424,0.010019424,0.09062219,0.09062219,0.096732065,0.31572127,0.16603804,0.9890343,0.0,0.0,0.14768593,0.2923511,0.29645628,1,1,1,1
2881298850,0.04922739,-0.12773448,2.9463532,-0.052697178,0.052670483,0.010525536,0.010525536,0.09260805,0.09260805,0.09940511,0.3105967,0.17602873,0.98900336,0.0,0.0,0.14789289,0.30482665,0.2968748,1,1,1,1
2881358881,0.04512103,-0.1243816,2.9497187,-0.055129774,0.056532748,0.0102700405,0.0102700405,0.09149748,0.09149748,0.09795076,0.30912828,0.17889833,0.9889761,0.0,0.0,0.14807504,0.30424216,0.29724315,1,1,1,1
2881418853,0.038879093,-0.12092017,2.9562614,-0.062374074,0.057124708,0.010089828,0.010089828,0.09088885,0.09088885,0.09438637,0.30751973,0.18419027,0.98898774,0.0,0.0,0.14799738,0.29410234,0.2970861,1,1,1,1
2881500360,0.030067941,-0.11252347,2.950834,-0.0539136,0.08854894,0.010593054,0.010593054,0.092808396,0.092808396,0.08877003,0.30889043,0.17629623,0.98900884,0.0,0.0,0.14785632,0.29138142,0.29680085,1,1,1,1
2881559143,0.024618536,-0.106624596,2.956872,-0.048085883,0.09818005,0.010320478,0.010320478,0.09151867,0.09151867,0.08551257,0.30940983,0.18060613,0.98896766,0.0,0.0,0.14813173,0.3079393,0.29735777,1,1,1,1
2881619351,0.021284731,-0.10193418,2.9554877,-0.050155826,0.07059634,0.01011192,0.01011192,0.0907502,0.0907502,0.08450325,0.30826932,0.17810297,0.9889843,0.0,0.0,0.14802052,0.29286,0.29713288,1,1,1,1
2881679942,0.01868431,-0.09833206,2.9482605,-0.05689357,0.11135769,0.009966105,0.009966105,0.09046828,0.09046828,0.08429249,0.30595458,0.17087936,0.98893774,0.0,0.0,0.1483311,0.3096955,0.297761,1,1,1,1
2881759991,0.016956953,-0.0933048,2.9515777,-0.04625525,0.10211808,0.010453709,0.010453709,0.09217668,0.09217668,0.08562989,0.30241817,0.17427754,0.98896796,0.0,0.0,0.14812967,0.28961396,0.29735363,1,1,1,1
2881819263,0.018247563,-0.08543893,2.954817,-0.023513086,0.09325848,0.010219807,0.010219807,0.09109458,0.09109458,0.08923653,0.30295405,0.17752457,0.9889184,0.0,0.0,0.14845979,0.31070605,0.29802126,1,1,1,1
2881878720,0.019352362,-0.07773809,2.9573884,-0.03637423,0.107726075,0.010056163,0.010056163,0.090580806,0.090580806,0.092413895,0.30363804,0.17993808,0.98890716,0.0,0.0,0.14853504,0.30106464,0.29817343,1,1,1,1
2881959860,0.016475512,-0.07015897,2.9555402,-0.03281715,0.11165107,0.010576318,0.010576318,0.09259634,0.09259634,0.09200556,0.3013829,0.17738008,0.988943,0.0,0.0,0.14829618,0.2885122,0.29769036,1,1,1,1
2882019907,0.014374962,-0.06375445,2.9563637,-0.012880314,0.10387289,0.010313356,0.010313356,0.091382295,0.091382295,0.09151823,0.30002376,0.17719245,0.98897374,0.0,0.0,0.14809099,0.28939128,0.2972754,1,1,1,1
2882099894,0.015252684,-0.054089375,2.9512873,-0.01297086,0.11929244,0.010752762,0.010752762,0.092899926,0.092899926,0.09379017,0.29953334,0.17057538,0.988928,0.0,0.0,0.14839593,0.30960938,0.2978921,1,1,1,1
2882159989,0.018398147,-0.047161967,2.9390755,-0.006917614,0.116258524,0.010407427,0.010407427,0.0914174,0.0914174,0.097433,0.29872662,0.15761542,0.9889331,0.0,0.0,0.14836204,0.2965212,0.29782355,1,1,1,1
2882218854,0.019673279,-0.040213186,2.9373038,0.01005783,0.121249534,0.01014623,0.01014623,0.09059331,0.09059331,0.09862549,0.298384,0.1552198,0.98893714,0.0,0.0,0.14833516,0.2967362,0.2977692,1,1,1,1
2882298969,0.0153223425,-0.03164372,2.9451022,0.008793606,0.11449933,0.01060614,0.01060614,0.09249003,0.09249003,0.09391165,0.29774892,0.1631844,0.98893416,0.0,0.0,0.14835517,0.29857868,0.29780966,1,1,1,1
2882359877,0.0085735675,-0.02636544,2.9498696,-0.015967825,0.110690705,0.010319115,0.010319115,0.09134339,0.09134339,0.08670625,0.2956173,0.16982007,0.9888946,0.0,0.0,0.14861882,0.30847347,0.29834285,1,1,1,1
2882418877,0.004807681,-0.018873543,2.9487839,-0.02439056,0.117692426,0.01009301,0.01009301,0.09060818,0.09060818,0.0824691,0.29592615,0.1724596,0.98885846,0.0,0.0,0.14885862,0.3080432,0.29882786,1,1,1,1
2882500663,0.0041061477,-0.006678998,2.9407876,-0.0046700854,0.114158764,0.010557339,0.010557339,0.09246141,0.09246141,0.08060553,0.29773146,0.17067456,0.98878807,0.0,0.0,0.14932558,0.31771794,0.29977235,1,1,1,1
2882559879,0.006568501,0.0014996297,2.9351447,-0.0004084972,0.11152339,0.010261406,0.010261406,0.091232374,0.091232374,0.08225286,0.29952887,0.16852045,0.9887438,0.0,0.0,0.14961877,0.31163332,0.3003654,1,1,1,1
2882619187,0.0108667705,0.0068541337,2.9329948,0.0062347976,0.097284846,0.0100415945,0.0100415945,0.09057377,0.09057377,0.08576633,0.29883143,0.16938877,0.98869395,0.0,0.0,0.14994764,0.31367043,0.30103064,1,1,1,1
2882679970,0.011987138,0.0139317075,2.9222379,0.0076381383,0.08961559,0.009863211,0.009863211,0.09016707,0.09016707,0.08631963,0.30006483,0.16151214,0.98865944,0.0,0.0,0.15017489,0.3102249,0.30149034,1,1,1,1
2882758856,0.010570958,0.022313159,2.9223535,-0.0027016064,0.09280764,0.010370156,0.010370156,0.09224787,0.09224787,0.08423625,0.3012697,0.16475844,0.9886568,0.0,0.0,0.15019222,0.3021911,0.30152538,1,1,1,1
2882818869,0.010233146,0.030707823,2.9229345,0.004593047,0.081725694,0.01013679,0.01013679,0.09129853,0.09129853,0.08338096,0.30487692,0.16616774,0.9886379,0.0,0.0,0.15031657,0.3065569,0.30177695,1,1,1,1
2882899863,0.010307291,0.03952518,2.9251134,-0.018875293,0.073343255,0.01055449,0.01055449,0.09256274,0.09256274,0.082903735,0.30920115,0.16719866,0.9886474,0.0,0.0,0.15025418,0.29925248,0.30165073,1,1,1,1
2882958860,0.010766731,0.045810763,2.925191,-0.014998233,0.07402342,0.010250172,0.010250172,0.09119196,0.09119196,0.08305561,0.3122185,0.16532373,0.9886558,0.0,0.0,0.15019903,0.2994194,0.30153915,1,1,1,1
2883019243,0.009880586,0.052383743,2.9151068,-0.00930621,0.057379663,0.010006794,0.010006794,0.090362266,0.090362266,0.082503416,0.31625807,0.15369153,0.9886716,0.0,0.0,0.15009476,0.2973212,0.30132824,1,1,1,1
2883098989,0.011063653,0.05803339,2.921763,-0.014437884,0.062440574,0.01047194,0.01047194,0.09222375,0.09222375,0.0843896,0.31963152,0.15942025,0.9886598,0.0,0.0,0.15017259,0.3044774,0.3014857,1,1,1,1
2883161454,0.013377077,0.06324833,2.908215,-0.008657589,0.039499037,0.010158667,0.010158667,0.09089157,0.09089157,0.08732318,0.32349417,0.14535666,0.9887036,0.0,0.0,0.14988373,0.28979912,0.30090135,1,1,1,1
2883220669,0.015172732,0.06977902,2.9074013,-0.015471195,0.036920335,0.009927703,0.009927703,0.090174936,0.090174936,0.08994718,0.32933003,0.14452243,0.9887175,0.0,0.0,0.14979236,0.29720485,0.30071652,1,1,1,1
2883299974,0.015061902,0.077401705,2.9153783,-0.029832317,0.05787217,0.010410292,0.010410292,0.092183135,0.092183135,0.09155354,0.33660853,0.15176606,0.9887074,0.0,0.0,0.14985864,0.30339795,0.3008506,1,1,1,1
2883359863,0.0137387905,0.080412306,2.9187748,-0.013015348,0.027894454,0.010136766,0.010136766,0.0910103,0.0910103,0.09211518,0.33948264,0.15386367,0.9886854,0.0,0.0,0.1500037,0.30671948,0.30114403,1,1,1,1
2883418956,0.012878614,0.08011311,2.924867,-0.054785796,0.029432025,0.009941137,0.009941137,0.09038146,0.09038146,0.09346852,0.3387956,0.15923953,0.988735,0.0,0.0,0.14967646,0.28790444,0.30048206,1,1,1,1
2883499977,0.010783029,0.08065784,2.9209547,-0.051618926,0.023051271,0.01042819,0.01042819,0.0923051,0.0923051,0.09502195,0.33871707,0.15519547,0.9887757,0.0,0.0,0.1494079,0.28961718,0.29993883,1,1,1,1
2883559873,0.0073910514,0.07774453,2.9269307,-0.040862057,-0.0044091237,0.010165267,0.010165267,0.09113578,0.09113578,0.094974995,0.33551753,0.16135955,0.98875874,0.0,0.0,0.14951983,0.3044675,0.30016527,1,1,1,1
2883638858,0.0050276816,0.073639154,2.9354992,-0.04830929,0.0035355305,0.010605458,0.010605458,0.09260686,0.09260686,0.097061485,0.3313992,0.16953325,0.98879856,0.0,0.0,0.1492563,0.28950453,0.29963222,1,1,1,1
2883679113,0.004356975,0.072470225,2.934535,-0.04527641,-0.034555,0.009728327,0.009728327,0.08952053,0.08952053,0.09853135,0.33042774,0.16822338,0.98883724,0.0,0.0,0.14899972,0.28925255,0.29911324,1,1,1,1
2883758974,0.0013123655,0.07311801,2.9423637,-0.05321857,-0.024579557,0.010227335,0.010227335,0.09150557,0.09150557,0.09956306,0.33257943,0.17559552,0.98882186,0.0,0.0,0.14910154,0.3032319,0.29931918,1,1,1,1
2883819183,-0.004809255,0.07360915,2.9371715,-0.047381207,-0.0129413465,0.010033055,0.010033055,0.09079551,0.09079551,0.09605375,0.3343866,0.16961789,0.98881936,0.0,0.0,0.14911813,0.2999905,0.29935274,1,1,1,1
2883899861,-0.016772887,0.0724549,2.9429429,-0.07215431,-0.034144092,0.010537667,0.010537667,0.0926361,0.0926361,0.08933308,0.33627993,0.17455816,0.98880684,0.0,0.0,0.14920132,0.3027181,0.299521,1,1,1,1
2883959153,-0.027315818,0.071936324,2.9449134,-0.09512118,-0.028869111,0.010287083,0.010287083,0.091520436,0.091520436,0.082044095,0.337577,0.17569709,0.9887923,0.0,0.0,0.14929758,0.30341533,0.2997157,1,1,1,1
2884018949,-0.031841822,0.06887179,2.95043,-0.082920454,-0.02605674,0.010108844,0.010108844,0.09100004,0.09100004,0.08074154,0.33641452,0.1798811,0.9887833,0.0,0.0,0.14935707,0.30212265,0.29983604,1,1,1,1
2884098865,-0.032422893,0.063097045,2.9441466,-0.07589366,-0.049128156,0.010563052,0.010563052,0.09255397,0.09255397,0.08411504,0.33348608,0.17236209,0.9887638,0.0,0.0,0.14948621,0.30506033,0.30009726,1,1,1,1
2884158722,-0.03386836,0.0546237,2.9415941,-0.05643777,-0.062403623,0.010298705,0.010298705,0.09147537,0.09147537,0.08609748,0.32734725,0.16941524,0.98869586,0.0,0.0,0.14993499,0.31825292,0.30100504,1,1,1,1
2884218890,-0.037675414,0.048418157,2.9364815,-0.06542778,-0.06718701,0.010043158,0.010043158,0.090403154,0.090403154,0.08543624,0.32394886,0.1632359,0.9887387,0.0,0.0,0.14965218,0.28956398,0.30043298,1,1,1,1
2884298865,-0.043792747,0.046126805,2.9518435,-0.06619997,-0.06491129,0.010550286,0.010550286,0.09243656,0.09243656,0.083019175,0.32614005,0.17735267,0.98872834,0.0,0.0,0.14972052,0.30319756,0.3005712,1,1,1,1
2884359908,-0.04956756,0.047223024,2.9510276,-0.051278226,-0.06354116,0.010279567,0.010279567,0.091228634,0.091228634,0.07983701,0.33111843,0.1752863,0.9887139,0.0,0.0,0.14981566,0.30442038,0.30076367,1,1,1,1
2884419432,-0.054383498,0.046278335,2.9528537,-0.07661106,-0.046771105,0.010086641,0.010086641,0.09062742,0.09062742,0.07730289,0.33402467,0.17534375,0.9886959,0.0,0.0,0.14993443,0.30556846,0.3010039,1,1,1,1
2884500699,-0.059741437,0.04268232,2.9624186,-0.050292123,-0.048247546,0.010604039,0.010604039,0.092672,0.092672,0.07499115,0.33661923,0.18072486,0.9886273,0.0,0.0,0.15038633,0.31928793,0.3019181,1,1,1,1
2884558731,-0.066781886,0.040144734,2.965736,-0.06574261,-0.060063995,0.010339896,0.010339896,0.091450475,0.091450475,0.0702363,0.33862364,0.18011665,0.98860323,0.0,0.0,0.15054464,0.3083232,0.30223835,1,1,1,1
2884618862,-0.0738555,0.036731493,2.9651656,-0.08036043,-0.030281285,0.01015239,0.01015239,0.090861306,0.090861306,0.06562231,0.33977923,0.17587662,0.98861617,0.0,0.0,0.1504594,0.29878902,0.30206588,1,1,1,1
2884698848,-0.07920046,0.031339422,2.9720125,-0.062016584,-0.04639536,0.01066609,0.01066609,0.09284016,0.09284016,0.06338039,0.33857536,0.17954993,0.9885846,0.0,0.0,0.15066703,0.3104672,0.30248594,1,1,1,1
2884760964,-0.08362851,0.026424486,2.9660034,-0.058669105,-0.04406214,0.010422858,0.010422858,0.091928944,0.091928944,0.061890326,0.33636755,0.17274714,0.9885501,0.0,0.0,0.15089294,0.31162673,0.302943,1,1,1,1
2884818930,-0.087812476,0.018491693,2.9605305,-0.083013274,-0.041740373,0.010187402,0.010187402,0.09104854,0.09104854,0.060718544,0.330714,0.16765857,0.9885568,0.0,0.0,0.15084925,0.30117545,0.3028546,1,1,1,1
2884899866,-0.091372326,0.011455836,2.962242,-0.07450378,-0.059051357,0.010653765,0.010653765,0.092758775,0.092758775,0.061443344,0.3261644,0.1700511,0.9885224,0.0,0.0,0.15107422,0.31195724,0.30330974,1,1,1,1
2884958906,-0.0949178,0.006795509,2.9636953,-0.08974956,-0.030418659,0.010378015,0.010378015,0.091583095,0.091583095,0.06134353,0.32341534,0.17156124,0.98850745,0.0,0.0,0.1511722,0.30727524,0.303508,1,1,1,1
2885019492,-0.09788937,0.0034218207,2.9614067,-0.067957856,-0.06643128,0.010169243,0.010169243,0.090929694,0.090929694,0.0619782,0.3221273,0.16991782,0.9884842,0.0,0.0,0.15132421,0.30965862,0.30381554,1,1,1,1
2885099871,-0.10107287,0.0021648307,2.9658759,-0.07145079,-0.06019579,0.010667688,0.010667688,0.09289252,0.09289252,0.06382006,0.323883,0.17561269,0.9884594,0.0,0.0,0.15148611,0.3103675,0.30414313,1,1,1,1
2885160688,-0.102114685,-5.0613024e-05,2.9557073,-0.074091546,-0.023039212,0.010356424,0.010356424,0.091456674,0.091456674,0.06663143,0.32408655,0.16617656,0.9884272,0.0,0.0,0.15169588,0.312632,0.30456758,1,1,1,1
2885218738,-0.10733792,-0.0016814898,2.9539013,-0.070754625,-0.08428742,0.010136311,0.010136311,0.090752594,0.090752594,0.06566973,0.32460478,0.16544485,0.9884113,0.0,0.0,0.15179943,0.30875802,0.3047771,1,1,1,1
2885299858,-0.11238946,-0.0044370336,2.9486136,-0.06986908,-0.053191554,0.0106014805,0.0106014805,0.09256536,0.09256536,0.066015795,0.32492194,0.16221547,0.98840034,0.0,0.0,0.15187076,0.30766356,0.30492142,1,1,1,1
2885359858,-0.11228753,-0.007609135,2.9470606,-0.04354237,-0.059848353,0.010311715,0.010311715,0.091352195,0.091352195,0.07012486,0.32418573,0.16236615,0.988391,0.0,0.0,0.15193182,0.30739263,0.30504498,1,1,1,1
2885418643,-0.110166766,-0.009665477,2.9520483,-0.036379825,-0.05078574,0.010106896,0.010106896,0.09074752,0.09074752,0.07606631,0.32430863,0.16945791,0.98838836,0.0,0.0,0.15194894,0.30573803,0.30507964,1,1,1,1
2885501416,-0.111369126,-0.013170221,2.9487977,-0.029840726,-0.020316113,0.010589419,0.010589419,0.09266508,0.09266508,0.07933623,0.32378998,0.16899347,0.9883864,0.0,0.0,0.15196182,0.30560052,0.3051057,1,1,1,1
2885562282,-0.11411368,-0.01235965,2.944141,-0.040341202,-0.0684798,0.010300392,0.010300392,0.09141834,0.09141834,0.07949946,0.3263646,0.1672368,0.9883564,0.0,0.0,0.15215662,0.3129898,0.30549988,1,1,1,1
2885618862,-0.1190355,-0.009904688,2.9513826,-0.060770143,-0.0064389557,0.010099423,0.010099423,0.090794936,0.090794936,0.07701495,0.3301946,0.17845845,0.9883243,0.0,0.0,0.15236494,0.3139313,0.30592144,1,1,1,1
2885700376,-0.1254819,-0.010872628,2.93524,-0.05533172,-0.03289913,0.0105652455,0.0105652455,0.09261839,0.09261839,0.07325378,0.32998756,0.16780615,0.9884097,0.0,0.0,0.15181005,0.283464,0.30479857,1,1,1,1
2885758896,-0.13030739,-0.012107673,2.9346097,-0.032341417,0.003852916,0.010269575,0.010269575,0.09137348,0.09137348,0.07056764,0.32816172,0.17020965,0.9884308,0.0,0.0,0.15167247,0.29923078,0.3045202,1,1,1,1
2885819533,-0.13431014,-0.010259815,2.936987,-0.059484098,0.062496305,0.01005627,0.01005627,0.090749346,0.090749346,0.06859529,0.32843617,0.17330527,0.9885503,0.0,0.0,0.15089186,0.27293205,0.3029408,1,1,1,1
2885879328,-0.13672775,-0.0060021365,2.9374096,-0.060809575,0.03324875,0.009902403,0.009902403,0.09041158,0.09041158,0.068125084,0.33012342,0.17295837,0.988631,0.0,0.0,0.15036179,0.28149366,0.30186844,1,1,1,1
2885958632,-0.13879149,-0.0023428819,2.941378,-0.045161396,0.030123742,0.010431562,0.010431562,0.09251856,0.09251856,0.06878503,0.3281591,0.17512655,0.9886938,0.0,0.0,0.1499486,0.28515124,0.30103257,1,1,1,1
2886018956,-0.13681662,0.0067744455,2.946233,-0.041770827,0.111324064,0.010193681,0.010193681,0.09151231,0.09151231,0.07256955,0.33236247,0.17811275,0.9887115,0.0,0.0,0.14983195,0.29631326,0.3007966,1,1,1,1
2886098861,-0.1366884,0.018678326,2.9449477,-0.010440737,0.07593134,0.010667705,0.010667705,0.093203366,0.093203366,0.074965075,0.3377555,0.17468262,0.98885477,0.0,0.0,0.1488832,0.26241583,0.29887757,1,1,1,1
2886159877,-0.13466153,0.03290101,2.9375243,-0.0036463642,0.13002867,0.010352085,0.010352085,0.09168454,0.09168454,0.07980138,0.3446699,0.16600227,0.9889406,0.0,0.0,0.14831233,0.27578688,0.29772303,1,1,1,1
2886218857,-0.12997086,0.04977698,2.9239676,0.0025832825,0.12976442,0.010097774,0.010097774,0.09083623,0.09083623,0.087022945,0.35528234,0.15232325,0.98904645,0.0,0.0,0.14760455,0.26909664,0.2962917,1,1,1,1
2886299871,-0.12452698,0.067065306,2.9192011,0.017697426,0.10899711,0.010525534,0.010525534,0.09242414,0.09242414,0.09576382,0.36507958,0.14843702,0.98909885,0.0,0.0,0.14725289,0.28207004,0.29558063,1,1,1,1
2886359409,-0.11804895,0.0863439,2.924712,0.00085917383,0.13597886,0.010282905,0.010282905,0.091758855,0.091758855,0.105011314,0.377526,0.15518975,0.9892303,0.0,0.0,0.14636768,0.25978425,0.29379082,1,1,1,1
2886419799,-0.11162589,0.10551256,2.9244463,0.022529177,0.09517694,0.009997715,0.009997715,0.09052395,0.09052395,0.11287103,0.39214712,0.15620232,0.98939306,0.0,0.0,0.14526303,0.24912745,0.29155764,1,1,1,1
2886499129,-0.10170425,0.13229078,2.9110448,0.04459506,0.15410922,0.010435931,0.010435931,0.09223865,0.09223865,0.123971365,0.4120604,0.14663196,0.9894606,0.0,0.0,0.14480242,0.27293664,0.2906266,1,1,1,1
2886559083,-0.094649725,0.15596628,2.9056258,0.05961498,0.14006627,0.0101296585,0.0101296585,0.090951905,0.090951905,0.13114354,0.43089566,0.14494157,0.98960257,0.0,0.0,0.14382881,0.2512695,0.28865874,1,1,1,1
2886618625,-0.087056965,0.18248957,2.9093723,0.07469244,0.1771786,0.009910201,0.009910201,0.09026967,0.09026967,0.13747524,0.452447,0.15219116,0.9897422,0.0,0.0,0.14286458,0.24968725,0.28671017,1,1,1,1
2886698651,-0.08163583,0.2104579,2.905596,0.07138626,0.17597714,0.010247245,0.010247245,0.09107393,0.09107393,0.14083466,0.47548252,0.15207672,0.98996985,0.0,0.0,0.1412786,0.22262043,0.28350568,1,1,1,1
2886759856,-0.07803205,0.22922792,2.906231,0.07718285,0.2072722,0.010007525,0.010007525,0.09019459,0.09019459,0.14226238,0.48997593,0.15599728,0.99017155,0.0,0.0,0.13985834,0.22612639,0.2806367,1,1,1,1
2886819579,-0.07058694,0.24626839,2.899057,0.07013273,0.16056357,0.009801896,0.009801896,0.08961442,0.08961442,0.14752251,0.50249016,0.15163398,0.9903174,0.0,0.0,0.1388215,0.23875414,0.27854258,1,1,1,1
2886899565,-0.059610996,0.26519465,2.8954062,0.082338676,0.2190677,0.010282401,0.010282401,0.09178872,0.09178872,0.15525815,0.51455456,0.15153265,0.99054706,0.0,0.0,0.13717343,0.21198322,0.2752146,1,1,1,1
2886958974,-0.047110483,0.2774989,2.89741,0.08982133,0.16170348,0.010010788,0.010010788,0.0906665,0.0906665,0.16538738,0.52151465,0.15611601,0.9906935,0.0,0.0,0.13611141,0.23233153,0.27307045,1,1,1,1
2887018855,-0.03200566,0.28833956,2.8795812,0.13146497,0.20091845,0.009791936,0.009791936,0.08996718,0.08996718,0.1784063,0.5277164,0.14032865,0.99082065,0.0,0.0,0.13518322,0.23559657,0.27119675,1,1,1,1
2887098855,-0.013649989,0.29880327,2.8850951,0.11226527,0.14035143,0.010221139,0.010221139,0.091487914,0.091487914,0.19414121,0.53190744,0.14758134,0.9908178,0.0,0.0,0.13520405,0.27203813,0.2712388,1,1,1,1
2887159079,0.004718357,0.30709672,2.8828285,0.12600718,0.14661272,0.009968448,0.009968448,0.09052089,0.09052089,0.21018924,0.5349499,0.14830613,0.99087083,0.0,0.0,0.13481468,0.25552,0.27045286,1,1,1,1
2887219360,0.023359092,0.3138544,2.889435,0.16210994,0.1195259,0.009771571,0.009771571,0.09003472,0.09003472,0.22728628,0.5386329,0.1581459,0.9908753,0.0,0.0,0.13478182,0.2691269,0.27038655,1,1,1,1
2887279300,0.037586913,0.32161525,2.8897471,0.16116226,0.09243967,0.009609834,0.009609834,0.0895156,0.0895156,0.2393474,0.5433457,0.16150093,0.9909209,0.0,0.0,0.13444604,0.2568318,0.2697088,1,1,1,1
2887363751,0.059953317,0.32828367,2.8922708,0.17541647,0.08424156,0.0101338485,0.0101338485,0.09158172,0.09158172,0.25751776,0.5487232,0.16493106,0.9909724,0.0,0.0,0.13406599,0.25436798,0.26894176,1,1,1,1
2887418946,0.07716661,0.33231148,2.8981507,0.18766645,0.08123578,0.00991839,0.00991839,0.09052046,0.09052046,0.2707234,0.5526289,0.17053604,0.9910438,0.0,0.0,0.13353722,0.247599,0.26787463,1,1,1,1
2887498865,0.09510838,0.33866373,2.8943508,0.19224365,0.06913393,0.010377523,0.010377523,0.09216013,0.09216013,0.28350148,0.5598564,0.16550255,0.9911556,0.0,0.0,0.13270478,0.23427777,0.2661948,1,1,1,1
2887559861,0.10670831,0.34274662,2.8967905,0.21335384,0.07233866,0.010081476,0.010081476,0.09070912,0.09070912,0.29013827,0.5654396,0.16661334,0.9911954,0.0,0.0,0.13240746,0.25419617,0.26559487,1,1,1,1
2887619861,0.11742653,0.34132937,2.901027,0.1760599,0.06563339,0.009871728,0.009871728,0.089967296,0.089967296,0.2951416,0.565984,0.1686778,0.99125016,0.0,0.0,0.13199678,0.24902262,0.26476625,1,1,1,1
2887699004,0.12844616,0.331778,2.8944974,0.19405246,0.045292977,0.0103351595,0.0103351595,0.091790915,0.091790915,0.2971831,0.5590631,0.1578095,0.99133235,0.0,0.0,0.13137782,0.23978995,0.26351744,1,1,1,1
2887759957,0.14150071,0.3185311,2.887387,0.17637126,-0.009735667,0.010022208,0.010022208,0.09036182,0.09036182,0.30347827,0.5472331,0.14688301,0.99140865,0.0,0.0,0.130801,0.2402441,0.26235378,1,1,1,1
2887818964,0.15555227,0.3011059,2.8910475,0.18567754,-0.025655149,0.009803305,0.009803305,0.08965655,0.08965655,0.3107974,0.53204423,0.14650941,0.9914658,0.0,0.0,0.13036703,0.24484414,0.2614783,1,1,1,1
2887898594,0.17098713,0.2776227,2.891433,0.18224175,-0.08104562,0.01026719,0.01026719,0.09153739,0.09153739,0.3191651,0.5127221,0.14135838,0.99154496,0.0,0.0,0.1297637,0.23713845,0.2602613,1,1,1,1
2887959993,0.18665914,0.25702676,2.8966773,0.16366777,-0.10755031,0.010000866,0.010000866,0.09041017,0.09041017,0.32998484,0.49584368,0.14246821,0.9916319,0.0,0.0,0.12909745,0.23338543,0.2589175,1,1,1,1
2888018768,0.20608297,0.2376988,2.905339,0.20674188,-0.14235847,0.009813225,0.009813225,0.08989049,0.08989049,0.3458214,0.48162398,0.14743066,0.9917071,0.0,0.0,0.12851866,0.23557156,0.2577502,1,1,1,1
2888099885,0.22391865,0.21449746,2.8990295,0.17968385,-0.18431284,0.010294367,0.010294367,0.09178869,0.09178869,0.3589487,0.46850467,0.13630867,0.99180627,0.0,0.0,0.12775098,0.22678792,0.2562021,1,1,1,1
2888159750,0.2370554,0.19775252,2.9065382,0.18296784,-0.19774942,0.010037959,0.010037959,0.09064082,0.09064082,0.36933354,0.45980507,0.14101481,0.9919023,0.0,0.0,0.12700349,0.22605728,0.25469485,1,1,1,1
2888219560,0.2521247,0.18117891,2.9123292,0.15729216,-0.19751632,0.009853971,0.009853971,0.090027675,0.090027675,0.3819738,0.4543013,0.14372706,0.9919776,0.0,0.0,0.12641405,0.23092544,0.25350636,1,1,1,1
2888298860,0.27091548,0.15744166,2.918727,0.18510398,-0.21619923,0.010356224,0.010356224,0.091965646,0.091965646,0.3992498,0.44382876,0.14682984,0.9920759,0.0,0.0,0.12564,0.22229634,0.25194585,1,1,1,1
2888358860,0.28472713,0.13701284,2.922091,0.16420981,-0.23052993,0.010108559,0.010108559,0.09082999,0.09082999,0.41267598,0.43631214,0.14809394,0.9921028,0.0,0.0,0.12542748,0.2433771,0.25151742,1,1,1,1
2888439876,0.299686,0.11122897,2.9214032,0.16399418,-0.25537792,0.010556816,0.010556816,0.09240124,0.09240124,0.42705083,0.43077156,0.14601493,0.9922095,0.0,0.0,0.124580815,0.21738268,0.24981068,1,1,1,1
2888501523,0.30922788,0.089615904,2.9270904,0.14465338,-0.26935947,0.010256155,0.010256155,0.091067255,0.091067255,0.43574667,0.42175493,0.15011907,0.9922917,0.0,0.0,0.1239242,0.22334117,0.2484872,1,1,1,1
2888558698,0.31219545,0.065978296,2.9225342,0.15712796,-0.2645887,0.010021936,0.010021936,0.09029391,0.09029391,0.4389536,0.4157134,0.14245677,0.9923591,0.0,0.0,0.12338328,0.2266833,0.247397,1,1,1,1
2888641076,0.31995133,0.031795137,2.9283412,0.1186931,-0.28170115,0.010493329,0.010493329,0.092194974,0.092194974,0.4473304,0.40334216,0.14477587,0.99244225,0.0,0.0,0.12271246,0.22035854,0.24604508,1,1,1,1
2888698863,0.32579932,0.0010269354,2.9302824,0.12873356,-0.31189778,0.010210427,0.010210427,0.09100578,0.09100578,0.45341328,0.3897706,0.14450645,0.99252415,0.0,0.0,0.122048296,0.21927716,0.24470669,1,1,1,1
2888759315,0.3305585,-0.022139933,2.940529,0.10124542,-0.31096953,0.010019358,0.010019358,0.09045663,0.09045663,0.45971632,0.38449544,0.15215826,0.9925956,0.0,0.0,0.121465966,0.22123893,0.2435333,1,1,1,1
2888818959,0.33288765,-0.045212135,2.9376638,0.09713675,-0.3124732,0.009843679,0.009843679,0.08986865,0.08986865,0.46337378,0.3797443,0.1464796,0.992576,0.0,0.0,0.12162612,0.24998726,0.243856,1,1,1,1
2888898862,0.33557665,-0.072774865,2.9403281,0.069830835,-0.3046668,0.010388279,0.010388279,0.09213075,0.09213075,0.468009,0.3781614,0.14516354,0.99259704,0.0,0.0,0.12145418,0.23692687,0.24350955,1,1,1,1
2888958915,0.33539313,-0.098532245,2.940957,0.077486455,-0.30793992,0.010157787,0.010157787,0.09106966,0.09106966,0.4704006,0.37315875,0.14220142,0.9926365,0.0,0.0,0.121131316,0.23049895,0.24285902,1,1,1,1
2889019882,0.33700317,-0.12422894,2.9501753,0.06917772,-0.30686417,0.009998007,0.009998007,0.09052215,0.09052215,0.4761505,0.36773068,0.1479857,0.99265283,0.0,0.0,0.12099746,0.23746526,0.24258932,1,1,1,1
2889099860,0.33574298,-0.15740858,2.9584908,0.055028986,-0.3038962,0.010538694,0.010538694,0.09268522,0.09268522,0.47973537,0.357848,0.15176487,0.9926402,0.0,0.0,0.12110115,0.24676757,0.24279824,1,1,1,1
2889159863,0.3338061,-0.1857113,2.965121,0.04611455,-0.3074904,0.010308717,0.010308717,0.09155663,0.09155663,0.48205915,0.34840474,0.15502286,0.9927089,0.0,0.0,0.1205362,0.22003387,0.24166001,1,1,1,1
2889239905,0.33141795,-0.22087896,2.9613476,0.025457935,-0.30002058,0.010774905,0.010774905,0.09310197,0.09310197,0.48634207,0.3374446,0.14795065,0.99263877,0.0,0.0,0.12111243,0.26487905,0.24282096,1,1,1,1
2889299904,0.32293102,-0.24703738,2.9618802,-0.0031583842,-0.29066145,0.010485462,0.010485462,0.091892,0.091892,0.48364496,0.32895944,0.14616156,0.992673,0.0,0.0,0.12083217,0.23152776,0.2422563,1,1,1,1
2889359855,0.31358987,-0.27275416,2.962916,-0.015550331,-0.28679213,0.010235014,0.010235014,0.09112598,0.09112598,0.47970846,0.3187985,0.14560342,0.992632,0.0,0.0,0.12116858,0.2558125,0.24293411,1,1,1,1
2889418451,0.30331793,-0.3007387,2.969607,-0.04102755,-0.29060772,0.010082717,0.010082717,0.09084712,0.09084712,0.475461,0.30606037,0.15073872,0.9925842,0.0,0.0,0.12155869,0.2586547,0.24372013,1,1,1,1
2889500641,0.2981905,-0.33469898,2.9689786,-0.0386969,-0.26800966,0.010613366,0.010613366,0.092968486,0.092968486,0.4798906,0.29118568,0.1489265,0.99263793,0.0,0.0,0.12111948,0.22602098,0.24283516,1,1,1,1
2889558933,0.29218417,-0.35865393,2.9619248,-0.037418894,-0.2904673,0.010379664,0.010379664,0.09208752,0.09208752,0.48120433,0.28054932,0.14135098,0.9926128,0.0,0.0,0.12132565,0.25114363,0.24325058,1,1,1,1
2889618861,0.2848523,-0.37781137,2.9603586,-0.0397008,-0.27135345,0.0101376735,0.0101376735,0.09117568,0.09117568,0.48221707,0.27335596,0.14024591,0.9926341,0.0,0.0,0.12115076,0.23620306,0.2428982,1,1,1,1
2889700265,0.27648667,-0.40191436,2.9572005,-0.03552143,-0.27915597,0.0106228,0.0106228,0.092943534,0.092943534,0.484745,0.26411813,0.13811326,0.9926834,0.0,0.0,0.12074617,0.2265951,0.24208304,1,1,1,1
2889760975,0.26785967,-0.4205752,2.9505706,-0.040179875,-0.23175809,0.010332872,0.010332872,0.09160897,0.09160897,0.48279983,0.25419855,0.13206196,0.99259615,0.0,0.0,0.12146161,0.2709126,0.24352452,1,1,1,1
2889818571,0.2599388,-0.43807635,2.958801,-0.05175983,-0.21409184,0.010124541,0.010124541,0.09085207,0.09085207,0.48327416,0.24612299,0.13964939,0.9925818,0.0,0.0,0.12157898,0.2482541,0.243761,1,1,1,1
2889901484,0.2529581,-0.45741788,2.9540622,-0.032014985,-0.19506744,0.010642609,0.010642609,0.093008645,0.093008645,0.48693925,0.23646232,0.13420463,0.99256676,0.0,0.0,0.12170156,0.24870144,0.24400802,1,1,1,1
2889959969,0.24713083,-0.4701658,2.9389632,-0.041873936,-0.15167727,0.010322314,0.010322314,0.091566585,0.091566585,0.48810673,0.23007005,0.118991375,0.99252135,0.0,0.0,0.12207106,0.25889876,0.24475256,1,1,1,1
2890040602,0.23379163,-0.4860004,2.9390535,-0.048771977,-0.13139829,0.010728979,0.010728979,0.09295047,0.09295047,0.48388958,0.22025147,0.11845684,0.9924863,0.0,0.0,0.12235599,0.25623608,0.24532673,1,1,1,1
2890099222,0.21669334,-0.49496326,2.938237,-0.044932127,-0.09104615,0.010385479,0.010385479,0.091491364,0.091491364,0.47267783,0.21416256,0.11719513,0.9924763,0.0,0.0,0.12243723,0.24860126,0.24549045,1,1,1,1
2890160863,0.20813179,-0.49853793,2.9459572,-0.04309531,-0.07488836,0.010180892,0.010180892,0.09112296,0.09112296,0.4694228,0.21036181,0.124580145,0.99242157,0.0,0.0,0.12287964,0.26332116,0.24638198,1,1,1,1
2890240092,0.20612969,-0.49515086,2.9467323,-0.020037184,-0.011940089,0.010614604,0.010614604,0.0927394,0.0927394,0.47495943,0.21214908,0.12422156,0.9924327,0.0,0.0,0.12278963,0.24275431,0.24620059,1,1,1,1
2890299804,0.20598283,-0.487291,2.9396703,-0.006200162,0.025609868,0.010293587,0.010293587,0.09142422,0.09142422,0.4784815,0.21659991,0.11702728,0.9923885,0.0,0.0,0.1231468,0.2605969,0.2469204,1,1,1,1
2890360856,0.20392194,-0.48001012,2.9395654,-0.0048307683,0.0729799,0.010070242,0.010070242,0.09085964,0.09085964,0.4815226,0.21802369,0.11693597,0.9923141,0.0,0.0,0.123744585,0.27101603,0.24812518,1,1,1,1
2890440731,0.20146434,-0.47137293,2.940785,0.010398396,0.11339226,0.010561978,0.010561978,0.09295714,0.09295714,0.4852776,0.21420518,0.12051654,0.99212176,0.0,0.0,0.12527728,0.30991387,0.25121462,1,1,1,1
2890499858,0.20225999,-0.4601198,2.9334648,0.03836981,0.153604,0.010249934,0.010249934,0.091513254,0.091513254,0.48925263,0.21460828,0.11583805,0.99205726,0.0,0.0,0.12578693,0.27176344,0.25224206,1,1,1,1
2890558857,0.20403348,-0.44610363,2.9287486,0.061665572,0.17996486,0.010047008,0.010047008,0.0909429,0.0909429,0.49367177,0.21485049,0.113675356,0.991846,0.0,0.0,0.12744176,0.31897226,0.25557858,1,1,1,1
2890639959,0.2055425,-0.42610973,2.9236288,0.07201281,0.21954401,0.010490291,0.010490291,0.09253509,0.09253509,0.49875775,0.21562755,0.11061096,0.99145496,0.0,0.0,0.13044932,0.37689403,0.26164433,1,1,1,1
2890698665,0.20748274,-0.40774423,2.9224494,0.08351654,0.25420183,0.010198668,0.010198668,0.091254435,0.091254435,0.5005194,0.21630794,0.11152625,0.99131596,0.0,0.0,0.13150178,0.30410773,0.2637675,1,1,1,1
2890759106,0.20823795,-0.38593552,2.9243054,0.091445714,0.27238095,0.009987423,0.009987423,0.09056979,0.09056979,0.5002054,0.21849135,0.115264416,0.9910039,0.0,0.0,0.13383333,0.35786188,0.26847222,1,1,1,1
2890841017,0.21363029,-0.3546167,2.9238195,0.100694485,0.3028301,0.010429175,0.010429175,0.09212229,0.09212229,0.50418377,0.21922374,0.11612463,0.9908525,0.0,0.0,0.13494945,0.31352577,0.2707249,1,1,1,1
2890899508,0.22438689,-0.3190447,2.9200218,0.124857,0.34219068,0.010151139,0.010151139,0.09092873,0.09092873,0.5128892,0.235403,0.11275625,0.99071395,0.0,0.0,0.13596283,0.31163698,0.2727705,1,1,1,1
2890959384,0.23512316,-0.27973586,2.9183955,0.1339519,0.37216657,0.009990483,0.009990483,0.090772636,0.090772636,0.52091384,0.25070846,0.11067796,0.9905785,0.0,0.0,0.13694642,0.31248647,0.27475628,1,1,1,1
2891043208,0.24957255,-0.23375757,2.9154816,0.1564347,0.41954124,0.010401813,0.010401813,0.09209141,0.09209141,0.5329389,0.2668668,0.10602045,0.9903655,0.0,0.0,0.13847809,0.3366118,0.27784905,1,1,1,1
2891099323,0.26374492,-0.19417097,2.9242911,0.18140452,0.39956653,0.010139475,0.010139475,0.09096346,0.09096346,0.5437678,0.28244704,0.113852024,0.9902467,0.0,0.0,0.13932507,0.31206036,0.2795596,1,1,1,1
2891158858,0.2742592,-0.15152568,2.9223442,0.17822866,0.47268546,0.009934815,0.009934815,0.090266265,0.090266265,0.5500906,0.30040237,0.11125326,0.9901261,0.0,0.0,0.14017971,0.31408384,0.28128582,1,1,1,1
2891241446,0.28275102,-0.10286638,2.914007,0.18771683,0.46002498,0.010411523,0.010411523,0.09215653,0.09215653,0.5520055,0.31121647,0.10120702,0.99002296,0.0,0.0,0.14090621,0.31063768,0.2827534,1,1,1,1
2891299462,0.29078978,-0.06714264,2.91043,0.18795778,0.48336014,0.010119537,0.010119537,0.090848885,0.090848885,0.5542741,0.32038832,0.09624863,0.98988867,0.0,0.0,0.14184658,0.3207499,0.28465322,1,1,1,1
2891360862,0.3037569,-0.034966853,2.910235,0.1916644,0.47192442,0.009908616,0.009908616,0.09017316,0.09017316,0.5620421,0.3270279,0.09354377,0.9897117,0.0,0.0,0.1430761,0.33434105,0.2871376,1,1,1,1
2891438982,0.31611028,0.0066213314,2.9086044,0.17385018,0.47302887,0.010374887,0.010374887,0.09199581,0.09199581,0.56677985,0.33256015,0.08975458,0.9896592,0.0,0.0,0.14343894,0.30180225,0.28787082,1,1,1,1
2891498962,0.3255194,0.03550693,2.9048884,0.16722779,0.46758515,0.010090086,0.010090086,0.09078127,0.09078127,0.5697253,0.33360058,0.08583021,0.98946536,0.0,0.0,0.14476989,0.3416707,0.2905608,1,1,1,1
2891560005,0.3355937,0.06266036,2.898891,0.16620536,0.4235886,0.00987027,0.00987027,0.09006611,0.09006611,0.57307565,0.33198723,0.080320835,0.989338,0.0,0.0,0.14563796,0.3256555,0.29231554,1,1,1,1
2891643214,0.34831363,0.09380424,2.8963885,0.13953981,0.38001198,0.0103742685,0.0103742685,0.09233183,0.09233183,0.57767755,0.32282785,0.0792253,0.9890949,0.0,0.0,0.14727937,0.3586875,0.29563415,1,1,1,1
2891699869,0.35683396,0.12278732,2.9004736,0.1348364,0.3526018,0.01004999,0.01004999,0.09072409,0.09072409,0.5823196,0.3307107,0.084332466,0.98920256,0.0,0.0,0.14655477,0.26633248,0.29416907,1,1,1,1
2891758945,0.3723975,0.15346777,2.889504,0.15709637,0.34309596,0.009829625,0.009829625,0.090031594,0.090031594,0.5933134,0.33723527,0.07409549,0.98904145,0.0,0.0,0.14763798,0.33797374,0.2963593,1,1,1,1
2891839129,0.393432,0.1896036,2.8954947,0.15328726,0.30896524,0.010366283,0.010366283,0.09260404,0.09260404,0.61011666,0.34298837,0.080954075,0.98912567,0.0,0.0,0.14707285,0.27350536,0.2952166,1,1,1,1
2891899874,0.40926915,0.2200257,2.884475,0.14253043,0.29025567,0.009993895,0.009993895,0.09068559,0.09068559,0.62295413,0.3550031,0.07127023,0.98911095,0.0,0.0,0.14717196,0.2992247,0.29541698,1,1,1,1
2891958851,0.42103827,0.24698645,2.875383,0.13284421,0.28986266,0.009750454,0.009750454,0.089786395,0.089786395,0.6315641,0.36746004,0.063464165,0.9890902,0.0,0.0,0.14731102,0.30104053,0.29569817,1,1,1,1
2892040064,0.43044746,0.2772964,2.8654666,0.11955147,0.26354173,0.01019108,0.01019108,0.09156909,0.09156909,0.6369681,0.37937227,0.054652452,0.9890402,0.0,0.0,0.14764643,0.30926245,0.29637638,1,1,1,1
2892101991,0.4385783,0.29898667,2.8648546,0.11924862,0.22697687,0.009771547,0.009771547,0.08917501,0.08917501,0.6418869,0.3868826,0.05423236,0.9890042,0.0,0.0,0.14788747,0.30612537,0.29686382,1,1,1,1
2892158860,0.44876564,0.31808192,2.8717682,0.12936865,0.2274704,0.009598555,0.009598555,0.08881082,0.08881082,0.64954877,0.39298645,0.06103015,0.9889458,0.0,0.0,0.14827739,0.3126348,0.29765236,1,1,1,1
2892239856,0.46008942,0.33468848,2.87,0.11021953,0.17083853,0.010072002,0.010072002,0.09077773,0.09077773,0.65827155,0.3938285,0.05778551,0.9889223,0.0,0.0,0.1484341,0.30399078,0.29796928,1,1,1,1
2892302664,0.4673873,0.34389392,2.8706138,0.10544905,0.13892183,0.009814304,0.009814304,0.08965756,0.08965756,0.66367394,0.39392373,0.057229996,0.98885036,0.0,0.0,0.14891247,0.31731924,0.29893678,1,1,1,1
2892359555,0.475219,0.35375664,2.8589354,0.088962555,0.14709751,0.009631671,0.009631671,0.089245126,0.089245126,0.6690181,0.39219534,0.044117928,0.9888682,0.0,0.0,0.14879437,0.2941598,0.29869792,1,1,1,1
2892419044,0.48437226,0.3601979,2.864599,0.09568194,0.12895021,0.009496384,0.009496384,0.08911261,0.08911261,0.6756022,0.38967586,0.0487957,0.9888546,0.0,0.0,0.14888437,0.30233875,0.29887995,1,1,1,1
2892498808,0.4962708,0.36035228,2.8530567,0.08660018,0.07694842,0.009977411,0.009977411,0.091115445,0.091115445,0.683824,0.37966818,0.035238028,0.98885936,0.0,0.0,0.14885278,0.29760185,0.29881606,1,1,1,1
2892558958,0.50403315,0.35675776,2.8561652,0.110120624,0.033762,0.009727233,0.009727233,0.089859165,0.089859165,0.68883955,0.36995962,0.03725958,0.988663,0.0,0.0,0.15015142,0.35135216,0.30144286,1,1,1,1
2892638729,0.51014507,0.3512709,2.8463957,0.12178448,-0.024047794,0.010156632,0.010156632,0.091380626,0.091380626,0.68908244,0.35622895,0.025806427,0.9886265,0.0,0.0,0.15039182,0.31116903,0.30192918,1,1,1,1
2892698525,0.51340467,0.3468674,2.8538432,0.12752561,-0.054546945,0.009860776,0.009860776,0.09000479,0.09000479,0.6873815,0.34850013,0.032732725,0.9885787,0.0,0.0,0.15070572,0.31463036,0.30256423,1,1,1,1
2892758886,0.5195871,0.34421614,2.8421438,0.13882759,-0.082394205,0.009622863,0.009622863,0.08917819,0.08917819,0.6879399,0.34468752,0.021204948,0.9885853,0.0,0.0,0.15066221,0.3008038,0.3024762,1,1,1,1
2892819543,0.52822226,0.33861536,2.8409867,0.15208872,-0.11317226,0.009448978,0.009448978,0.088780805,0.088780805,0.6910615,0.34022796,0.020069838,0.9885984,0.0,0.0,0.15057632,0.2990005,0.30230242,1,1,1,1
2892898996,0.53472733,0.32835326,2.837851,0.10786124,-0.15507925,0.009930643,0.009930643,0.09081223,0.09081223,0.6880911,0.33459464,0.016619205,0.98856735,0.0,0.0,0.15077983,0.310537,0.30271414,1,1,1,1
2892959939,0.53486377,0.32382807,2.8332233,0.102235116,-0.14891063,0.00966995,0.00966995,0.089628786,0.089628786,0.68007934,0.33569074,0.012858868,0.9885856,0.0,0.0,0.15066013,0.29787096,0.30247197,1,1,1,1
2893038959,0.53819805,0.31898117,2.8274684,0.07854859,-0.17621888,0.010081704,0.010081704,0.09112935,0.09112935,0.6739982,0.3419591,0.009282351,0.9885597,0.0,0.0,0.15083003,0.30934677,0.3028157,1,1,1,1
2893099944,0.5454851,0.3103061,2.8329492,0.06944173,-0.19799298,0.009785105,0.009785105,0.0898548,0.0898548,0.67485166,0.34395814,0.015935183,0.9886318,0.0,0.0,0.15035698,0.28367564,0.3018587,1,1,1,1
2893159093,0.55279183,0.29616758,2.8320565,0.065414235,-0.20741902,0.009550283,0.009550283,0.08903271,0.08903271,0.67802167,0.34100458,0.01463747,0.98866343,0.0,0.0,0.15014867,0.2934309,0.3014373,1,1,1,1
2893239482,0.5646452,0.2815392,2.8301966,0.06541302,-0.22430164,0.00998781,0.00998781,0.09083091,0.09083091,0.68399537,0.3470804,0.013893604,0.98864394,0.0,0.0,0.15027706,0.30663192,0.30169702,1,1,1,1
2893299286,0.57501173,0.27170953,2.82422,0.06916326,-0.23579001,0.009698843,0.009698843,0.08961414,0.08961414,0.69077057,0.35221332,0.0098564625,0.98864704,0.0,0.0,0.15025648,0.3008647,0.30165538,1,1,1,1
2893359042,0.58452505,0.25749427,2.8185701,0.07718662,-0.25184473,0.009443641,0.009443641,0.08860016,0.08860016,0.69707644,0.3522792,0.0070328712,0.98861396,0.0,0.0,0.15047391,0.31045222,0.30209523,1,1,1,1
2893439951,0.5931161,0.23589514,2.8140917,0.07016002,-0.26178753,0.009884048,0.009884048,0.09047941,0.09047941,0.7008026,0.3521055,0.008800745,0.98857945,0.0,0.0,0.15070075,0.31127405,0.30255416,1,1,1,1
2893500057,0.6011889,0.21494597,2.8103173,0.075801335,-0.28879133,0.009596925,0.009596925,0.08924448,0.08924448,0.7052696,0.34669417,0.010430336,0.9885207,0.0,0.0,0.15108557,0.31812534,0.30333272,1,1,1,1
2893558863,0.61012435,0.19599514,2.8011162,0.09538945,-0.26544017,0.009385465,0.009385465,0.08866272,0.08866272,0.71016777,0.3429368,0.008111715,0.9884638,0.0,0.0,0.15145727,0.31837344,0.30408475,1,1,1,1
2893618863,0.61880493,0.17469122,2.7841263,0.08861248,-0.26946464,0.009186178,0.009186178,0.08808482,0.08808482,0.71439195,0.33627325,-0.00075244904,0.98844856,0.0,0.0,0.15155692,0.30811754,0.3042864,1,1,1,1
2893699186,0.6297265,0.14781414,2.774012,0.10239214,-0.2561067,0.009622916,0.009622916,0.08991964,0.08991964,0.7184925,0.32943672,-0.0007030964,0.98847723,0.0,0.0,0.15136953,0.29670373,0.30390725,1,1,1,1
2893759025,0.63380694,0.1258899,2.7709863,0.09728891,-0.25305322,0.009356868,0.009356868,0.08872835,0.08872835,0.7169046,0.321639,0.0027811527,0.98843116,0.0,0.0,0.15167005,0.31606844,0.3045153,1,1,1,1
2893838855,0.6403183,0.097523846,2.7586489,0.10123017,-0.2584735,0.009737485,0.009737485,0.09014153,0.09014153,0.7157279,0.3109667,-0.0009961128,0.9884865,0.0,0.0,0.151309,0.2899047,0.30378476,1,1,1,1
2893898862,0.6474613,0.07640112,2.7559695,0.10446879,-0.26371393,0.009410447,0.009410447,0.08867154,0.08867154,0.716389,0.3034311,0.00081014633,0.988473,0.0,0.0,0.15139745,0.3073647,0.30396375,1,1,1,1
2893958863,0.65399766,0.05790049,2.7563436,0.11305736,-0.2586888,0.0091741225,0.0091741225,0.08787878,0.08787878,0.71686894,0.29623753,0.0042369366,0.9885357,0.0,0.0,0.1509872,0.28736192,0.30313367,1,1,1,1
2894039864,0.6609716,0.030500084,2.742428,0.09668385,-0.2652149,0.00959734,0.00959734,0.089850985,0.089850985,0.71437216,0.28524926,-0.0068981647,0.9885689,0.0,0.0,0.15076983,0.2943384,0.3026939,1,1,1,1
2894120099,0.66699815,0.0076645114,2.7472215,0.0858042,-0.24630113,0.009899377,0.009899377,0.09068425,0.09068425,0.7126774,0.2762652,-0.0025315285,0.9884989,0.0,0.0,0.1512279,0.32122988,0.3036207,1,1,1,1
2894159372,0.67184633,-0.003976792,2.7478118,0.07625123,-0.25411502,0.008897802,0.008897802,0.086356975,0.086356975,0.71390533,0.27166167,-0.003156662,0.9885271,0.0,0.0,0.15104367,0.29616562,0.30324793,1,1,1,1
2894240194,0.6858223,-0.022721304,2.7621882,0.07699656,-0.22192381,0.00939073,0.00939073,0.08895952,0.08895952,0.72109747,0.26666382,0.008197546,0.9885632,0.0,0.0,0.15080728,0.29368287,0.30276966,1,1,1,1
2894298858,0.7026649,-0.035026673,2.7680044,0.08945501,-0.22448148,0.00916255,0.00916255,0.08793168,0.08793168,0.7335727,0.26459354,0.011541843,0.98852855,0.0,0.0,0.1510342,0.31195214,0.3032288,1,1,1,1
2894379863,0.72054076,-0.05073465,2.772487,0.094639994,-0.2041626,0.009620483,0.009620483,0.08978624,0.08978624,0.7462816,0.2607004,0.014244318,0.98860484,0.0,0.0,0.15053393,0.2829866,0.30221668,1,1,1,1
2894438950,0.72762746,-0.062118795,2.7576246,0.09562454,-0.17331824,0.009334186,0.009334186,0.08842374,0.08842374,0.7489893,0.25820094,-0.0020141602,0.98864335,0.0,0.0,0.1502809,0.29197854,0.30170476,1,1,1,1
2894499755,0.73299813,-0.073848866,2.7701168,0.0875886,-0.16711481,0.009146072,0.009146072,0.0877883,0.0877883,0.7504665,0.25474036,0.008962154,0.98870534,0.0,0.0,0.14987247,0.2851808,0.30087855,1,1,1,1
2894579870,0.7378175,-0.091172755,2.7567992,0.07644558,-0.16189335,0.00958073,0.00958073,0.089574136,0.089574136,0.7492527,0.24821359,-0.005004406,0.9886638,0.0,0.0,0.15014623,0.31195483,0.30143237,1,1,1,1
2894638858,0.7426962,-0.10268623,2.7704818,0.0861831,-0.16703814,0.009328986,0.009328986,0.0884096,0.0884096,0.7492253,0.24419796,0.009298325,0.9886553,0.0,0.0,0.15020192,0.30368516,0.301545,1,1,1,1
2894699102,0.7494929,-0.11216184,2.7710779,0.08602612,-0.1530572,0.009143111,0.009143111,0.08777427,0.08777427,0.7511695,0.24191377,0.011111021,0.988625,0.0,0.0,0.15040152,0.30962113,0.3019488,1,1,1,1
2894758857,0.75782335,-0.11955799,2.7636738,0.092491224,-0.17350893,0.009022128,0.009022128,0.08767991,0.08767991,0.75375056,0.24245118,0.0058226585,0.98859644,0.0,0.0,0.15058894,0.3095325,0.30232796,1,1,1,1
2894839854,0.7661857,-0.12978393,2.7543778,0.10374173,-0.15497607,0.009465756,0.009465756,0.0893697,0.0893697,0.7557415,0.24027294,-0.0009844303,0.9886061,0.0,0.0,0.15052566,0.29976735,0.30219993,1,1,1,1
2894899831,0.7732038,-0.13700682,2.7601328,0.107510686,-0.14295603,0.009227764,0.009227764,0.08817923,0.08817923,0.75729203,0.24007148,0.0064466,0.98861593,0.0,0.0,0.15046093,0.29958108,0.30206898,1,1,1,1
2894979851,0.7799321,-0.14539042,2.755432,0.102048494,-0.1262926,0.009632253,0.009632253,0.08958017,0.08958017,0.7561162,0.24084708,0.0024018288,0.9886332,0.0,0.0,0.15034746,0.29747832,0.30183944,1,1,1,1
2895039268,0.78210735,-0.15056062,2.7631924,0.06993719,-0.13647844,0.009354153,0.009354153,0.088268206,0.088268206,0.75202703,0.24198613,0.009498119,0.98861384,0.0,0.0,0.1504749,0.3069961,0.30209726,1,1,1,1
2895099170,0.78208554,-0.15068564,2.7692082,0.05852655,-0.09383526,0.009159106,0.009159106,0.08761865,0.08761865,0.7463186,0.2477392,0.014405966,0.988637,0.0,0.0,0.15032268,0.2959377,0.30178928,1,1,1,1
2895178693,0.78325176,-0.15461496,2.7498097,0.031200152,-0.07790389,0.009576907,0.009576907,0.08937434,0.08937434,0.7408013,0.2511105,-0.007261753,0.9885532,0.0,0.0,0.15087251,0.32403678,0.30290166,1,1,1,1
2895238744,0.789363,-0.1593851,2.7704787,0.041797373,-0.068480216,0.009330678,0.009330678,0.0883262,0.0883262,0.741548,0.25129437,0.0124361515,0.9885375,0.0,0.0,0.15097573,0.30707848,0.30311048,1,1,1,1
2895299868,0.7969277,-0.16393296,2.775037,0.045306947,-0.07295093,0.009139607,0.009139607,0.08765051,0.08765051,0.7447711,0.25032073,0.016966343,0.9884588,0.0,0.0,0.15148978,0.32391173,0.30415055,1,1,1,1
2895379220,0.8016668,-0.1684418,2.77542,0.040204138,-0.057812028,0.009600585,0.009600585,0.08956984,0.08956984,0.7456249,0.24956456,0.016873837,0.98842007,0.0,0.0,0.15174235,0.31437153,0.3046616,1,1,1,1
2895439863,0.80250865,-0.1700775,2.7777,0.026544096,-0.050533433,0.009354297,0.009354297,0.08844047,0.08844047,0.7440594,0.2510031,0.018235683,0.9883323,0.0,0.0,0.15231338,0.32777148,0.3058171,1,1,1,1
2895499810,0.8032453,-0.16895209,2.7809787,-0.00329904,-0.03882291,0.009182452,0.009182452,0.087899394,0.087899394,0.7429936,0.25494194,0.021005154,0.9882831,0.0,0.0,0.15263192,0.31870946,0.30646172,1,1,1,1
2895560089,0.8058772,-0.16769801,2.7815247,0.007469835,-0.025156949,0.00904965,0.00904965,0.08755997,0.08755997,0.7442901,0.25868046,0.021823645,0.9882724,0.0,0.0,0.15270108,0.30926064,0.30660167,1,1,1,1
2895639049,0.8107208,-0.16695595,2.7927864,0.0034667982,-0.012718874,0.009573336,0.009573336,0.08976701,0.08976701,0.748686,0.26155302,0.034920454,0.98818946,0.0,0.0,0.153237,0.3282939,0.30768627,1,1,1,1
2895698860,0.814772,-0.16412088,2.7982292,0.0066978736,0.0029695292,0.009374506,0.009374506,0.08873044,0.08873044,0.75373936,0.2651591,0.041763306,0.9882015,0.0,0.0,0.15315926,0.30453998,0.30752894,1,1,1,1
2895779854,0.81916666,-0.16265246,2.805432,-0.0013946984,0.020471614,0.009849782,0.009849782,0.09046486,0.09046486,0.76041806,0.2671797,0.052232504,0.9881262,0.0,0.0,0.15364428,0.32716227,0.3085106,1,1,1,1
2895840062,0.82056415,-0.16096558,2.8003373,-0.01945089,0.007877105,0.009566279,0.009566279,0.08902598,0.08902598,0.7639576,0.2683965,0.048810005,0.9881374,0.0,0.0,0.15357217,0.30559143,0.30836463,1,1,1,1
2895898864,0.8183836,-0.15863593,2.7975955,-0.03861291,0.054555126,0.009349993,0.009349993,0.08821613,0.08821613,0.7644128,0.26954228,0.047171116,0.9881261,0.0,0.0,0.15364528,0.31132406,0.3085126,1,1,1,1
2895979890,0.8132676,-0.15672864,2.7825656,-0.0443677,0.051326152,0.009786872,0.009786872,0.09011841,0.09011841,0.7634123,0.2685684,0.033637762,0.9880943,0.0,0.0,0.1538495,0.31678006,0.30892596,1,1,1,1
2896039864,0.8093816,-0.15706894,2.793218,-0.045231584,0.05320589,0.009475725,0.009475725,0.088590875,0.088590875,0.7631357,0.26493052,0.04575157,0.9880719,0.0,0.0,0.15399323,0.31474534,0.30921692,1,1,1,1
2896099113,0.80353343,-0.15704691,2.7839081,-0.0509871,0.058836166,0.009261626,0.009261626,0.087945804,0.087945804,0.76206553,0.2610319,0.037576914,0.9881071,0.0,0.0,0.1537672,0.30006662,0.3087594,1,1,1,1
2896179078,0.79653317,-0.15466794,2.7913568,-0.07673592,0.067510866,0.009716023,0.009716023,0.08989817,0.08989817,0.76084346,0.25836116,0.045151234,0.9881621,0.0,0.0,0.15341336,0.29443613,0.3080432,1,1,1,1
2896238916,0.79223925,-0.15065257,2.785834,-0.049609467,0.071810715,0.00944484,0.00944484,0.08871054,0.08871054,0.7616027,0.25716507,0.038706064,0.9881339,0.0,0.0,0.15359491,0.31539258,0.30841067,1,1,1,1
2896319323,0.789035,-0.14788686,2.7996583,-0.04372159,0.07090823,0.009862327,0.009862327,0.0902865,0.0902865,0.76549864,0.25128204,0.05095744,0.9881124,0.0,0.0,0.15373321,0.31400868,0.30869058,1,1,1,1
2896379384,0.78286445,-0.14783342,2.790274,-0.06516612,0.04586565,0.009551846,0.009551846,0.08890533,0.08890533,0.76331687,0.24624936,0.041384697,0.9881204,0.0,0.0,0.15368196,0.30661628,0.30858687,1,1,1,1
2896439869,0.77323127,-0.14430818,2.7914052,-0.073260404,0.07587468,0.00932207,0.00932207,0.08813858,0.08813858,0.7578109,0.24389154,0.04224229,0.9881687,0.0,0.0,0.1533709,0.29599482,0.30795726,1,1,1,1
2896502453,0.76213604,-0.13757633,2.7878034,-0.07117626,0.06486542,0.009155333,0.009155333,0.08778494,0.08778494,0.7501475,0.24484082,0.038413048,0.988158,0.0,0.0,0.15343983,0.31074828,0.3080968,1,1,1,1
2896579863,0.7500922,-0.13091204,2.7884712,-0.07750485,0.06003455,0.009626417,0.009626417,0.08979438,0.08979438,0.7424729,0.2445808,0.03829384,0.98815507,0.0,0.0,0.15345874,0.3088619,0.30813506,1,1,1,1
2896639025,0.7398897,-0.12554729,2.7937553,-0.08880742,0.047578998,0.009396094,0.009396094,0.08873586,0.08873586,0.7359079,0.24506411,0.041969538,0.9881719,0.0,0.0,0.15335041,0.30374998,0.3079158,1,1,1,1
2896720132,0.7268873,-0.11799453,2.7894015,-0.09485109,0.050710883,0.009821185,0.009821185,0.090309784,0.090309784,0.72773254,0.24700473,0.03455925,0.98819655,0.0,0.0,0.15319146,0.30148146,0.3075941,1,1,1,1
2896759291,0.7197095,-0.11485823,2.7901764,-0.11102288,0.061110683,0.008928415,0.008928415,0.08654731,0.08654731,0.7237359,0.24713388,0.033447266,0.988161,0.0,0.0,0.1534202,0.31685314,0.30805704,1,1,1,1
2896839095,0.7099961,-0.108461834,2.786814,-0.100459404,0.0636008,0.009435192,0.009435192,0.08898312,0.08898312,0.71903276,0.24949306,0.027362347,0.9882046,0.0,0.0,0.15313955,0.2966972,0.30748904,1,1,1,1
2896899168,0.7043927,-0.10538,2.8037622,-0.094281636,0.058304075,0.00927394,0.00927394,0.08833332,0.08833332,0.718937,0.24912637,0.04203868,0.9882895,0.0,0.0,0.15259065,0.28527212,0.3063782,1,1,1,1
2896982074,0.6985483,-0.1016049,2.799495,-0.07513517,0.059864268,0.009776217,0.009776217,0.090399824,0.090399824,0.719133,0.24875054,0.03626609,0.988273,0.0,0.0,0.15269701,0.31068265,0.30659342,1,1,1,1
2897038861,0.6951839,-0.09976906,2.807247,-0.07175123,0.042137,0.009506844,0.009506844,0.08893649,0.08893649,0.72055596,0.24742353,0.042699814,0.98836994,0.0,0.0,0.15206872,0.281165,0.305322,1,1,1,1
2897098789,0.68826425,-0.09746479,2.8059237,-0.07127098,0.04970803,0.009317926,0.009317926,0.08820912,0.08820912,0.71860784,0.24673721,0.03935623,0.98834866,0.0,0.0,0.15220681,0.3109105,0.30560142,1,1,1,1
2897158866,0.68110716,-0.09725875,2.803926,-0.08246951,0.0419899,0.009181539,0.009181539,0.08786754,0.08786754,0.7158477,0.24428508,0.035868168,0.98837185,0.0,0.0,0.15205619,0.29950553,0.30529663,1,1,1,1
2897239037,0.6757386,-0.09408525,2.8049617,-0.06800499,0.030567607,0.009689045,0.009689045,0.08998252,0.08998252,0.71716803,0.24362147,0.03580594,0.9884027,0.0,0.0,0.15185535,0.29716885,0.30489025,1,1,1,1
2897298861,0.67083967,-0.0927308,2.8142862,-0.063189454,0.04887572,0.009475068,0.009475068,0.08892267,0.08892267,0.7170777,0.24234816,0.044610262,0.9884222,0.0,0.0,0.15172862,0.29976124,0.3046338,1,1,1,1
2897379857,0.662542,-0.09404493,2.8188903,-0.077436514,0.015087645,0.009931254,0.009931254,0.09056328,0.09056328,0.7155447,0.23810598,0.04681444,0.9884112,0.0,0.0,0.1518004,0.30753884,0.30477905,1,1,1,1
2897441323,0.6563204,-0.0940429,2.8203652,-0.068736486,0.042492513,0.009653753,0.009653753,0.089229554,0.089229554,0.7146168,0.23613176,0.04591489,0.9883972,0.0,0.0,0.15189143,0.30846286,0.30496323,1,1,1,1
2897499774,0.650952,-0.09442198,2.818782,-0.056346066,0.018834526,0.009444664,0.009444664,0.08849862,0.08849862,0.7144806,0.23412773,0.042762995,0.9883536,0.0,0.0,0.15217483,0.31643322,0.30553672,1,1,1,1
2897579929,0.64198744,-0.09838178,2.8140981,-0.06691649,0.017089402,0.009886755,0.009886755,0.09029794,0.09029794,0.71262604,0.22873324,0.038359165,0.9883527,0.0,0.0,0.1521806,0.30577034,0.3055484,1,1,1,1
2897639866,0.6355992,-0.098532766,2.8193033,-0.07620477,-0.017502738,0.009610411,0.009610411,0.089112744,0.089112744,0.7125578,0.22767198,0.044573545,0.9883065,0.0,0.0,0.1524803,0.31767777,0.30615488,1,1,1,1
2897699863,0.6317529,-0.09560485,2.8208585,-0.066205814,-0.0040012216,0.009411656,0.009411656,0.08854037,0.08854037,0.7139637,0.23012637,0.047196627,0.9882751,0.0,0.0,0.15268372,0.31438836,0.30656654,1,1,1,1
2897779998,0.6291917,-0.09397525,2.8068967,-0.052634057,-0.0054895296,0.009811103,0.009811103,0.090070136,0.090070136,0.7173462,0.23162225,0.033908606,0.98823005,0.0,0.0,0.1529751,0.31835973,0.3071562,1,1,1,1
2897839891,0.62654114,-0.09558409,2.8109193,-0.0825954,-0.023788244,0.009596105,0.009596105,0.089474455,0.089474455,0.7209987,0.2303941,0.038221836,0.98827404,0.0,0.0,0.1526906,0.29564148,0.30658045,1,1,1,1
2897919981,0.6243474,-0.10148529,2.8266132,-0.066255376,-0.046511024,0.010002951,0.010002951,0.090899654,0.090899654,0.7258476,0.22535184,0.053119898,0.9882664,0.0,0.0,0.1527399,0.3085758,0.30668023,1,1,1,1
2897959508,0.6227736,-0.10632675,2.8140194,-0.06402397,-0.038669806,0.009079992,0.009079992,0.087078944,0.087078944,0.72757494,0.22115129,0.039981842,0.9882747,0.0,0.0,0.15268643,0.30451605,0.30657202,1,1,1,1
2898040300,0.61800945,-0.11078672,2.8115673,-0.057790603,-0.05499577,0.009583021,0.009583021,0.08950825,0.08950825,0.7286486,0.21816723,0.03724599,0.9882894,0.0,0.0,0.15259089,0.30270472,0.30637866,1,1,1,1
2898100155,0.61105907,-0.1123207,2.8110912,-0.054845884,-0.05042757,0.009388685,0.009388685,0.088754505,0.088754505,0.7263299,0.21815991,0.036718845,0.98833543,0.0,0.0,0.15229273,0.29431143,0.30577528,1,1,1,1
2898160059,0.60379106,-0.116711915,2.8124738,-0.077428475,-0.07593295,0.009247512,0.009247512,0.08835107,0.08835107,0.7233977,0.2158278,0.038675547,0.9883226,0.0,0.0,0.15237589,0.30914143,0.30594358,1,1,1,1
2898247234,0.59719217,-0.12141712,2.8000593,-0.06405316,-0.07665909,0.009731741,0.009731741,0.09030214,0.09030214,0.7224759,0.21515496,0.029407024,0.9882389,0.0,0.0,0.15291801,0.32788616,0.3070407,1,1,1,1
2898298663,0.5940124,-0.12177006,2.8065145,-0.05886073,-0.06167729,0.009493685,0.009493685,0.08912325,0.08912325,0.72330225,0.21856585,0.03927946,0.98828846,0.0,0.0,0.15259732,0.29406083,0.3063917,1,1,1,1
2898379064,0.58595693,-0.11887978,2.8029459,-0.06264967,-0.04206417,0.009905444,0.009905444,0.09050696,0.09050696,0.7203592,0.22692217,0.03926158,0.9882163,0.0,0.0,0.15306397,0.32527944,0.30733606,1,1,1,1
2898438859,0.5746978,-0.11151085,2.804855,-0.07600948,-0.036970504,0.009607949,0.009607949,0.08910624,0.08910624,0.7133645,0.2387051,0.041404486,0.98792773,0.0,0.0,0.1549155,0.38229153,0.31108382,1,1,1,1
2898500575,0.566624,-0.10372255,2.7969913,-0.082032174,-0.03497329,0.0093782535,0.0093782535,0.0883274,0.0883274,0.7104206,0.2511737,0.03096652,0.98774946,0.0,0.0,0.15604797,0.35694095,0.31337667,1,1,1,1
2898579009,0.55764824,-0.09235099,2.8084455,-0.12072445,-0.025137408,0.0098284,0.0098284,0.09022576,0.09022576,0.7077617,0.26685056,0.037381172,0.98746294,0.0,0.0,0.15785104,0.3864046,0.31702805,1,1,1,1
2898639887,0.5524424,-0.07569634,2.8191986,-0.13785319,0.029840995,0.009573129,0.009573129,0.08908406,0.08908406,0.7107338,0.2865336,0.0426054,0.98716736,0.0,0.0,0.15968896,0.3914899,0.32075113,1,1,1,1
2898698592,0.5457151,-0.051457614,2.8228228,-0.16601317,0.09815447,0.009387651,0.009387651,0.088468,0.088468,0.7121876,0.31252936,0.041948795,0.98684925,0.0,0.0,0.16164337,0.39995626,0.32471138,1,1,1,1
2898779775,0.53335327,-0.013495636,2.8284144,-0.18285805,0.16298644,0.0099778315,0.0099778315,0.09159604,0.09159604,0.7158567,0.35142913,0.04255104,0.98634195,0.0,0.0,0.16471052,0.44906446,0.33092904,1,1,1,1
2898838893,0.5255917,0.01733799,2.82344,-0.18942782,0.21429856,0.009593051,0.009593051,0.0893121,0.0893121,0.7199218,0.38063383,0.036470413,0.9860079,0.0,0.0,0.16669846,0.41156122,0.33496064,1,1,1,1
2898900352,0.5163576,0.041064583,2.828968,-0.20319271,0.25866118,0.009414189,0.009414189,0.08873177,0.08873177,0.7249823,0.40077493,0.041913748,0.98561805,0.0,0.0,0.16898832,0.42787284,0.33960626,1,1,1,1
2898979983,0.50060457,0.067404844,2.8278944,-0.2452476,0.3217945,0.009885747,0.009885747,0.09059786,0.09059786,0.7304404,0.41885477,0.042393684,0.9853674,0.0,0.0,0.1704437,0.39867845,0.34255987,1,1,1,1
2899040086,0.48222828,0.086272806,2.8168962,-0.25562528,0.32250398,0.009611835,0.009611835,0.0893184,0.0893184,0.7300087,0.42807418,0.033765078,0.98516583,0.0,0.0,0.17160486,0.38970044,0.3449169,1,1,1,1
2899100068,0.45370457,0.102146246,2.8154545,-0.31209928,0.34586486,0.009424209,0.009424209,0.08879089,0.08879089,0.7226218,0.4308578,0.035208464,0.9849538,0.0,0.0,0.17281768,0.39416614,0.34737936,1,1,1,1
2899180029,0.414614,0.116137445,2.8077176,-0.3612449,0.32647735,0.009842186,0.009842186,0.09034873,0.09034873,0.7085376,0.4281802,0.029965878,0.9845803,0.0,0.0,0.17493318,0.43330863,0.3516758,1,1,1,1
2899241553,0.38628834,0.12690713,2.802376,-0.40222284,0.31428877,0.009558523,0.009558523,0.089094326,0.089094326,0.70483136,0.42208427,0.026795149,0.9845276,0.0,0.0,0.17522958,0.36371788,0.3522779,1,1,1,1
2899299874,0.36102566,0.14324859,2.8040297,-0.41470408,0.28761297,0.009351667,0.009351667,0.08842727,0.08842727,0.70448005,0.42184752,0.030421972,0.98434633,0.0,0.0,0.1762449,0.3935326,0.35434064,1,1,1,1
2899378713,0.3282609,0.17121337,2.807483,-0.41232157,0.2878281,0.009812277,0.009812277,0.09034431,0.09034431,0.70098495,0.43224502,0.03621006,0.98428386,0.0,0.0,0.17659365,0.36851266,0.35504925,1,1,1,1
2899438864,0.302011,0.1903972,2.8025458,-0.43920463,0.28404358,0.009538583,0.009538583,0.089103654,0.089103654,0.7013908,0.43679756,0.032451868,0.9842778,0.0,0.0,0.17662735,0.35641882,0.35511774,1,1,1,1
2899498851,0.26704207,0.20429757,2.7955506,-0.42455643,0.2502247,0.009326237,0.009326237,0.08839909,0.08839909,0.6899985,0.4390926,0.026084423,0.98426086,0.0,0.0,0.17672159,0.3589477,0.35530922,1,1,1,1
2899579460,0.22199601,0.22352363,2.7925467,-0.44597188,0.2289454,0.009768179,0.009768179,0.090214685,0.090214685,0.67625916,0.44467926,0.024668932,0.9841459,0.0,0.0,0.17736097,0.3812949,0.3566085,1,1,1,1
2899641120,0.18012163,0.24070874,2.790807,-0.4609607,0.21457773,0.0095032705,0.0095032705,0.08910412,0.08910412,0.6585547,0.45371464,0.025223017,0.984222,0.0,0.0,0.17693792,0.33941478,0.35574883,1,1,1,1
2899699495,0.13682139,0.25894347,2.7924232,-0.46050864,0.22310688,0.009277858,0.009277858,0.088201255,0.088201255,0.6366794,0.46593195,0.029106855,0.9841712,0.0,0.0,0.17722012,0.36721817,0.3563223,1,1,1,1
2899779686,0.08486237,0.27810845,2.7927558,-0.45425898,0.19425158,0.009860944,0.009860944,0.09154414,0.09154414,0.6123737,0.47826234,0.031586885,0.9841017,0.0,0.0,0.17760576,0.37199676,0.357106,1,1,1,1
2899839243,0.04763956,0.28430548,2.7887292,-0.4377614,0.16368695,0.009429151,0.009429151,0.08886675,0.08886675,0.5921261,0.48122525,0.028418303,0.98396873,0.0,0.0,0.17834114,0.38699833,0.35860062,1,1,1,1
2899899222,0.009171841,0.28509328,2.782949,-0.43805692,0.12916534,0.009229838,0.009229838,0.088224545,0.088224545,0.5719748,0.4792444,0.022523165,0.98398894,0.0,0.0,0.17822962,0.35406736,0.35837394,1,1,1,1
2899980486,-0.034913193,0.28327262,2.7832305,-0.41938797,0.069412746,0.009690998,0.009690998,0.09017085,0.09017085,0.55125284,0.47662675,0.020600557,0.9838484,0.0,0.0,0.17900367,0.38984203,0.35994735,1,1,1,1
2900039857,-0.06618008,0.27907863,2.7809117,-0.4097379,0.034552697,0.009415712,0.009415712,0.088852555,0.088852555,0.5373343,0.47462034,0.015789986,0.98361075,0.0,0.0,0.18030517,0.412868,0.36259338,1,1,1,1
2900102990,-0.09930474,0.27863732,2.7901082,-0.3977176,0.017624775,0.009227276,0.009227276,0.088167526,0.088167526,0.5180436,0.47676283,0.023022652,0.98350155,0.0,0.0,0.18089972,0.38677305,0.36380237,1,1,1,1
2900179349,-0.13570447,0.2750362,2.7896943,-0.37381902,-0.022280045,0.009696383,0.009696383,0.090077974,0.090077974,0.50081736,0.48009545,0.019019365,0.9833859,0.0,0.0,0.18152711,0.38932064,0.36507827,1,1,1,1
2900240317,-0.16253491,0.26591164,2.7967396,-0.3630549,-0.042573683,0.009450989,0.009450989,0.08889202,0.08889202,0.48357284,0.47670197,0.023947,0.98331004,0.0,0.0,0.18193762,0.38177735,0.3659132,1,1,1,1
2900299062,-0.18735589,0.25175402,2.8009675,-0.33928996,-0.081548795,0.009279576,0.009279576,0.0883978,0.0883978,0.46900815,0.47052085,0.025861025,0.98331016,0.0,0.0,0.18193698,0.36588714,0.3659119,1,1,1,1
2900379898,-0.21775196,0.23352297,2.8076286,-0.3244622,-0.1139248,0.009766146,0.009766146,0.09031433,0.09031433,0.45107257,0.46518236,0.030130625,0.98323375,0.0,0.0,0.1823498,0.38270536,0.36675158,1,1,1,1
2900438871,-0.23952262,0.21657331,2.8329303,-0.29828247,-0.13526486,0.009560587,0.009560587,0.08927547,0.08927547,0.43720704,0.45911372,0.055101395,0.98317474,0.0,0.0,0.18266761,0.3796819,0.36739808,1,1,1,1
2900501643,-0.25886983,0.19745286,2.8459244,-0.2790872,-0.16431867,0.009396672,0.009396672,0.08849257,0.08849257,0.42443365,0.45198494,0.06945038,0.98319584,0.0,0.0,0.18255396,0.36277407,0.36716688,1,1,1,1
2900579856,-0.28226727,0.17277564,2.84198,-0.2721065,-0.19064173,0.009950865,0.009950865,0.091047294,0.091047294,0.40996248,0.44707352,0.07325101,0.98306805,0.0,0.0,0.18324098,0.39511898,0.3685645,1,1,1,1
2900642088,-0.29675314,0.15122272,2.8366103,-0.25091136,-0.19370645,0.009601088,0.009601088,0.08896041,0.08896041,0.40008053,0.43716002,0.076333284,0.9829895,0.0,0.0,0.18366179,0.3856878,0.36942065,1,1,1,1
2900698764,-0.30658692,0.12715045,2.8275406,-0.2240098,-0.22470114,0.009416188,0.009416188,0.08835453,0.08835453,0.39452928,0.42819676,0.0830214,0.98299915,0.0,0.0,0.18361025,0.36732313,0.36931577,1,1,1,1
2900779859,-0.31541148,0.09721848,2.7953007,-0.20975688,-0.23358966,0.009829096,0.009829096,0.090026975,0.090026975,0.39157978,0.41678908,0.07991767,0.98288614,0.0,0.0,0.1842142,0.39389348,0.37054464,1,1,1,1
2900839882,-0.3196335,0.06648327,2.771558,-0.1667325,-0.25812438,0.009498875,0.009498875,0.088779986,0.088779986,0.39194867,0.40308118,0.08945227,0.982818,0.0,0.0,0.18457724,0.38531977,0.37128338,1,1,1,1
2900898884,-0.32118356,0.03739641,2.7341137,-0.14513236,-0.26092982,0.00918148,0.00918148,0.0876707,0.0876707,0.3935637,0.3882199,0.08661103,0.98282754,0.0,0.0,0.18452656,0.3692213,0.37118027,1,1,1,1
2900981408,-0.31373465,0.004998941,2.6767187,-0.08839945,-0.2762071,0.009466159,0.009466159,0.089105025,0.089105025,0.40299755,0.37688622,0.088422775,0.9827152,0.0,0.0,0.1851238,0.39548844,0.37239566,1,1,1,1
2901039864,-0.3059359,-0.020209726,2.6295557,-0.026597004,-0.26086417,0.008984482,0.008984482,0.08706396,0.08706396,0.40920493,0.36646542,0.08816838,0.9826303,0.0,0.0,0.18557382,0.3907138,0.37331158,1,1,1,1
2901099869,-0.30069238,-0.04504196,2.596071,-0.01444114,-0.28853488,0.008588737,0.008588737,0.08569733,0.08569733,0.4109341,0.35542807,0.09952116,0.98258764,0.0,0.0,0.18579978,0.38250962,0.3737715,1,1,1,1
2901159206,-0.29991373,-0.06970067,2.5444865,0.02261726,-0.25529647,0.008255105,0.008255105,0.0848691,0.0848691,0.4057465,0.3448637,0.10051298,0.98253274,0.0,0.0,0.18608996,0.3855852,0.37436217,1,1,1,1
2901238921,-0.30095854,-0.100025654,2.4918692,0.040190738,-0.21993688,0.008469535,0.008469535,0.08651279,0.08651279,0.39343694,0.33322826,0.11265373,0.98248154,0.0,0.0,0.18635987,0.38535073,0.3749116,1,1,1,1
2901298856,-0.29778898,-0.12136348,2.442246,0.094873466,-0.23225643,0.008021283,0.008021283,0.08462251,0.08462251,0.3863356,0.3249147,0.11450744,0.98262376,0.0,0.0,0.1856087,0.3443308,0.37338257,1,1,1,1
2901380862,-0.28662366,-0.1480563,2.383576,0.10319267,-0.22887054,0.008119784,0.008119784,0.08517388,0.08517388,0.38081753,0.3139457,0.118424654,0.9826483,0.0,0.0,0.1854784,0.3680788,0.3731174,1,1,1,1
2901439252,-0.27364907,-0.17102133,2.3273907,0.14647457,-0.19975406,0.007596971,0.007596971,0.082911186,0.082911186,0.37679276,0.30402774,0.1088624,0.9827206,0.0,0.0,0.18509498,0.35751027,0.372337,1,1,1,1
2901518897,-0.25468603,-0.20072766,2.277183,0.17524435,-0.21061578,0.0076358127,0.0076358127,0.08332203,0.08332203,0.3749148,0.287772,0.10738635,0.9826814,0.0,0.0,0.18530332,0.3808179,0.37276104,1,1,1,1
2901579855,-0.23059787,-0.2247989,2.238215,0.20665586,-0.24047738,0.007202958,0.007202958,0.08218606,0.08218606,0.37830538,0.2757405,0.10859156,0.98274314,0.0,0.0,0.18497546,0.35941562,0.37209377,1,1,1,1
2901641787,-0.20645963,-0.24280284,2.2047467,0.2270364,-0.1907278,0.0067292466,0.0067292466,0.07987815,0.07987815,0.38573658,0.2654047,0.10535455,0.98288536,0.0,0.0,0.18421833,0.34127927,0.37055305,1,1,1,1
2901699388,-0.18412648,-0.25606453,2.1640666,0.2567998,-0.18692723,0.0064235986,0.0064235986,0.07901193,0.07901193,0.3864473,0.26074427,0.103916645,0.98297346,0.0,0.0,0.18374766,0.35139945,0.36959535,1,1,1,1
2901779213,-0.1561101,-0.26997527,2.1176875,0.2687424,-0.17754269,0.0065906276,0.0065906276,0.08024736,0.08024736,0.38823837,0.2562478,0.10258794,0.9830314,0.0,0.0,0.1834374,0.35697082,0.3689641,1,1,1,1
2901840193,-0.12909532,-0.27945933,2.0876822,0.2980293,-0.16523308,0.006237376,0.006237376,0.07845433,0.07845433,0.39067918,0.2546275,0.10865855,0.9831375,0.0,0.0,0.18286793,0.3457937,0.36780557,1,1,1,1
2901898653,-0.102027506,-0.28817347,2.027525,0.32309186,-0.14569393,0.0059093437,0.0059093437,0.07704703,0.07704703,0.393184,0.25321558,0.08314991,0.98322606,0.0,0.0,0.18239117,0.34840918,0.36683574,1,1,1,1
2901979305,-0.07049819,-0.3037295,1.9619503,0.3291275,-0.1719893,0.00597229,0.00597229,0.077298924,0.077298924,0.39015067,0.24729916,0.066229105,0.9832579,0.0,0.0,0.18221954,0.35985306,0.3664866,1,1,1,1
2902038885,-0.043821942,-0.31227913,1.9252658,0.32928276,-0.10880593,0.005580453,0.005580453,0.07518004,0.07518004,0.3869312,0.24718836,0.06523347,0.98318815,0.0,0.0,0.18259525,0.38177198,0.36725086,1,1,1,1
2902098855,-0.01799192,-0.3161097,1.8996303,0.3334407,-0.09973158,0.0052900114,0.0052900114,0.07390912,0.07390912,0.38601175,0.24982181,0.0733453,0.98317266,0.0,0.0,0.18267861,0.37064245,0.36742043,1,1,1,1
2902178941,0.013257587,-0.31917992,1.853246,0.3303585,-0.1028346,0.005398533,0.005398533,0.07464474,0.07464474,0.38292783,0.25425443,0.068323135,0.983157,0.0,0.0,0.18276326,0.37086445,0.36759263,1,1,1,1
2902238637,0.04262703,-0.3244095,1.8298408,0.33460024,-0.081992336,0.0050763255,0.0050763255,0.07277588,0.07277588,0.38469514,0.25339255,0.07852888,0.9830696,0.0,0.0,0.18323262,0.38668993,0.3685475,1,1,1,1
2902318851,0.08286663,-0.3282741,1.7837063,0.36491892,-0.08799897,0.005146477,0.005146477,0.073159516,0.073159516,0.38887617,0.25287226,0.079968095,0.98303735,0.0,0.0,0.18340544,0.375579,0.36889908,1,1,1,1
2902379967,0.11616694,-0.33246195,1.7579867,0.36571816,-0.03824481,0.004804003,0.004804003,0.07118716,0.07118716,0.3977182,0.25053394,0.086024165,0.98304045,0.0,0.0,0.18338878,0.36822173,0.3688652,1,1,1,1
2902442726,0.1482159,-0.3355066,1.6896353,0.3897878,-0.049712002,0.004482283,0.004482283,0.06954883,0.06954883,0.40535355,0.24785826,0.048603177,0.98316544,0.0,0.0,0.18271741,0.34154934,0.36749938,1,1,1,1
2902519488,0.17945011,-0.33182743,1.6580898,0.32873598,0.013197695,0.0045449533,0.0045449533,0.07011526,0.07011526,0.40286088,0.24809095,0.06171143,0.9833662,0.0,0.0,0.18163419,0.32343343,0.36529607,1,1,1,1
2902579005,0.19795915,-0.3290815,1.6337304,0.31627163,0.0051202425,0.004249076,0.004249076,0.068367384,0.068367384,0.3974902,0.24682191,0.07019901,0.9835997,0.0,0.0,0.18036504,0.31367737,0.36271513,1,1,1,1
2902638853,0.21822843,-0.32532284,1.5941372,0.30039296,0.043338094,0.0040029553,0.0040029553,0.06709837,0.06709837,0.3944478,0.24409702,0.059791088,0.9838746,0.0,0.0,0.17885964,0.3015036,0.35965455,1,1,1,1
2902720861,0.24098437,-0.31557244,1.5632073,0.25899884,0.10318621,0.0041033113,0.0041033113,0.068063356,0.068063356,0.3869248,0.24209905,0.06922054,0.98429334,0.0,0.0,0.17654058,0.2653925,0.35494143,1,1,1,1
2902782511,0.25951058,-0.2984184,1.5371566,0.2794879,0.099558346,0.0038494964,0.0038494964,0.066376,0.066376,0.38421065,0.24951547,0.07443237,0.9847387,0.0,0.0,0.17403914,0.2533102,0.34985986,1,1,1,1
2902840119,0.27029935,-0.27787507,1.5163846,0.2232139,0.17802921,0.0036486997,0.0036486997,0.06511835,0.06511835,0.37152544,0.2552696,0.08872044,0.98511547,0.0,0.0,0.17189378,0.26273218,0.34550348,1,1,1,1
2902919220,0.28223616,-0.24512517,1.4527657,0.23297374,0.23735698,0.0037079058,0.0037079058,0.0659555,0.0659555,0.35787335,0.26964885,0.067123175,0.98554176,0.0,0.0,0.16943276,0.24559711,0.34050816,1,1,1,1
2902978954,0.29092664,-0.21434483,1.4334713,0.1830136,0.2864068,0.0034537523,0.0034537523,0.06400082,0.06400082,0.35075516,0.2874107,0.07809734,0.9858955,0.0,0.0,0.16736193,0.2564744,0.33630648,1,1,1,1
2903039336,0.30013523,-0.18045107,1.4028286,0.1647962,0.3361879,0.0032560641,0.0032560641,0.062756404,0.062756404,0.34003216,0.30090597,0.085671306,0.9862769,0.0,0.0,0.16509952,0.24453355,0.33171782,1,1,1,1
2903119878,0.30884725,-0.14227992,1.3562135,0.1339183,0.3555869,0.0033150588,0.0033150588,0.063160956,0.063160956,0.32790038,0.31369123,0.08235192,0.9865668,0.0,0.0,0.16335833,0.2611118,0.32818753,1,1,1,1
2903178641,0.3149706,-0.105563946,1.2992889,0.10955187,0.38116747,0.003020206,0.003020206,0.060772672,0.060772672,0.31977883,0.33029035,0.059505105,0.9868767,0.0,0.0,0.16147546,0.25185937,0.3243711,1,1,1,1
2903241060,0.31904268,-0.063092545,1.2683398,0.086900875,0.4158901,0.002820102,0.002820102,0.059834354,0.059834354,0.30712184,0.34469068,0.07023406,0.9871638,0.0,0.0,0.15971129,0.25287598,0.32079634,1,1,1,1
2903298588,0.3193711,-0.018477768,1.2273647,0.049008813,0.4472649,0.0026184742,0.0026184742,0.05830074,0.05830074,0.29671836,0.3678401,0.062460303,0.98735106,0.0,0.0,0.15854938,0.2737204,0.31844255,1,1,1,1
2903379862,0.3215309,0.031853747,1.1915467,0.03695903,0.47107917,0.002677686,0.002677686,0.05888039,0.05888039,0.28692836,0.38798392,0.0748266,0.9875143,0.0,0.0,0.15752932,0.27712137,0.31637648,1,1,1,1
2903442245,0.32604533,0.068538465,1.1766922,0.016281378,0.46787238,0.0024883116,0.0024883116,0.057121377,0.057121377,0.28569883,0.40411422,0.08991039,0.98763794,0.0,0.0,0.15675238,0.28490746,0.31480303,1,1,1,1
2903518851,0.32489574,0.10617743,1.1052563,-0.017450774,0.4520223,0.0024639035,0.0024639035,0.056683294,0.056683294,0.2781612,0.4091004,0.06668794,0.9877318,0.0,0.0,0.15615958,0.29079533,0.31360266,1,1,1,1
2903581170,0.3240993,0.12882306,1.0741788,-0.034225557,0.4035995,0.0022200996,0.0022200996,0.05456111,0.05456111,0.27457288,0.40665752,0.07198703,0.9878258,0.0,0.0,0.15556389,0.28948024,0.31239653,1,1,1,1
2903638937,0.32004496,0.15008146,1.0314668,-0.07491575,0.37564522,0.0020276485,0.0020276485,0.05320643,0.05320643,0.26894978,0.39757562,0.07193482,0.9878787,0.0,0.0,0.15522785,0.2987903,0.3117162,1,1,1,1
2903719858,0.31035918,0.17512536,0.9801121,-0.10054806,0.346198,0.0020109983,0.0020109983,0.05314847,0.05314847,0.26055485,0.38825694,0.07002735,0.9879439,0.0,0.0,0.1548122,0.29488665,0.31087473,1,1,1,1
2903778732,0.3034327,0.19193058,0.9569224,-0.11678126,0.31491053,0.0018210735,0.0018210735,0.051396035,0.051396035,0.25624025,0.38374168,0.080230415,0.98801404,0.0,0.0,0.15436411,0.29273275,0.30996764,1,1,1,1
2903842699,0.2936947,0.20355663,0.8994585,-0.13297665,0.26600155,0.0016390359,0.0016390359,0.049729805,0.049729805,0.25024065,0.3708495,0.057650924,0.9880618,0.0,0.0,0.15405825,0.29758468,0.3093485,1,1,1,1
2903920114,0.28090557,0.21165588,0.85870814,-0.16886328,0.19358227,0.0016243426,0.0016243426,0.049531683,0.049531683,0.24630031,0.34685785,0.069856286,0.9881161,0.0,0.0,0.15370958,0.2952337,0.30864275,1,1,1,1
2903979209,0.2715043,0.21624573,0.83764887,-0.17230624,0.13015062,0.0014626817,0.0014626817,0.047724087,0.047724087,0.2445822,0.3293897,0.082268596,0.98820496,0.0,0.0,0.15313722,0.28547427,0.30748433,1,1,1,1
2904298560,0.2060048,0.25336468,0.7574692,-0.228972,0.05157693,0.0023124667,0.0023124667,0.047564104,0.047564104,0.24165846,0.2848192,0.09668934,0.98830134,0.0,0.0,0.15251398,0.2822588,0.30622303,1,1,1,1
2904379077,0.18132812,0.25098756,0.7148584,-0.24299863,0.012926151,0.0014949797,0.0014949797,0.045890532,0.045890532,0.2360666,0.27329984,0.06384963,0.9883839,0.0,0.0,0.15197796,0.2845293,0.30513835,1,1,1,1
2904438884,0.15969086,0.24810797,0.7063215,-0.2556198,-0.02351021,0.0011667089,0.0011667089,0.046092365,0.046092365,0.22914383,0.26459837,0.06284839,0.98845816,0.0,0.0,0.15149422,0.28556174,0.30415952,1,1,1,1
2904519080,0.1361306,0.24814545,0.7120054,-0.27203155,-0.040345155,0.0011581985,0.0011581985,0.047434933,0.047434933,0.22725186,0.2580343,0.08173168,0.9885508,0.0,0.0,0.15088837,0.27964345,0.30293372,1,1,1,1
2904579844,0.11764445,0.24969156,0.70491517,-0.279744,-0.017350756,0.0010840024,0.0010840024,0.046402145,0.046402145,0.2245779,0.25667349,0.086560845,0.9886306,0.0,0.0,0.15036467,0.28174415,0.30187425,1,1,1,1
2904638969,0.09951246,0.24768788,0.68606114,-0.28410655,-0.026774526,0.0010058198,0.0010058198,0.044079646,0.044079646,0.2218149,0.2521451,0.08015543,0.9887294,0.0,0.0,0.1497137,0.2755377,0.3005574,1,1,1,1
2904718887,0.0756804,0.23971678,0.66442096,-0.28772092,-0.066207804,0.0010480562,0.0010480562,0.0432408,0.0432408,0.22107056,0.2428306,0.07816267,0.98883975,0.0,0.0,0.14898323,0.27100724,0.2990799,1,1,1,1
2904779313,0.05698789,0.23351409,0.637473,-0.29364714,-0.09921202,0.0009381818,0.0009381818,0.040854417,0.040854417,0.22036126,0.23606108,0.06681883,0.9888899,0.0,0.0,0.14864986,0.28559482,0.29840565,1,1,1,1
2904838841,0.03643011,0.22860952,0.6054168,-0.31679836,-0.09378362,0.00084596657,0.00084596657,0.039380204,0.039380204,0.21796627,0.23113921,0.05112028,0.9889921,0.0,0.0,0.14796849,0.27084547,0.29702765,1,1,1,1
2904918690,0.011501502,0.22625999,0.61216307,-0.30642495,-0.08355929,0.00089465163,0.00089465163,0.03998255,0.03998255,0.21779782,0.23193325,0.08127016,0.9890738,0.0,0.0,0.14742117,0.27489233,0.29592088,1,1,1,1
2904980297,-0.008316655,0.22423568,0.6001252,-0.29722136,-0.09324893,0.0008234893,0.0008234893,0.038694363,0.038694363,0.21471861,0.23299378,0.084086895,0.989157,0.0,0.0,0.14686196,0.27330655,0.29479015,1,1,1,1
2905039943,-0.029515523,0.21860527,0.57866645,-0.3172168,-0.09410527,0.0007649054,0.0007649054,0.037881806,0.037881806,0.21422452,0.23191006,0.08035916,0.98921585,0.0,0.0,0.14646502,0.27873918,0.2939876,1,1,1,1
2905119936,-0.055595834,0.21022674,0.5673609,-0.2990236,-0.10300408,0.0008005422,0.0008005422,0.038271114,0.038271114,0.21115072,0.2291818,0.08904129,0.989227,0.0,0.0,0.14638987,0.29094917,0.29383567,1,1,1,1
2905179596,-0.07348497,0.19515158,0.51064813,-0.27836153,-0.16915104,0.00067062466,0.00067062466,0.035826348,0.035826348,0.21278287,0.21950485,0.04930684,0.98927176,0.0,0.0,0.14608674,0.28157857,0.2932228,1,1,1,1
2905239013,-0.09068351,0.18181483,0.48997033,-0.28728834,-0.17285615,0.0005926821,0.0005926821,0.034844805,0.034844805,0.21225718,0.21170767,0.043367147,0.989311,0.0,0.0,0.14582114,0.28248373,0.29268587,1,1,1,1
2905318856,-0.11079439,0.17090653,0.49285254,-0.25270396,-0.1600456,0.0006267991,0.0006267991,0.03543586,0.03543586,0.21382463,0.20844132,0.06588203,0.9893136,0.0,0.0,0.14580315,0.29195875,0.2926495,1,1,1,1
2905378948,-0.12485126,0.16375628,0.47019604,-0.22520266,-0.17769466,0.00055868994,0.00055868994,0.033913318,0.033913318,0.21567833,0.20877433,0.058273017,0.9893158,0.0,0.0,0.14578834,0.29205036,0.29261956,1,1,1,1
2905438865,-0.13649182,0.15418594,0.44756842,-0.20287782,-0.17773788,0.000505367,0.000505367,0.032965846,0.032965846,0.22107406,0.20776202,0.051520765,0.9893123,0.0,0.0,0.14581217,0.29358274,0.29266772,1,1,1,1
