timestamp,pos_x,pos_y,size_x,size_y,q[0],q[1],q[2],q[3],signature
2873939162,-0.30571425,-0.10993594,0.0,0.0,-0.021233898,0.7012241,0.71244884,-0.015826933,0
2874018854,-0.30374882,-0.111852735,0.0,0.0,-0.018293204,0.70184344,0.71189886,-0.016766822,0
2874078981,-0.30531827,-0.1087058,0.0,0.0,-0.020498455,0.70130104,0.7124037,-0.015414682,0
2874139859,-0.30707967,-0.11288247,0.0,0.0,-0.021802368,0.7018625,0.7118157,-0.015233966,0
2874219873,-0.3037368,-0.10656406,0.0,0.0,-0.018261507,0.70088106,0.71284485,-0.016867401,0
2874279889,-0.30788812,-0.11345266,0.0,0.0,-0.02314013,0.7019092,0.71174765,-0.014257958,0
2874339464,-0.3073744,-0.10818324,0.0,0.0,-0.021490933,0.7014819,0.71216416,-0.016838474,0
2874420723,-0.30490372,-0.10937321,0.0,0.0,-0.01986805,0.70117253,0.71251607,-0.016829401,0
2874478863,-0.30536288,-0.1103637,0.0,0.0,-0.02102237,0.7009626,0.71273303,-0.014869987,0
2874538925,-0.30260786,-0.11229435,0.0,0.0,-0.019889636,0.7010359,0.7127203,-0.013522974,0
2874619852,-0.30234364,-0.11226879,0.0,0.0,-0.020432662,0.70050746,0.7133087,-0.007904708,0
2874679996,-0.3017208,-0.11304268,0.0,0.0,-0.020381581,0.69919384,0.7145373,-0.012206405,0
2874759558,-0.30333027,-0.11021764,0.0,0.0,-0.01690477,0.698363,0.7155166,-0.0062716957,0
2874820033,-0.31521204,-0.10472423,0.0,0.0,-0.013980199,0.6976381,0.71631336,-0.0008911491,0
2874879391,-0.33130953,-0.08991247,0.0,0.0,-0.006006632,0.694471,0.7194762,0.0052839224,0
2874939975,-0.33753613,-0.06137612,0.0,0.0,-0.00028553122,0.6923643,0.721467,0.010815425,0
2875018859,-0.31763962,-0.031103762,0.0,0.0,-0.0038236165,0.69125974,0.72239465,0.017068403,0
2875078903,-0.2830434,-0.005492993,0.0,0.0,-0.016127624,0.68966496,0.7234493,0.026894443,0
2875158857,-0.23392056,0.019007633,0.0,0.0,-0.009802218,0.6895152,0.7237703,0.025086364,0
2875218884,-0.17693502,0.031592537,0.0,0.0,0.0035824706,0.6888507,0.7245282,0.023037683,0
2875278726,-0.12602518,0.040742688,0.0,0.0,0.0071922583,0.6861089,0.72733563,0.013628534,0
2875359864,-0.069706105,0.05053734,0.0,0.0,0.0036901762,0.683647,0.7296303,0.015898472,0
2875418850,-0.027140552,0.06325836,0.0,0.0,-0.008123304,0.6800981,0.73303294,0.007955854,0
2875481179,0.00480684,0.068091325,0.0,0.0,-0.016021878,0.6794786,0.7334517,-0.010039006,0
2875559900,0.034280527,0.076895796,0.0,0.0,0.0103305215,0.6782801,0.7347307,-0.00043686025,0
2875619352,0.04951347,0.08300471,0.0,0.0,0.004114548,0.6758201,0.73689693,-0.015270492,0
2875679873,0.065117806,0.090747766,0.0,0.0,0.003881583,0.67602146,0.73681146,-0.009421316,0
2875760853,0.07359309,0.09701499,0.0,0.0,-0.007905495,0.6749004,0.737718,-0.01480177,0
2875818873,0.08524342,0.10410636,0.0,0.0,0.0068765474,0.6756843,0.7371323,-0.0062791673,0
2875878851,0.09545321,0.109833285,0.0,0.0,0.005902761,0.6760803,0.736796,0.0034993743,0
2875960245,0.106509134,0.11068719,0.0,0.0,0.00035216566,0.6762162,0.73668647,0.0049592154,0
2876020287,0.1212533,0.11299613,0.0,0.0,-0.01386594,0.67712265,0.7357305,0.00364057,0
2876079856,0.14269294,0.10761015,0.0,0.0,0.014611754,0.6750819,0.73735243,-0.019035071,0
2876159397,0.15660405,0.10708967,0.0,0.0,-0.029088136,0.67880946,0.73314977,-0.02937713,0
2876219019,0.16753127,0.10287052,0.0,0.0,-0.018667053,0.6806214,0.7317766,-0.030151354,0
2876279978,0.17893547,0.09904558,0.0,0.0,-0.0033488492,0.67912173,0.7339577,-0.009405456,0
2876359910,0.18641269,0.09530587,0.0,0.0,0.013103048,0.6784143,0.7343805,-0.016361855,0
2876418856,0.18646917,0.096720085,0.0,0.0,-0.004883711,0.6804944,0.732692,0.008119586,0
2876478990,0.17828031,0.105292566,0.0,0.0,0.010897324,0.6784072,0.7342771,0.021954834,0
2876559874,0.16135347,0.12378806,0.0,0.0,0.025899943,0.6801019,0.73180455,0.035394356,0
2876618916,0.14755927,0.13656823,0.0,0.0,0.02460727,0.6816844,0.7312304,0.0017550668,0
2876679924,0.14187287,0.14864394,0.0,0.0,0.0043696235,0.6824842,0.73085546,-0.006822801,0
2876759856,0.13455462,0.15534453,0.0,0.0,0.028656898,0.68460625,0.72757995,-0.033473693,0
2876818915,0.119736634,0.14826931,0.0,0.0,0.03932942,0.68090016,0.71984714,-0.12902808,0
2876881090,0.11091747,0.1398194,0.0,0.0,-0.04363033,0.6905413,0.7219692,0.0030924277,0
2876939849,0.103051566,0.12979697,0.0,0.0,-0.043214913,0.6851306,0.7134095,-0.14062507,0
2877019007,0.099401236,0.122641504,0.0,0.0,0.007972274,0.686243,0.722498,-0.08368791,0
2877080074,0.09036711,0.116887234,0.0,0.0,-0.03026872,0.69258314,0.72053224,-0.01567519,0
2877140529,0.08861289,0.112815194,0.0,0.0,-0.009566292,0.69291437,0.72092235,-0.00700672,0
2877220142,0.08651423,0.10850118,0.0,0.0,-0.042733848,0.69809455,0.70964575,-0.08509281,0
2877280515,0.0837375,0.10398837,0.0,0.0,-0.0616438,0.6983538,0.7130022,0.011393795,0
2877359856,0.076421864,0.10029731,0.0,0.0,0.0138322655,0.6971742,0.71611136,0.030680891,0
2877418885,0.07179942,0.09909401,0.0,0.0,0.005162661,0.69528544,0.7174425,0.042752527,0
2877478965,0.06523324,0.102284454,0.0,0.0,-0.03727854,0.7046523,0.708394,-0.01591845,0
2877560215,0.060901023,0.10540348,0.0,0.0,0.0026307872,0.6998047,0.7142888,-0.0076173386,0
2877621140,0.057898607,0.10920614,0.0,0.0,0.042636666,0.70279795,0.7100996,0.003968707,0
2877678868,0.04989922,0.10959986,0.0,0.0,0.059884116,0.69995475,0.7112668,-0.024015028,0
2877758865,0.0424461,0.11000614,0.0,0.0,0.06693251,0.6935969,0.715219,0.053898934,0
2877818970,0.029858945,0.1107699,0.0,0.0,-0.005738582,0.69950104,0.70556355,-0.11333763,0
2877880352,0.023343423,0.11100972,0.0,0.0,0.098647445,0.69412434,0.707995,-0.08487173,0
2877959862,0.017710796,0.10966499,0.0,0.0,0.06984758,0.6991637,0.70187104,-0.11691235,0
2878018896,0.014205452,0.11192841,0.0,0.0,-0.028504247,0.69769615,0.7131872,0.061413556,0
2878078964,0.014752252,0.110052906,0.0,0.0,-0.04972457,0.7008077,0.70979196,-0.05090595,0
2878159903,0.013339369,0.11331377,0.0,0.0,0.0044846986,0.6998594,0.7142333,-0.0068971612,0
2878219106,0.010674223,0.112425335,0.0,0.0,-0.034612544,0.6994042,0.7132881,0.029253779,0
2878299866,0.0018696821,0.11281373,0.0,0.0,-0.030583065,0.6969541,0.71635467,-0.012477748,0
2878359893,-0.0020107424,0.11096633,0.0,0.0,0.076747835,0.7001387,0.7019042,-0.10604791,0
2878419189,-0.009243079,0.10860344,0.0,0.0,-0.057276987,0.70033735,0.707209,-0.07811774,0
2878479053,-0.017494664,0.105773136,0.0,0.0,-0.011347398,0.6884273,0.7236697,0.047341604,0
2878560694,-0.028920738,0.10102289,0.0,0.0,-0.018052261,0.6974381,0.71615666,0.01933394,0
2878618941,-0.03944893,0.095090754,0.0,0.0,-0.018878613,0.69664955,0.71178424,-0.087670825,0
2878678782,-0.047079317,0.093460046,0.0,0.0,-0.020140763,0.6896262,0.71966654,0.0780391,0
2878759862,-0.0592498,0.091610365,0.0,0.0,0.00010286252,0.69388807,0.7200122,0.010088343,0
2878818864,-0.07157894,0.088504635,0.0,0.0,0.0011921978,0.7028072,0.708354,-0.065538324,0
2878879403,-0.0796185,0.086056426,0.0,0.0,0.08653174,0.696507,0.7097224,-0.06069915,0
2878960068,-0.08879699,0.08476544,0.0,0.0,0.091655664,0.69488037,0.7106775,0.060646564,0
2879019134,-0.09769433,0.081274815,0.0,0.0,0.13847394,0.6912439,0.70809555,-0.040094137,0
2879099907,-0.10194115,0.07684833,0.0,0.0,0.09677654,0.6943281,0.7098922,0.06779215,0
2879159448,-0.1036715,0.06733578,0.0,0.0,0.14160712,0.6859153,0.71065605,0.066600874,0
2879218859,-0.103724904,0.05772339,0.0,0.0,-0.0034555625,0.6986983,0.71503216,-0.023190716,0
2879279863,-0.10243676,0.05211461,0.0,0.0,0.019853609,0.69919676,0.71259284,-0.054232877,0
2879359531,-0.098301955,0.0481329,0.0,0.0,0.037096743,0.6897741,0.7194802,0.07199833,0
2879419042,-0.09642819,0.038814925,0.0,0.0,0.03046191,0.6971507,0.71412474,-0.055487353,0
2879498866,-0.088315845,0.029897233,0.0,0.0,-0.040993433,0.68973625,0.71971244,-0.067804106,0
2879559056,-0.08264372,0.018119233,0.0,0.0,-0.015729036,0.6980567,0.7154548,-0.024369288,0
2879618749,-0.07956939,0.0009779737,0.0,0.0,-0.03962016,0.69134575,0.7202991,-0.040502597,0
2879699859,-0.07608064,-0.009590192,0.0,0.0,-0.023484217,0.6901277,0.7229102,-0.023938788,0
2879758974,-0.069429874,-0.011597135,0.0,0.0,0.0972948,0.69083554,0.71107,0.08751794,0
2879819812,-0.06880743,-0.009115726,0.0,0.0,-0.061806336,0.6933008,0.71779317,0.016938768,0
2879880559,-0.066386685,-0.009565795,0.0,0.0,-0.044391964,0.69089234,0.7204601,-0.040426925,0
2879960387,-0.062222116,-0.011329487,0.0,0.0,0.010590349,0.6958744,0.7154991,-0.06089135,0
2880018853,-0.061114617,-0.012200695,0.0,0.0,-0.04602461,0.6907524,0.7204757,-0.040713765,0
2880100276,-0.060278784,-0.011213484,0.0,0.0,-0.001998946,0.6976065,0.71437556,-0.054851674,0
2880160026,-0.061114755,-0.009564959,0.0,0.0,-0.045452904,0.6908295,0.72040105,-0.041364342,0
2880220098,-0.06120131,-0.0032934654,0.0,0.0,-0.024680635,0.6945133,0.7147709,-0.07838803,0
2880299989,-0.05974395,0.0005430184,0.0,0.0,0.058798376,0.6893596,0.7159961,0.0931434,0
2880359970,-0.061198935,0.0019767084,0.0,0.0,-0.023204746,0.69465125,0.7145575,-0.079553455,0
2880418902,-0.057962712,-0.00032712173,0.0,0.0,0.0003088281,0.6922283,0.7216783,0.00051703764,0
2880478888,-0.05581277,-0.0012053777,0.0,0.0,-0.024882142,0.6931735,0.71776897,-0.060819708,0
2880558992,-0.058106877,0.000491338,0.0,0.0,0.09369079,0.68560314,0.71209913,0.11868092,0
2880618870,-0.06685998,-0.0019751112,0.0,0.0,0.00074992643,0.6976486,0.7142134,-0.056437537,0
2880700605,-0.06550882,-0.0076460904,0.0,0.0,0.0986339,0.6904547,0.71142405,0.086136155,0
2880759863,-0.06550828,-0.005014794,0.0,0.0,0.099657156,0.69035274,0.7114977,0.08516153,0
2880839875,-0.06814222,0.003609075,0.0,0.0,-0.021981142,0.69750094,0.71577924,-0.02587088,0
2880900075,-0.0681631,0.007247115,0.0,0.0,0.0041701095,0.6903268,0.7212074,-0.057370644,0
2880958866,-0.06867443,0.00782899,0.0,0.0,0.024504103,0.6942778,0.71744263,-0.051516034,0
2881018876,-0.06682536,0.0075615086,0.0,0.0,-0.021547936,0.69004744,0.72293866,-0.027016984,0
2881100073,-0.06682217,0.010200218,0.0,0.0,-0.020883886,0.6900994,0.722905,-0.027111255,0
2881160862,-0.06867283,0.01046764,0.0,0.0,0.025026254,0.6942895,0.71739584,-0.05175886,0
2881219754,-0.06698867,0.01231561,0.0,0.0,0.069333605,0.6917814,0.71802455,-0.03274345,0
2881298850,-0.06501423,0.01633128,0.0,0.0,0.0658078,0.6888959,0.71644956,0.088271156,0
2881358881,-0.057187557,0.0220905,0.0,0.0,0.07424583,0.6882455,0.7188342,0.06389948,0
2881418853,-0.05559902,0.024266142,0.0,0.0,0.019735834,0.6957276,0.7146701,-0.06942767,0
2881500360,-0.049727447,0.02392961,0.0,0.0,0.10427032,0.68988055,0.7131078,0.06833568,0
2881559143,-0.05004145,0.020800939,0.0,0.0,0.0013387945,0.6922573,0.72164893,-0.0009339653,0
2881619351,-0.05103081,0.019102044,0.0,0.0,0.004674151,0.697549,0.71365434,-0.06403939,0
2881679942,-0.047400832,0.018159555,0.0,0.0,0.0011301088,0.6922534,0.7216531,-0.0008536219,0
2881759991,-0.04344012,0.016838683,0.0,0.0,0.0009839598,0.69972306,0.714413,-0.0008676566,0
2881819263,-0.03683922,0.015517734,0.0,0.0,0.0007810708,0.692248,0.72165865,-0.0009479841,0
2881878720,-0.035529453,0.017338645,0.0,0.0,-0.045482684,0.6941785,0.71457,-0.073737696,0
2881959860,-0.032113064,0.021202976,0.0,0.0,0.09096375,0.69404894,0.7129072,0.042249326,0
2882019907,-0.027598226,0.019478438,0.0,0.0,0.000901521,0.6997209,0.7144144,-0.0013589911,0
2882099894,-0.023637787,0.018157825,0.0,0.0,0.0007609783,0.6922462,0.7216597,-0.0013515064,0
2882159989,-0.020651178,0.01907709,0.0,0.0,-0.0510627,0.6949807,0.7171915,-0.005545058,0
2882218854,-0.014823923,0.021118779,0.0,0.0,0.10988619,0.6884479,0.71321696,-0.07270543,0
2882298969,-0.00793777,0.023042815,0.0,0.0,0.08260847,0.6912365,0.71785367,0.00735212,0
2882359877,-0.0018119585,0.021183375,0.0,0.0,-0.032189663,0.6918052,0.716648,-0.08237168,0
2882418877,0.004706842,0.015039951,0.0,0.0,0.04149422,0.6911449,0.7180095,0.07112894,0
2882500663,0.0075520626,0.009509443,0.0,0.0,-0.037476044,0.68810296,0.72135645,0.068954736,0
2882559879,0.0074272207,0.006185874,0.0,0.0,0.009571974,0.6923082,0.71088535,-0.123530634,0
2882619187,0.009909571,0.003140948,0.0,0.0,-0.027384186,0.6909165,0.7131545,-0.115304686,0
2882679970,0.018608479,0.0023137112,0.0,0.0,-0.0006605637,0.6922315,0.7216748,-0.0007844955,0
2882758856,0.024281725,0.0014502347,0.0,0.0,-0.0052554114,0.6945298,0.71563095,0.073980644,0
2882818869,0.029734809,-0.00471366,0.0,0.0,0.028823635,0.692672,0.71740454,0.06859591,0
2882899863,0.03142883,-0.007243292,0.0,0.0,-0.006552109,0.6956428,0.7163503,0.053669244,0
2882958860,0.03349677,-0.0104034245,0.0,0.0,-0.010973064,0.69523674,0.7151065,0.07175062,0
2883019243,0.037122164,-0.012924967,0.0,0.0,0.06462775,0.6937667,0.71520555,0.05469925,0
2883098989,0.037633188,-0.015256436,0.0,0.0,0.024034392,0.6931189,0.7171249,0.0688515,0
2883161454,0.038578223,-0.01647743,0.0,0.0,-0.07640293,0.6942689,0.71556586,-0.010901522,0
2883220669,0.038759943,-0.0156763,0.0,0.0,-0.013833017,0.69543874,0.7149144,0.07121153,0
2883299974,0.03763398,-0.012621066,0.0,0.0,0.024754686,0.6930612,0.71721184,0.06826833,0
2883359863,0.034936707,-0.009516339,0.0,0.0,0.03739214,0.6912976,0.7201061,0.046439342,0
2883418956,0.031059975,-0.0077650947,0.0,0.0,0.06386856,0.6960483,0.71437836,0.03318207,0
2883499977,0.033821397,-0.004589648,0.0,0.0,0.08454625,0.6929461,0.7153184,0.031578977,0
2883559873,0.031811833,-0.0003270402,0.0,0.0,-0.00107191,0.6922325,0.7216733,-0.00083624304,0
2883638858,0.031575046,0.001734371,0.0,0.0,-0.08880351,0.6915882,0.71323186,-0.071553685,0
2883679113,0.034207083,0.004366616,0.0,0.0,-0.088768214,0.69160455,0.71304405,-0.07329087,0
2883758974,0.03709357,0.010236973,0.0,0.0,-0.00056891225,0.6922259,0.72167885,-0.0016334392,0
2883819183,0.03763902,0.016367963,0.0,0.0,0.032077335,0.69241005,0.7181691,0.061421134,0
2883899861,0.034453,0.020801079,0.0,0.0,9.392275e-05,0.69222003,0.7216829,-0.0022746979,0
2883959153,0.031060493,0.020763863,0.0,0.0,0.055494122,0.6897164,0.72057307,0.04456604,0
2884018949,0.025805505,0.017224146,0.0,0.0,-0.041006155,0.6910924,0.7161586,-0.08846839,0
2884098865,0.022565588,0.017556168,0.0,0.0,0.0523022,0.68956476,0.7201192,-0.05650922,0
2884158722,0.02111215,0.024330422,0.0,0.0,-0.034998026,0.68601257,0.71814835,-0.111466624,0
2884218890,0.026646871,0.028975658,0.0,0.0,-0.07070449,0.6930351,0.71692604,-0.026837317,0
2884298865,0.031812724,0.031365782,0.0,0.0,0.00071776105,0.69221574,0.7216844,-0.0029214702,0
2884359908,0.03181293,0.034007244,0.0,0.0,0.0008498792,0.69221455,0.72168463,-0.0030935376,0
2884419432,0.026531419,0.036647733,0.0,0.0,0.0011139726,0.69221693,0.72168165,-0.003176643,0
2884500699,0.021417994,0.038828705,0.0,0.0,-0.0033698126,0.68802804,0.7203354,-0.08788028,0
2884558731,0.018609518,0.041929495,0.0,0.0,0.0015476048,0.69222194,0.72167504,-0.0033948708,0
2884618862,0.014406543,0.04349566,0.0,0.0,0.017478466,0.69596875,0.7157037,0.055589754,0
2884698848,0.00871695,0.041800063,0.0,0.0,-0.046891615,0.69071674,0.71800697,-0.071954906,0
2884760964,0.008016027,0.043781683,0.0,0.0,-0.04780089,0.69090897,0.72008765,0.04282054,0
2884818930,0.0064981133,0.046127703,0.0,0.0,0.01965568,0.6957687,0.7158157,0.055922933,0
2884899866,0.008047102,0.044569712,0.0,0.0,0.0018698218,0.69223183,0.72166467,-0.003412527,0
2884958906,0.011121872,0.046246488,0.0,0.0,0.009741281,0.69371647,0.7171661,0.0658436,0
2885019492,0.013283738,0.046418767,0.0,0.0,-0.048523236,0.6910926,0.71997297,0.04093251,0
2885099871,0.015553605,0.047900643,0.0,0.0,0.08125552,0.68762326,0.7171833,0.07886626,0
2885160688,0.01295561,0.049926985,0.0,0.0,0.019135213,0.69158953,0.71643806,-0.0897457,0
2885218738,0.013633602,0.054846384,0.0,0.0,-0.002318837,0.6924048,0.71932954,0.055993095,0
2885299858,0.013633602,0.054846384,0.0,0.0,-0.002318837,0.6924048,0.71932954,0.055993095,0
2885359858,0.0110366605,0.05413685,0.0,0.0,-0.05747021,0.69009656,0.71138793,-0.11996291,0
2885418643,0.010312998,0.05743728,0.0,0.0,-0.059415564,0.69017357,0.7211585,-0.0077848993,0
2885501416,0.010653945,0.06488468,0.0,0.0,-0.0441971,0.69125086,0.7202597,0.03801067,0
2885562282,0.009289025,0.06936763,0.0,0.0,-0.039409675,0.6886768,0.7175246,-0.096589886,0
2885618862,0.007784316,0.07381909,0.0,0.0,0.022874188,0.68813354,0.7237694,0.04590052,0
2885700376,0.0010089024,0.07542411,0.0,0.0,0.096730694,0.68881065,0.71578383,-0.061939612,0
2885758896,-0.0009469663,0.07716413,0.0,0.0,-0.04833545,0.6843114,0.7217722,0.09179627,0
2885819533,-0.00022899399,0.074378945,0.0,0.0,-0.03574501,0.6871794,0.72509944,-0.027158491,0
2885879328,0.005408145,0.07099347,0.0,0.0,0.002997993,0.6771163,0.73585355,-0.0049106437,0
2885958632,0.010072096,0.06984271,0.0,0.0,0.053972647,0.6603767,0.7456969,0.07018315,0
2886018956,0.01874496,0.06727654,0.0,0.0,0.039919082,0.6494415,0.7451155,-0.1464072,0
2886098861,0.026536029,0.068355925,0.0,0.0,0.002142656,0.64635557,0.7630157,-0.0051980065,0
2886159877,0.03898361,0.067683026,0.0,0.0,0.00490056,0.62730545,0.7727178,0.09680423,0
2886218857,0.04911209,0.06507831,0.0,0.0,0.06328819,0.6171029,0.7822107,-0.05766315,0
2886299871,0.058891177,0.06653404,0.0,0.0,0.025730615,0.60040784,0.78051984,-0.17215447,0
2886359409,0.07093482,0.06826242,0.0,0.0,0.0067141177,0.5910608,0.7970774,-0.123570465,0
2886419799,0.081919394,0.07228825,0.0,0.0,-0.052232567,0.57416624,0.8157795,0.04592061,0
2886499129,0.091661066,0.0763593,0.0,0.0,0.013871236,0.55075455,0.82955205,-0.09121624,0
2886559083,0.094366536,0.082889274,0.0,0.0,-0.04508867,0.53854984,0.82950574,-0.14089479,0
2886618625,0.098595634,0.08578641,0.0,0.0,-0.0104432525,0.52153987,0.8530463,0.014110578,0
2886698651,0.09715193,0.09047306,0.0,0.0,-0.026760636,0.50943303,0.85999995,0.012724637,0
2886759856,0.09261594,0.08955555,0.0,0.0,-0.0013649588,0.48952207,0.8719556,-0.0077293986,0
2886819579,0.09481099,0.0840326,0.0,0.0,-0.07176986,0.46156982,0.8675168,-0.17092976,0
2886899565,0.09781128,0.08404429,0.0,0.0,-0.035853192,0.45163822,0.8907563,0.035926614,0
2886958974,0.0997386,0.080201566,0.0,0.0,-0.051860623,0.42107996,0.89538443,-0.1352363,0
2887018855,0.10451505,0.08030785,0.0,0.0,-0.0028040793,0.40259135,0.9153473,-0.0071927747,0
2887098855,0.105201595,0.08240181,0.0,0.0,-0.017810568,0.3625459,0.9154825,-0.17359424,0
2887159079,0.109565884,0.08551726,0.0,0.0,0.04763176,0.3457741,0.93710774,0.00073971006,0
2887219360,0.11081143,0.08951825,0.0,0.0,-0.062357515,0.31255484,0.9240598,-0.21103203,0
2887279300,0.107416116,0.09819342,0.0,0.0,0.02335335,0.30553257,0.951889,0.0034403568,0
2887363751,0.104103394,0.09937534,0.0,0.0,0.026645366,0.27815956,0.96007085,-0.013462708,0
2887418946,0.09730795,0.102356955,0.0,0.0,-0.004695291,0.25936204,0.9655735,0.01941892,0
2887498865,0.090898655,0.10310008,0.0,0.0,0.017250506,0.23965427,0.970039,0.035952248,0
2887559861,0.08432929,0.09639754,0.0,0.0,-0.01569101,0.20779146,0.9662973,-0.1511489,0
2887619861,0.07542575,0.08557075,0.0,0.0,-0.0027278769,0.18904358,0.98194194,-0.0067143347,0
2887699004,0.07191751,0.07423113,0.0,0.0,0.05390841,0.16539043,0.98472345,-0.007719125,0
2887759957,0.075414576,0.06441564,0.0,0.0,-0.0029891422,0.1441883,0.98953235,-0.005151416,0
2887818964,0.07893336,0.05840003,0.0,0.0,-0.06394633,0.122304164,0.9885947,0.060274806,0
2887898594,0.080907434,0.056099016,0.0,0.0,0.018937461,0.096001886,0.9947251,0.030772872,0
2887959993,0.08767263,0.056924935,0.0,0.0,-0.04277464,0.077564724,0.99503404,0.04540102,0
2888018768,0.095056914,0.05695347,0.0,0.0,-0.028961306,0.054436065,0.9968543,0.049794137,0
2888099885,0.09477955,0.05864566,0.0,0.0,0.019350098,0.025926515,0.9993377,0.016661415,0
2888159750,0.09557557,0.059915178,0.0,0.0,0.036952537,0.003210626,0.9952346,0.090179354,0
2888219560,0.09708158,0.05595791,0.0,0.0,-0.018508676,-0.017977875,0.99549097,0.09127942,0
2888298860,0.095886506,0.048620563,0.0,0.0,-0.092124425,-0.05089093,0.9916172,-0.07495698,0
2888358860,0.0928195,0.047121186,0.0,0.0,-0.052991696,-0.07429351,0.9933366,0.070389695,0
2888439876,0.08994205,0.041954268,0.0,0.0,-0.0045732376,-0.09449988,0.9955111,-0.0025470166,0
2888501523,0.08669249,0.037631392,0.0,0.0,0.007507032,-0.119390026,0.99221,0.034771908,0
2888558698,0.08387848,0.029669015,0.0,0.0,-0.106838904,-0.14687702,0.98271334,-0.035876498,0
2888641076,0.08895084,0.024275431,0.0,0.0,-0.025496945,-0.16711447,0.9795061,0.109501414,0
2888698863,0.08988737,0.018903349,0.0,0.0,-0.10645207,-0.19544148,0.9732944,-0.05629078,0
2888759315,0.089030206,0.022623355,0.0,0.0,-0.020650456,-0.21364935,0.9744143,0.06666536,0
2888818959,0.09065778,0.014524746,0.0,0.0,0.01333118,-0.24942674,0.96759146,0.037085447,0
2888898862,0.09554337,0.0056263106,0.0,0.0,0.03581464,-0.27209708,0.9615554,-0.0095732855,0
2888958915,0.10106523,-0.008524816,0.0,0.0,-0.050558634,-0.29493585,0.94804686,-0.10799913,0
2889019882,0.10680695,-0.015898336,0.0,0.0,-0.08524229,-0.3042342,0.93432885,0.16493905,0
2889099860,0.110887714,-0.02822403,0.0,0.0,-0.11473209,-0.3376582,0.93394893,0.023725554,0
2889159863,0.11782062,-0.037502956,0.0,0.0,0.031339996,-0.3538715,0.93291646,0.058818873,0
2889239905,0.12470889,-0.046746224,0.0,0.0,0.031868037,-0.39958537,0.9156131,-0.031122468,0
2889299904,0.12596186,-0.05315632,0.0,0.0,-0.008138727,-0.4066164,0.90719354,0.10768814,0
2889359855,0.1326707,-0.058533702,0.0,0.0,-0.07656147,-0.4267413,0.8913927,0.13209575,0
2889418451,0.13996617,-0.06404293,0.0,0.0,-0.08597049,-0.44564238,0.8844455,0.1084812,0
2889500641,0.1488655,-0.062456522,0.0,0.0,-0.03454346,-0.46243685,0.87730795,0.12365118,0
2889558933,0.14974089,-0.06515865,0.0,0.0,-0.08431638,-0.48419607,0.85847664,0.1465019,0
2889618861,0.15144329,-0.06773736,0.0,0.0,-0.03669431,-0.5023334,0.85339916,0.13425553,0
2889700265,0.15845802,-0.07231963,0.0,0.0,-0.059887074,-0.5182898,0.83830273,0.15823315,0
2889760975,0.16543023,-0.07790028,0.0,0.0,-0.086998604,-0.5470474,0.83173764,0.03718683,0
2889818571,0.17167482,-0.07865365,0.0,0.0,-0.016576365,-0.5617479,0.82313716,0.08130001,0
2889901484,0.1782583,-0.08002883,0.0,0.0,-0.0234072,-0.58102703,0.80949575,0.08109449,0
2889959969,0.18062705,-0.08149604,0.0,0.0,0.004442876,-0.5982047,0.80034846,0.039670985,0
2890040602,0.18138562,-0.08372385,0.0,0.0,-0.0043442855,-0.61334664,0.7897391,0.009964307,0
2890099222,0.17910688,-0.08074513,0.0,0.0,0.056399602,-0.6208934,0.781787,0.010933505,0
2890160863,0.18052496,-0.06559285,0.0,0.0,-0.00045468862,-0.63946754,0.7674331,0.04612503,0
2890240092,0.1817208,-0.055784404,0.0,0.0,0.033853263,-0.6440839,0.7569964,0.10472043,0
2890299804,0.18330841,-0.053397387,0.0,0.0,0.03586904,-0.65629214,0.75135934,0.05876432,0
2890360856,0.18449354,-0.05414427,0.0,0.0,0.017288575,-0.6667438,0.7423897,0.06333501,0
2890440731,0.18073769,-0.051463634,0.0,0.0,-0.13510254,-0.6725578,0.7213955,0.09487833,0
2890499858,0.17434831,-0.044235744,0.0,0.0,-0.05920695,-0.672833,0.7257853,0.13048339,0
2890558857,0.1661861,-0.03962587,0.0,0.0,-0.13644151,-0.68027663,0.71531934,0.08322046,0
2890639959,0.15340035,-0.033411708,0.0,0.0,-0.18597455,-0.6911263,0.6955755,0.062711366,0
2890698665,0.14113393,-0.02293928,0.0,0.0,0.06326554,-0.6871345,0.72313,0.030440595,0
2890759106,0.12315487,-0.01253526,0.0,0.0,-0.19350186,-0.6834869,0.70370793,0.014065388,0
2890841017,0.10677231,0.0045781885,0.0,0.0,0.049156606,-0.689962,0.722173,0.0014818769,0
2890899508,0.087975726,0.024866195,0.0,0.0,0.06334373,-0.68631744,0.72143626,0.06697493,0
2890959384,0.07439179,0.033072893,0.0,0.0,0.05601897,-0.68660825,0.7248274,0.007495931,0
2891043208,0.06234616,0.040327903,0.0,0.0,-0.1318834,-0.68726176,0.7129835,-0.04396122,0
2891099323,0.04977272,0.0490511,0.0,0.0,0.050255638,-0.68462384,0.72640014,0.033278357,0
2891158858,0.03659649,0.05432439,0.0,0.0,0.052286353,-0.6850362,0.72602886,0.029557781,0
2891241446,0.026273007,0.060680408,0.0,0.0,-0.12246758,-0.6769716,0.7246138,0.040570956,0
2891299462,0.018611237,0.07459302,0.0,0.0,0.019976832,-0.6896647,0.72346574,0.02368292,0
2891360862,0.010811011,0.08924251,0.0,0.0,0.09742244,-0.6879106,0.7184622,-0.033164695,0
2891438982,-0.0061974404,0.1007929,0.0,0.0,-0.09357599,-0.6811985,0.72559744,-0.026842877,0
2891498962,-0.016570462,0.11437526,0.0,0.0,0.07172481,-0.6948456,0.7155169,-0.008983179,0
2891560005,-0.03091783,0.13019857,0.0,0.0,0.083767,-0.68801594,0.7201995,-0.030492669,0
2891643214,-0.045685045,0.1480289,0.0,0.0,0.120432556,-0.694852,0.70517755,-0.0734939,0
2891699869,-0.06693756,0.16529956,0.0,0.0,-0.12498561,-0.66962886,0.7285306,-0.072242014,0
2891758945,-0.07659291,0.18283017,0.0,0.0,0.103201985,-0.6916943,0.70448625,-0.12086112,0
2891839129,-0.08690713,0.18993388,0.0,0.0,-0.005268663,-0.6816919,0.7103633,-0.17507812,0
2891899874,-0.09938919,0.19489115,0.0,0.0,-0.035544124,-0.68308884,0.7292821,0.016549163,0
2891958851,-0.10468008,0.19490385,0.0,0.0,-0.03463695,-0.68316305,0.72926044,0.016360939,0
2892040064,-0.10779131,0.19746478,0.0,0.0,-0.025168763,-0.68664944,0.7264813,-0.010196614,0
2892101991,-0.10746623,0.20222451,0.0,0.0,-0.044643857,-0.68354744,0.7280341,0.027133722,0
2892158860,-0.10531385,0.20396554,0.0,0.0,0.0045035155,-0.6850685,0.726772,0.049631782,0
2892239856,-0.10204095,0.2028656,0.0,0.0,-0.03512931,-0.6830587,0.7293594,0.015221018,0
2892302664,-0.1012921,0.20227163,0.0,0.0,-0.021147424,-0.68842715,0.72487015,0.013567083,0
2892359555,-0.10198154,0.20329626,0.0,0.0,-0.049258348,-0.68041235,0.7310932,-0.010741249,0
2892419044,-0.09727631,0.20178518,0.0,0.0,-0.0024014933,-0.68387437,0.72912085,0.026321517,0
2892498808,-0.096745744,0.19754048,0.0,0.0,-0.03601323,-0.68302965,0.729322,0.016214855,0
2892558958,-0.10072858,0.19484502,0.0,0.0,0.06890969,-0.6976465,0.7129524,0.015481933,0
2892638729,-0.106214404,0.19367838,0.0,0.0,0.013488463,-0.68984675,0.7237139,-0.012951618,0
2892698525,-0.1095248,0.19501956,0.0,0.0,0.0140099125,-0.69183576,0.72180504,-0.012824876,0
2892758886,-0.11124208,0.19977038,0.0,0.0,-0.0112780575,-0.6871087,0.7259738,0.026767258,0
2892819543,-0.10860021,0.2024202,0.0,0.0,-0.011882018,-0.68702453,0.7260492,0.026622435,0
2892898996,-0.10773602,0.20252311,0.0,0.0,0.013688145,-0.69127303,0.7222215,0.018717928,0
2892959939,-0.106593035,0.20759615,0.0,0.0,-0.020862915,-0.68842643,0.7248948,0.012699819,0
2893038959,-0.09683251,0.21567437,0.0,0.0,-0.024786547,-0.6925141,0.7200809,0.03596277,0
2893099944,-0.07953302,0.2215628,0.0,0.0,-0.023879705,-0.68368095,0.7290291,0.022948882,0
2893159093,-0.06720182,0.22144265,0.0,0.0,-0.052850634,-0.68595,0.7249162,0.03429209,0
2893239482,-0.05674658,0.22343406,0.0,0.0,-0.008034045,-0.6923026,0.72149664,-0.009756543,0
2893299286,-0.045610525,0.22088589,0.0,0.0,-0.008255983,-0.689713,0.7239649,0.010129883,0
2893359042,-0.027305312,0.21575893,0.0,0.0,0.04703047,-0.6911904,0.7211071,-0.006957591,0
2893439951,-0.011723016,0.21044134,0.0,0.0,0.020683594,-0.69262516,0.72079444,0.017262004,0
2893500057,0.0046675676,0.20823863,0.0,0.0,-0.009701036,-0.6951599,0.7187078,0.010849015,0
2893558863,0.016611634,0.20588863,0.0,0.0,0.017245172,-0.6949829,0.7180881,0.032417573,0
2893618863,0.03310005,0.20090587,0.0,0.0,0.039636433,-0.6906568,0.7193164,0.06329347,0
2893699186,0.046923604,0.19741166,0.0,0.0,0.018615251,-0.6872664,0.72417563,0.05373986,0
2893759025,0.057469618,0.19212513,0.0,0.0,0.016172176,-0.694275,0.7173939,0.055377588,0
2893838855,0.071216315,0.195916,0.0,0.0,-0.014044416,-0.6844817,0.72708476,0.051334973,0
2893898862,0.080874816,0.20090945,0.0,0.0,-0.062360585,-0.68744755,0.7220529,0.04654688,0
2893958863,0.0881869,0.20458943,0.0,0.0,-0.033923168,-0.6827036,0.72634405,0.072037295,0
2894039864,0.10087495,0.20810685,0.0,0.0,-0.013748882,-0.6861477,0.7231342,0.078032956,0
2894120099,0.107030146,0.21418187,0.0,0.0,-0.04703601,-0.6930182,0.71917146,0.017488474,0
2894159372,0.11282386,0.22008586,0.0,0.0,-0.017160207,-0.6863467,0.723306,0.07390597,0
2894240194,0.12121048,0.22726017,0.0,0.0,-0.048822727,-0.68352085,0.72381973,0.080625996,0
2894298858,0.12834772,0.2283971,0.0,0.0,-0.029379858,-0.6909613,0.72176063,0.027764147,0
2894379863,0.13295738,0.22167009,0.0,0.0,0.01623273,-0.68249637,0.7266979,0.0764547,0
2894438950,0.13572393,0.21404213,0.0,0.0,0.0004896974,-0.68552554,0.72697127,0.039589573,0
2894499755,0.13814567,0.2134795,0.0,0.0,-0.00937058,-0.6836554,0.7267757,0.06576198,0
2894579870,0.1421799,0.21605784,0.0,0.0,-0.06543566,-0.69017303,0.7206784,0.0014273049,0
2894638858,0.1415846,0.22043794,0.0,0.0,-0.031274818,-0.69091684,0.7216945,0.02850951,0
2894699102,0.14384289,0.2245507,0.0,0.0,-0.0031363487,-0.6948684,0.718925,0.017173773,0
2894758857,0.14426316,0.22754592,0.0,0.0,-0.04877983,-0.6937003,0.7185339,0.010465422,0
2894839854,0.14626627,0.22666007,0.0,0.0,-0.0133776115,-0.69313806,0.7193176,0.044304695,0
2894899831,0.14873457,0.22864613,0.0,0.0,-0.029170604,-0.6930503,0.7181692,0.055347014,0
2894979851,0.15007693,0.22997233,0.0,0.0,-0.029529907,-0.69275707,0.7183767,0.056129817,0
2895039268,0.15242647,0.23064715,0.0,0.0,-0.0032642877,-0.69719297,0.7163373,0.027787538,0
2895099170,0.1527595,0.23530334,0.0,0.0,-0.029720902,-0.69278795,0.71843594,0.054875776,0
2895178693,0.16174188,0.24151318,0.0,0.0,-0.043321285,-0.70116735,0.7116321,-0.008213115,0
2895238744,0.16872059,0.24783626,0.0,0.0,-0.04782903,-0.69506735,0.7160875,0.04257315,0
2895299868,0.17037119,0.25057277,0.0,0.0,-0.019702414,-0.7022185,0.71130884,0.02325367,0
2895379220,0.168185,0.25059283,0.0,0.0,-0.031799894,-0.69790626,0.7143712,0.039867766,0
2895439863,0.16711237,0.25221092,0.0,0.0,-0.042102583,-0.70124286,0.7116262,-0.00860215,0
2895499810,0.16468637,0.25662893,0.0,0.0,-0.04235128,-0.6978884,0.7124028,0.060336214,0
2895560089,0.16844727,0.26006517,0.0,0.0,-0.1080231,-0.6859913,0.7187814,0.033169698,0
2895639049,0.17189763,0.25947347,0.0,0.0,-0.041822888,-0.6991822,0.71330065,-0.024440408,0
2895698860,0.17100061,0.25784725,0.0,0.0,-0.030349044,-0.6910827,0.72176605,0.023179771,0
2895779854,0.17230833,0.25384146,0.0,0.0,-0.0311901,-0.6981602,0.7148749,0.023524206,0
2895840062,0.17230201,0.24998143,0.0,0.0,-0.019335471,-0.6902945,0.7224844,0.033702582,0
2895898864,0.17093277,0.24450524,0.0,0.0,-0.03137839,-0.69105005,0.721707,0.02458144,0
2895979890,0.17252177,0.23844272,0.0,0.0,-0.0141443135,-0.69277054,0.72101444,-0.0026653018,0
2896039864,0.17089245,0.23650469,0.0,0.0,-0.032044433,-0.6910304,0.721666,0.025463276,0
2896099113,0.16737317,0.23401368,0.0,0.0,-0.031309277,-0.68566054,0.72522336,0.05422633,0
2896179078,0.16146635,0.23325802,0.0,0.0,-0.03115936,-0.68341434,0.7280705,0.04344298,0
2896238916,0.15491489,0.23112653,0.0,0.0,-0.031442445,-0.6909693,0.72170705,0.026679216,0
2896319323,0.14957611,0.22578381,0.0,0.0,-0.031490695,-0.6909427,0.7216982,0.02753569,0
2896379384,0.14310582,0.22009058,0.0,0.0,0.008785425,-0.6890959,0.72359824,0.038408704,0
2896439869,0.13379894,0.216409,0.0,0.0,-0.017017042,-0.6856041,0.72766,0.0129743265,0
2896502453,0.12563829,0.21508045,0.0,0.0,-0.030151587,-0.6909121,0.72169846,0.029710233,0
2896579863,0.12298577,0.21507545,0.0,0.0,-0.029863441,-0.6909191,0.7217013,0.029769422,0
2896639025,0.120541275,0.21459465,0.0,0.0,0.0016094414,-0.690296,0.7229562,0.028691197,0
2896720132,0.11789105,0.21458898,0.0,0.0,0.0019682797,-0.6903408,0.7229183,0.028546205,0
2896759291,0.11852681,0.21482438,0.0,0.0,-0.033942286,-0.69556594,0.71765065,-0.0036622027,0
2896839095,0.11711281,0.21427633,0.0,0.0,-0.03160508,-0.6887913,0.7241573,0.012802535,0
2896899168,0.11896324,0.21175775,0.0,0.0,-0.03125991,-0.68478054,0.72725236,0.034676537,0
2896982074,0.11895122,0.2075371,0.0,0.0,-0.049757622,-0.6929249,0.7190981,0.01664842,0
2897038861,0.117648,0.2044304,0.0,0.0,-0.02964341,-0.68328947,0.7288313,0.032275748,0
2897098789,0.11631455,0.19873668,0.0,0.0,-0.058020614,-0.6921483,0.71941847,0.0011598669,0
2897158866,0.11738704,0.19700624,0.0,0.0,0.05094879,-0.6886423,0.7219169,0.044854105,0
2897239037,0.114665054,0.19833523,0.0,0.0,0.04531212,-0.687989,0.72247976,0.051390428,0
2897298861,0.113856405,0.1946402,0.0,0.0,0.0035928176,-0.6899342,0.7231682,0.031712048,0
2897379857,0.11443145,0.19007376,0.0,0.0,0.004076435,-0.6924161,0.72013205,0.044194683,0
2897441323,0.11178331,0.19006936,0.0,0.0,0.0044883545,-0.6924722,0.72008485,0.044043716,0
2897499774,0.11122794,0.19017403,0.0,0.0,0.021220297,-0.6945583,0.7178058,0.04351209,0
2897579929,0.11113643,0.18809216,0.0,0.0,-0.09942215,-0.6834091,0.72192776,0.043445837,0
2897639866,0.10828858,0.19073574,0.0,0.0,-0.062607095,-0.6915714,0.71957284,0.0049272375,0
2897699863,0.10866812,0.19298868,0.0,0.0,-0.01187802,-0.6927938,0.721028,-0.0037888242,0
2897779998,0.11205589,0.19064459,0.0,0.0,0.018616727,-0.69374555,0.7198244,0.014947281,0
2897839891,0.11542477,0.1847424,0.0,0.0,-0.02297831,-0.68535733,0.72460234,0.06862042,0
2897919981,0.11513697,0.18004599,0.0,0.0,0.0034488668,-0.69017696,0.72287583,0.033082183,0
2897959508,0.11230358,0.17605972,0.0,0.0,-0.00980225,-0.68851477,0.7236097,0.04733199,0
2898040300,0.107716694,0.17198049,0.0,0.0,-0.011738978,-0.6878703,0.7248522,0.03585843,0
2898100155,0.10385207,0.16770864,0.0,0.0,-0.078185156,-0.6806086,0.72618175,0.05761164,0
2898160059,0.10715924,0.1667687,0.0,0.0,0.005239252,-0.69023526,0.7227397,0.0345708,0
2898247234,0.10674728,0.16980298,0.0,0.0,0.0031012895,-0.6969426,0.7170845,-0.007146669,0
2898298663,0.10421437,0.17071977,0.0,0.0,-0.021010313,-0.6832206,0.7275622,0.05849304,0
2898379064,0.1056912,0.1682545,0.0,0.0,0.0067797676,-0.687747,0.7235092,0.059098117,0
2898438859,0.11044745,0.16480055,0.0,0.0,-0.1546559,-0.67799383,0.71836215,-0.019020362,0
2898500575,0.12142063,0.16941822,0.0,0.0,-0.024481868,-0.66910845,0.7406283,0.056251775,0
2898579009,0.13096511,0.17093574,0.0,0.0,-0.09661944,-0.6474344,0.75463,0.045020565,0
2898639887,0.1400803,0.17131336,0.0,0.0,-0.030291246,-0.63119113,0.77416384,0.03674918,0
2898698592,0.14592722,0.16760819,0.0,0.0,-0.021937253,-0.60956675,0.78951824,0.0678831,0
2898779775,0.15851113,0.15645753,0.0,0.0,-0.0022841024,-0.5907089,0.80640495,-0.02772793,0
2898838893,0.17220648,0.14003833,0.0,0.0,-0.01171775,-0.5483242,0.8361817,-0.0018501899,0
2898900352,0.17979097,0.119988665,0.0,0.0,-0.054192033,-0.5245714,0.8496368,0.0023236626,0
2898979983,0.1776866,0.101466626,0.0,0.0,-0.020207468,-0.48312613,0.8721293,0.07464092,0
2899040086,0.1687167,0.08897955,0.0,0.0,-0.047151737,-0.45061457,0.88561827,0.10199754,0
2899100068,0.15577497,0.07952856,0.0,0.0,-0.025107441,-0.4274397,0.9011952,0.06717228,0
2899180029,0.14311582,0.07681858,0.0,0.0,-0.16548757,-0.40149945,0.8997769,-0.042586427,0
2899241553,0.12996484,0.08959678,0.0,0.0,-0.019078318,-0.3624878,0.9283138,0.08044958,0
2899299874,0.11064076,0.101828285,0.0,0.0,0.11406817,-0.35252598,0.92643726,0.06654246,0
2899378713,0.082086734,0.10977744,0.0,0.0,0.03735751,-0.31967917,0.94067967,0.107384525,0
2899438864,0.05584346,0.11159363,0.0,0.0,-0.021371307,-0.28854063,0.95112234,0.107952826,0
2899498851,0.025166063,0.112144366,0.0,0.0,0.014620643,-0.2717329,0.95846087,0.0854415,0
2899579460,-0.0010520059,0.1223411,0.0,0.0,0.024092907,-0.25522783,0.96594894,0.03494151,0
2899641120,-0.02429433,0.12656678,0.0,0.0,-0.037492238,-0.22589542,0.9603988,-0.15874436,0
2899699495,-0.040051535,0.13108031,0.0,0.0,0.023877317,-0.20844111,0.9764217,0.050821945,0
2899779686,-0.050132837,0.12993859,0.0,0.0,0.0070785433,-0.18277055,0.9803308,0.07413694,0
2899839243,-0.05876557,0.1283187,0.0,0.0,0.080027096,-0.1737295,0.9759999,0.10410533,0
2899899222,-0.06862068,0.13018928,0.0,0.0,-0.0003251174,-0.13290854,0.9907798,0.0262776,0
2899980486,-0.07432378,0.13551146,0.0,0.0,0.027582705,-0.11763891,0.992348,0.025410252,0
2900039857,-0.07648645,0.14105177,0.0,0.0,0.07119464,-0.09592931,0.9876363,-0.101505816,0
2900102990,-0.08383951,0.14840622,0.0,0.0,0.00039329135,-0.069553986,0.9956531,0.061943635,0
2900179349,-0.08755928,0.1449469,0.0,0.0,0.025765525,-0.0386349,0.9979273,0.044548362,0
2900240317,-0.09223233,0.1388867,0.0,0.0,0.018927537,-0.012705902,0.9992001,0.032854214,0
2900299062,-0.0976617,0.13454787,0.0,0.0,0.0029835494,0.020202393,0.99975747,-0.008240745,0
2900379898,-0.099819034,0.13303529,0.0,0.0,0.054592088,0.045809455,0.9962767,0.04851779,0
2900438871,-0.10182843,0.13114615,0.0,0.0,0.04929739,0.07055325,0.9944164,0.061056916,0
2900501643,-0.10352298,0.12618944,0.0,0.0,0.009981392,0.103543475,0.99435014,0.021142064,0
2900579856,-0.10322274,0.12199022,0.0,0.0,0.046293225,0.12314572,0.9913079,0.0008061475,0
2900642088,-0.10464343,0.11666135,0.0,0.0,0.022539252,0.14812402,0.98612875,0.07142401,0
2900698764,-0.10439967,0.10905376,0.0,0.0,0.053566158,0.18122043,0.981145,0.040549036,0
2900779859,-0.10870484,0.10581093,0.0,0.0,0.014015034,0.20162416,0.9785402,0.040129248,0
2900839882,-0.116548344,0.10328302,0.0,0.0,0.019576339,0.22832729,0.97194237,0.053023614,0
2900898884,-0.11814366,0.105848655,0.0,0.0,0.060949977,0.25445914,0.9634945,0.056692634,0
2900981408,-0.119859315,0.10623513,0.0,0.0,0.06523645,0.28378746,0.9492838,-0.11861384,0
2901039864,-0.13004601,0.11528004,0.0,0.0,0.05304847,0.2989895,0.9501799,0.07035174,0
2901099869,-0.14069043,0.12138973,0.0,0.0,0.10558213,0.33246312,0.93113625,-0.10632943,0
2901159206,-0.15039106,0.12924641,0.0,0.0,0.0639391,0.34257728,0.93423,0.075939946,0
2901238921,-0.15780383,0.13158645,0.0,0.0,0.06274902,0.37015563,0.9258708,0.042551927,0
2901298856,-0.15743963,0.1255089,0.0,0.0,0.090446874,0.40526646,0.90850693,0.046836264,0
2901380862,-0.16274367,0.11490596,0.0,0.0,0.036269292,0.42893732,0.9023633,0.02092389,0
2901439252,-0.16576025,0.10744546,0.0,0.0,0.106189966,0.4439729,0.8886996,0.04271718,0
2901518897,-0.16857511,0.101524495,0.0,0.0,0.021378633,0.47011083,0.8803078,0.059974078,0
2901579855,-0.165447,0.09300849,0.0,0.0,0.028580893,0.49826315,0.86641026,0.015818235,0
2901641787,-0.16132268,0.08954935,0.0,0.0,0.025914682,0.52376485,0.84991485,-0.05141629,0
2901699388,-0.16029589,0.08916075,0.0,0.0,0.03766932,0.5394064,0.84095585,-0.020369776,0
2901779213,-0.1640346,0.083196454,0.0,0.0,0.01383826,0.5615127,0.8266316,-0.034528896,0
2901840193,-0.1688978,0.07471878,0.0,0.0,0.03255648,0.5846585,0.8105628,-0.0101238545,0
2901898653,-0.17335927,0.06956992,0.0,0.0,0.12553366,0.5910857,0.79655,0.019162575,0
2901979305,-0.18170647,0.06359791,0.0,0.0,0.041183304,0.6247856,0.7786339,-0.040941164,0
2902038885,-0.18302213,0.052780993,0.0,0.0,0.029813988,0.6371864,0.7693482,0.034756552,0
2902098855,-0.18849763,0.042431816,0.0,0.0,0.009462644,0.6602904,0.75084513,-0.012595466,0
2902178941,-0.19908169,0.029011434,0.0,0.0,0.06878718,0.67931384,0.7299833,0.030420624,0
2902238637,-0.22052668,0.015122594,0.0,0.0,0.034496516,0.6952061,0.71628606,0.04932289,0
2902318851,-0.23863217,0.0018538682,0.0,0.0,0.028320527,0.72108936,0.6922586,-0.0024735318,0
2902379967,-0.25577784,-0.0031401252,0.0,0.0,0.04291766,0.7373152,0.67318785,0.0366405,0
2902442726,-0.27233487,-0.0075259428,0.0,0.0,0.015538457,0.75616753,0.653686,0.025765324,0
2902519488,-0.28179348,-0.013259022,0.0,0.0,0.025515411,0.7670818,0.64096344,0.010018798,0
2902579005,-0.29180905,-0.021246951,0.0,0.0,0.0042213313,0.77118164,0.6360221,0.027146563,0
2902638853,-0.30111307,-0.040514007,0.0,0.0,-0.0103678005,0.7716477,0.6359112,0.008319764,0
2902720861,-0.29688734,-0.059466206,0.0,0.0,0.022190614,0.7753513,0.6305822,0.026533548,0
2902782511,-0.2803313,-0.087843806,0.0,0.0,0.033740986,0.7711059,0.63569874,0.012014499,0
2902840119,-0.2642788,-0.101270504,0.0,0.0,0.006181833,0.7610659,0.6485974,0.007866187,0
2902919220,-0.2402547,-0.13314566,0.0,0.0,0.025854684,0.75401396,0.6563323,-0.004728273,0
2902978954,-0.22059985,-0.15767835,0.0,0.0,0.0024575584,0.7439123,0.6682529,0.0051602134,0
2903039336,-0.18978328,-0.18788025,0.0,0.0,0.030233603,0.7380654,0.67399913,-0.008398516,0
2903119878,-0.16080591,-0.2118307,0.0,0.0,-0.016428584,0.72414666,0.68945014,-0.00044684813,0
2903178641,-0.12086867,-0.2423175,0.0,0.0,0.01059813,0.72113633,0.69268763,0.005827162,0
2903241060,-0.07795083,-0.26710927,0.0,0.0,0.008119265,0.7153304,0.698739,-0.00057773234,0
2903298588,-0.039652996,-0.288879,0.0,0.0,-0.012987832,0.7042206,0.7097518,0.012532971,0
2903379862,-0.012635113,-0.3165094,0.0,0.0,-0.002747243,0.7000764,0.7140436,-0.005211028,0
2903442245,0.008618941,-0.33795214,0.0,0.0,-0.014240988,0.6962327,0.71765256,0.0056611905,0
2903518851,0.03169702,-0.35452607,0.0,0.0,-0.020520806,0.6944996,0.71917784,0.00569316,0
2903581170,0.050331127,-0.36932176,0.0,0.0,-0.0027500563,0.6965774,0.71745765,0.0051822653,0
2903638937,0.076705754,-0.38324237,0.0,0.0,-0.017966427,0.69507444,0.71860015,0.012749726,0
2903719858,0.0990516,-0.39368436,0.0,0.0,-0.017821683,0.69986844,0.7137737,0.01983996,0
2903778732,0.115761936,-0.4048786,0.0,0.0,-0.0060642357,0.70366764,0.71046764,0.007124848,0
2903842699,0.12901402,-0.41444883,0.0,0.0,-0.019310063,0.70413154,0.70958847,0.017610237,0
2903920114,0.14031507,-0.4212252,0.0,0.0,-0.0070232274,0.70886433,0.7053023,0.003267312,0
2903979209,0.15971318,-0.4255284,0.0,0.0,-0.005229361,0.71423054,0.6997787,0.01253827,0
2904298560,0.2612909,-0.3832152,0.0,0.0,-0.012084402,0.7225863,0.6911352,0.0074228873,0
2904379077,0.27262878,-0.3571851,0.0,0.0,-0.015773179,0.72229415,0.6914004,0.0027994213,0
2904438884,0.28245556,-0.32699582,0.0,0.0,-0.0051400457,0.7223478,0.69150895,-0.0016280551,0
2904519080,0.2937128,-0.30378082,0.0,0.0,-0.008663308,0.7239908,0.68975484,0.00070565304,0
2904579844,0.30535033,-0.28226164,0.0,0.0,-0.007843133,0.7227417,0.6910666,0.0031311559,0
2904638969,0.3135645,-0.2559719,0.0,0.0,-0.00051419827,0.7241043,0.68966883,0.0054401485,0
2904718887,0.32605022,-0.2249332,0.0,0.0,0.0037915334,0.72421944,0.689535,0.0057644825,0
2904779313,0.3476509,-0.20013735,0.0,0.0,0.014836682,0.7182821,0.6953749,-0.017448885,0
2904838841,0.3716472,-0.16809516,0.0,0.0,0.0034612427,0.7220638,0.6918171,-0.0010063733,0
2904918690,0.38362694,-0.12430525,0.0,0.0,0.0073352405,0.7193056,0.6946258,0.0063840444,0
2904980297,0.3956741,-0.08216832,0.0,0.0,0.0127320755,0.7187584,0.69511837,0.0058923713,0
2905039943,0.40541738,-0.034844458,0.0,0.0,0.02026241,0.7157108,0.6981025,0.0006342147,0
2905119936,0.413817,0.014181937,0.0,0.0,0.020645002,0.7103007,0.70334053,-0.018943582,0
2905179596,0.4246311,0.05792242,0.0,0.0,0.024459751,0.71222,0.7014375,-0.011394449,0
2905239013,0.43412986,0.098653086,0.0,0.0,0.028891718,0.7104685,0.70311326,-0.005620614,0
2905318856,0.4389403,0.135402,0.0,0.0,0.021746542,0.7057989,0.7077583,-0.021288043,0
2905378948,0.44948012,0.17738493,0.0,0.0,0.024647018,0.7043566,0.709379,-0.0074637723,0
2905438865,0.44573057,0.21990025,0.0,0.0,0.019179977,0.70286965,0.711043,-0.0049221558,0
