timestamp,voltage_v,voltage_filtered_v,current_a,current_filtered_a,current_average_a,discharged_mah,remaining,scale,time_remaining_s,temperature,cell_count,voltage_cell_v[0],voltage_cell_v[1],voltage_cell_v[2],voltage_cell_v[3],voltage_cell_v[4],voltage_cell_v[5],voltage_cell_v[6],voltage_cell_v[7],voltage_cell_v[8],voltage_cell_v[9],voltage_cell_v[10],voltage_cell_v[11],voltage_cell_v[12],voltage_cell_v[13],max_cell_voltage_delta,custom_faults,average_power,available_energy,remaining_capacity,design_capacity,nominal_voltage,capacity,cycle_count,average_time_to_empty,manufacture_date,state_of_health,max_error,interface_error,faults,average_time_to_full,over_discharge_count,connected,source,priority,model,fw_version[0],fw_version[1],serial_number[0],serial_number[1],serial_number[2],serial_number[3],serial_number[4],serial_number[5],serial_number[6],serial_number[7],serial_number[8],serial_number[9],serial_number[10],serial_number[11],serial_number[12],serial_number[13],serial_number[14],serial_number[15],id,is_powering_off,is_required,warning,mode
2873998570,45.01575,45.119503,8.687115,4.824168,18.986626,6261.3794,0.33229023,1.0882037,631.41064,nan,12,3.7599585,3.7599585,3.7599585,3.7599585,3.7599585,3.7599585,3.7599585,3.7599585,3.7599585,3.7599585,3.7599585,3.7599585,0.0,0.0,0.0,0,0.0,0.0,0.0,0.0,0.0,10000,0,0,0,0,0,0,0,0,0,1,0,0,0,0,0,0,0,0,0,0,0,0,0,0,0,0,0,0,0,0,0,2,0,0,0,0
2874099716,44.982407,45.107037,10.31147,5.7387185,18.945591,6261.669,0.33227292,1.088081,632.52625,nan,12,3.7589197,3.7589197,3.7589197,3.7589197,3.7589197,3.7589197,3.7589197,3.7589197,3.7589197,3.7589197,3.7589197,3.7589197,0.0,0.0,0.0,0,0.0,0.0,0.0,0.0,0.0,10000,0,0,0,0,0,0,0,0,0,1,0,0,0,0,0,0,0,0,0,0,0,0,0,0,0,0,0,0,0,0,0,2,0,0,0,0
2874200870,44.936386,45.091522,12.6231575,6.886125,18.911192,6262.0234,0.33224925,1.0879242,633.3202,nan,12,3.7576268,3.7576268,3.7576268,3.7576268,3.7576268,3.7576268,3.7576268,3.7576268,3.7576268,3.7576268,3.7576268,3.7576268,0.0,0.0,0.0,0,0.0,0.0,0.0,0.0,0.0,10000,0,0,0,0,0,0,0,0,0,1,0,0,0,0,0,0,0,0,0,0,0,0,0,0,0,0,0,0,0,0,0,2,0,0,0,0
2874403259,44.83167,45.051884,17.79129,9.762056,18.86869,6262.931,0.33218262,1.0875496,633.9229,nan,12,3.7543237,3.7543237,3.7543237,3.7543237,3.7543237,3.7543237,3.7543237,3.7543237,3.7543237,3.7543237,3.7543237,3.7543237,0.0,0.0,0.0,0,0.0,0.0,0.0,0.0,0.0,10000,0,0,0,0,0,0,0,0,0,1,0,0,0,0,0,0,0,0,0,0,0,0,0,0,0,0,0,0,0,0,0,2,0,0,0,0
2874504469,44.78331,45.027466,20.049171,11.476576,18.864397,6263.4946,0.33213866,1.0873452,633.68054,nan,12,3.7522888,3.7522888,3.7522888,3.7522888,3.7522888,3.7522888,3.7522888,3.7522888,3.7522888,3.7522888,3.7522888,3.7522888,0.0,0.0,0.0,0,0.0,0.0,0.0,0.0,0.0,10000,0,0,0,0,0,0,0,0,0,1,0,0,0,0,0,0,0,0,0,0,0,0,0,0,0,0,0,0,0,0,0,2,0,0,0,0
2874706863,44.61132,44.961025,28.537426,16.227762,18.894386,6265.0054,0.33201328,1.08675,631.31055,nan,12,3.746752,3.746752,3.746752,3.746752,3.746752,3.746752,3.746752,3.746752,3.746752,3.746752,3.746752,3.746752,0.0,0.0,0.0,0,0.0,0.0,0.0,0.0,0.0,10000,0,0,0,0,0,0,0,0,0,1,0,0,0,0,0,0,0,0,0,0,0,0,0,0,0,0,0,0,0,0,0,2,0,0,0,0
2874909269,44.49705,44.883625,33.642082,21.324955,18.984985,6266.8516,0.33185548,1.086259,627.34656,nan,12,3.740302,3.740302,3.740302,3.740302,3.740302,3.740302,3.740302,3.740302,3.740302,3.740302,3.740302,3.740302,0.0,0.0,0.0,0,0.0,0.0,0.0,0.0,0.0,10000,0,0,0,0,0,0,0,0,0,1,0,0,0,0,0,0,0,0,0,0,0,0,0,0,0,0,0,0,0,0,0,2,0,0,0,0
2875111571,44.5224,44.816807,31.424122,24.834335,19.104853,6268.703,0.33169752,1.0862455,623.4287,nan,12,3.7347338,3.7347338,3.7347338,3.7347338,3.7347338,3.7347338,3.7347338,3.7347338,3.7347338,3.7347338,3.7347338,3.7347338,0.0,0.0,0.0,0,0.0,0.0,0.0,0.0,0.0,10000,0,0,0,0,0,0,0,0,0,1,0,0,0,0,0,0,0,0,0,0,0,0,0,0,0,0,0,0,0,0,0,2,0,0,0,0
2875313896,44.643887,44.778862,24.471207,25.456295,19.19614,6270.2266,0.3315715,1.0868695,621.14154,nan,12,3.731572,3.731572,3.731572,3.731572,3.731572,3.731572,3.731572,3.731572,3.731572,3.731572,3.731572,3.731572,0.0,0.0,0.0,0,0.0,0.0,0.0,0.0,0.0,10000,0,0,0,0,0,0,0,0,0,1,0,0,0,0,0,0,0,0,0,0,0,0,0,0,0,0,0,0,0,0,0,2,0,0,0,0
2875516244,44.57505,44.74758,27.705784,25.82023,19.241697,6271.7188,0.33144736,1.0874531,619.0323,nan,12,3.728965,3.728965,3.728965,3.728965,3.728965,3.728965,3.728965,3.728965,3.728965,3.728965,3.728965,3.728965,0.0,0.0,0.0,0,0.0,0.0,0.0,0.0,0.0,10000,0,0,0,0,0,0,0,0,0,1,0,0,0,0,0,0,0,0,0,0,0,0,0,0,0,0,0,0,0,0,0,2,0,0,0,0
2875718696,44.57505,44.718105,27.23095,26.238785,19.306753,6273.248,0.33131853,1.0879687,616.7788,nan,12,3.7265089,3.7265089,3.7265089,3.7265089,3.7265089,3.7265089,3.7265089,3.7265089,3.7265089,3.7265089,3.7265089,3.7265089,0.0,0.0,0.0,0,0.0,0.0,0.0,0.0,0.0,10000,0,0,0,0,0,0,0,0,0,1,0,0,0,0,0,0,0,0,0,0,0,0,0,0,0,0,0,0,0,0,0,2,0,0,0,0
2875921023,44.59104,44.697697,25.989933,26.04287,19.361385,6274.6846,0.33119783,1.0885504,614.9809,nan,12,3.724808,3.724808,3.724808,3.724808,3.724808,3.724808,3.724808,3.724808,3.724808,3.724808,3.724808,3.724808,0.0,0.0,0.0,0,0.0,0.0,0.0,0.0,0.0,10000,0,0,0,0,0,0,0,0,0,1,0,0,0,0,0,0,0,0,0,0,0,0,0,0,0,0,0,0,0,0,0,2,0,0,0,0
2876123401,44.53605,44.674118,28.548088,26.43105,19.413464,6276.2134,0.33106703,1.088939,612.7764,nan,12,3.7228432,3.7228432,3.7228432,3.7228432,3.7228432,3.7228432,3.7228432,3.7228432,3.7228432,3.7228432,3.7228432,3.7228432,0.0,0.0,0.0,0,0.0,0.0,0.0,0.0,0.0,10000,0,0,0,0,0,0,0,0,0,1,0,0,0,0,0,0,0,0,0,0,0,0,0,0,0,0,0,0,0,0,0,2,0,0,0,0
2876325987,44.547947,44.6503,27.399807,26.918364,19.487017,6277.794,0.33093044,1.0892876,610.3682,nan,12,3.7208583,3.7208583,3.7208583,3.7208583,3.7208583,3.7208583,3.7208583,3.7208583,3.7208583,3.7208583,3.7208583,3.7208583,0.0,0.0,0.0,0,0.0,0.0,0.0,0.0,0.0,10000,0,0,0,0,0,0,0,0,0,1,0,0,0,0,0,0,0,0,0,0,0,0,0,0,0,0,0,0,0,0,0,2,0,0,0,0
2876528404,44.557304,44.632465,26.495266,26.958075,19.551184,6279.318,0.33079872,1.0896995,608.24585,nan,12,3.719372,3.719372,3.719372,3.719372,3.719372,3.719372,3.719372,3.719372,3.719372,3.719372,3.719372,3.719372,0.0,0.0,0.0,0,0.0,0.0,0.0,0.0,0.0,10000,0,0,0,0,0,0,0,0,0,1,0,0,0,0,0,0,0,0,0,0,0,0,0,0,0,0,0,0,0,0,0,2,0,0,0,0
2876731024,44.492954,44.613567,29.750423,27.811295,19.619371,6280.991,0.33065185,1.0897603,605.4745,nan,12,3.7177973,3.7177973,3.7177973,3.7177973,3.7177973,3.7177973,3.7177973,3.7177973,3.7177973,3.7177973,3.7177973,3.7177973,0.0,0.0,0.0,0,0.0,0.0,0.0,0.0,0.0,10000,0,0,0,0,0,0,0,0,0,1,0,0,0,0,0,0,0,0,0,0,0,0,0,0,0,0,0,0,0,0,0,2,0,0,0,0
2876933402,44.58168,44.60007,24.515343,27.541487,19.700226,6282.5195,0.3305188,1.0902112,603.39935,nan,12,3.7166727,3.7166727,3.7166727,3.7166727,3.7166727,3.7166727,3.7166727,3.7166727,3.7166727,3.7166727,3.7166727,3.7166727,0.0,0.0,0.0,0,0.0,0.0,0.0,0.0,0.0,10000,0,0,0,0,0,0,0,0,0,1,0,0,0,0,0,0,0,0,0,0,0,0,0,0,0,0,0,0,0,0,0,2,0,0,0,0
2877135738,44.694,44.604523,18.260422,25.788483,19.744658,6283.765,0.33041278,1.0909172,602.6149,nan,12,3.7170436,3.7170436,3.7170436,3.7170436,3.7170436,3.7170436,3.7170436,3.7170436,3.7170436,3.7170436,3.7170436,3.7170436,0.0,0.0,0.0,0,0.0,0.0,0.0,0.0,0.0,10000,0,0,0,0,0,0,0,0,0,1,0,0,0,0,0,0,0,0,0,0,0,0,0,0,0,0,0,0,0,0,0,2,0,0,0,0
2877338135,44.862286,44.643955,9.624386,21.309273,19.711636,6284.3994,0.3303655,1.0920448,604.58997,nan,12,3.7203295,3.7203295,3.7203295,3.7203295,3.7203295,3.7203295,3.7203295,3.7203295,3.7203295,3.7203295,3.7203295,3.7203295,0.0,0.0,0.0,0,0.0,0.0,0.0,0.0,0.0,10000,0,0,0,0,0,0,0,0,0,1,0,0,0,0,0,0,0,0,0,0,0,0,0,0,0,0,0,0,0,0,0,2,0,0,0,0
2877540571,44.62068,44.646664,22.45037,21.07084,19.665676,6285.543,0.33026654,1.0920901,604.2453,nan,12,3.7205553,3.7205553,3.7205553,3.7205553,3.7205553,3.7205553,3.7205553,3.7205553,3.7205553,3.7205553,3.7205553,3.7205553,0.0,0.0,0.0,0,0.0,0.0,0.0,0.0,0.0,10000,0,0,0,0,0,0,0,0,0,1,0,0,0,0,0,0,0,0,0,0,0,0,0,0,0,0,0,0,0,0,0,2,0,0,0,0
2877742875,44.65266,44.63805,20.272083,21.714422,19.704603,6286.862,0.33015049,1.0919994,603.11066,nan,12,3.7198374,3.7198374,3.7198374,3.7198374,3.7198374,3.7198374,3.7198374,3.7198374,3.7198374,3.7198374,3.7198374,3.7198374,0.0,0.0,0.0,0,0.0,0.0,0.0,0.0,0.0,10000,0,0,0,0,0,0,0,0,0,1,0,0,0,0,0,0,0,0,0,0,0,0,0,0,0,0,0,0,0,0,0,2,0,0,0,0
2877945207,44.66709,44.65174,19.711208,20.297337,19.683788,6287.807,0.33007106,1.0923271,603.66907,nan,12,3.7209785,3.7209785,3.7209785,3.7209785,3.7209785,3.7209785,3.7209785,3.7209785,3.7209785,3.7209785,3.7209785,3.7209785,0.0,0.0,0.0,0,0.0,0.0,0.0,0.0,0.0,10000,0,0,0,0,0,0,0,0,0,1,0,0,0,0,0,0,0,0,0,0,0,0,0,0,0,0,0,0,0,0,0,2,0,0,0,0
2878147572,44.393505,44.61124,33.43752,23.991636,19.72949,6289.622,0.3299059,1.0915897,600.3109,nan,12,3.7176034,3.7176034,3.7176034,3.7176034,3.7176034,3.7176034,3.7176034,3.7176034,3.7176034,3.7176034,3.7176034,3.7176034,0.0,0.0,0.0,0,0.0,0.0,0.0,0.0,0.0,10000,0,0,0,0,0,0,0,0,0,1,0,0,0,0,0,0,0,0,0,0,0,0,0,0,0,0,0,0,0,0,0,2,0,0,0,0
2878349891,44.587334,44.60335,22.883549,23.99389,19.806229,6290.977,0.32978687,1.0917797,599.0531,nan,12,3.716946,3.716946,3.716946,3.716946,3.716946,3.716946,3.716946,3.716946,3.716946,3.716946,3.716946,3.716946,0.0,0.0,0.0,0,0.0,0.0,0.0,0.0,0.0,10000,0,0,0,0,0,0,0,0,0,1,0,0,0,0,0,0,0,0,0,0,0,0,0,0,0,0,0,0,0,0,0,2,0,0,0,0
2878552274,44.527664,44.587265,25.743961,24.819399,19.850437,6292.4834,0.3296527,1.0917854,597.13934,nan,12,3.7156055,3.7156055,3.7156055,3.7156055,3.7156055,3.7156055,3.7156055,3.7156055,3.7156055,3.7156055,3.7156055,3.7156055,0.0,0.0,0.0,0,0.0,0.0,0.0,0.0,0.0,10000,0,0,0,0,0,0,0,0,0,1,0,0,0,0,0,0,0,0,0,0,0,0,0,0,0,0,0,0,0,0,0,2,0,0,0,0
2878754647,44.56179,44.580555,23.748417,24.695444,19.895184,6293.8594,0.32953116,1.0920057,595.8214,nan,12,3.7150462,3.7150462,3.7150462,3.7150462,3.7150462,3.7150462,3.7150462,3.7150462,3.7150462,3.7150462,3.7150462,3.7150462,0.0,0.0,0.0,0,0.0,0.0,0.0,0.0,0.0,10000,0,0,0,0,0,0,0,0,0,1,0,0,0,0,0,0,0,0,0,0,0,0,0,0,0,0,0,0,0,0,0,2,0,0,0,0
2878957054,44.512844,44.56835,26.017704,25.158703,19.936563,6295.334,0.32939953,1.092086,594.08386,nan,12,3.7140293,3.7140293,3.7140293,3.7140293,3.7140293,3.7140293,3.7140293,3.7140293,3.7140293,3.7140293,3.7140293,3.7140293,0.0,0.0,0.0,0,0.0,0.0,0.0,0.0,0.0,10000,0,0,0,0,0,0,0,0,0,1,0,0,0,0,0,0,0,0,0,0,0,0,0,0,0,0,0,0,0,0,0,2,0,0,0,0
2879159649,44.54307,44.558403,24.078445,25.344477,19.991993,6296.7935,0.32926923,1.0922406,592.43964,nan,12,3.7132003,3.7132003,3.7132003,3.7132003,3.7132003,3.7132003,3.7132003,3.7132003,3.7132003,3.7132003,3.7132003,3.7132003,0.0,0.0,0.0,0,0.0,0.0,0.0,0.0,0.0,10000,0,0,0,0,0,0,0,0,0,1,0,0,0,0,0,0,0,0,0,0,0,0,0,0,0,0,0,0,0,0,0,2,0,0,0,0
2879362237,44.522984,44.551094,24.920998,25.34364,20.031532,6298.2217,0.32914168,1.0924183,590.94775,nan,12,3.7125912,3.7125912,3.7125912,3.7125912,3.7125912,3.7125912,3.7125912,3.7125912,3.7125912,3.7125912,3.7125912,3.7125912,0.0,0.0,0.0,0,0.0,0.0,0.0,0.0,0.0,10000,0,0,0,0,0,0,0,0,0,1,0,0,0,0,0,0,0,0,0,0,0,0,0,0,0,0,0,0,0,0,0,2,0,0,0,0
2879564723,44.54151,44.55162,23.909836,24.707584,20.060707,6299.5264,0.3290259,1.0927018,590.00336,nan,12,3.712635,3.712635,3.712635,3.712635,3.712635,3.712635,3.712635,3.712635,3.712635,3.712635,3.712635,3.712635,0.0,0.0,0.0,0,0.0,0.0,0.0,0.0,0.0,10000,0,0,0,0,0,0,0,0,0,1,0,0,0,0,0,0,0,0,0,0,0,0,0,0,0,0,0,0,0,0,0,2,0,0,0,0
2879767217,44.45454,44.529045,27.982998,26.258385,20.12332,6301.212,0.32887238,1.0925272,587.4285,nan,12,3.7107537,3.7107537,3.7107537,3.7107537,3.7107537,3.7107537,3.7107537,3.7107537,3.7107537,3.7107537,3.7107537,3.7107537,0.0,0.0,0.0,0,0.0,0.0,0.0,0.0,0.0,10000,0,0,0,0,0,0,0,0,0,1,0,0,0,0,0,0,0,0,0,0,0,0,0,0,0,0,0,0,0,0,0,2,0,0,0,0
2879969718,44.50641,44.524906,25.125065,25.932827,20.17503,6302.6294,0.3287453,1.0927793,586.03503,nan,12,3.710409,3.710409,3.710409,3.710409,3.710409,3.710409,3.710409,3.710409,3.710409,3.710409,3.710409,3.710409,0.0,0.0,0.0,0,0.0,0.0,0.0,0.0,0.0,10000,0,0,0,0,0,0,0,0,0,1,0,0,0,0,0,0,0,0,0,0,0,0,0,0,0,0,0,0,0,0,0,2,0,0,0,0
2880172147,44.516354,44.524902,24.445171,25.354668,20.208138,6303.979,0.32862446,1.0930488,584.94293,nan,12,3.7104084,3.7104084,3.7104084,3.7104084,3.7104084,3.7104084,3.7104084,3.7104084,3.7104084,3.7104084,3.7104084,3.7104084,0.0,0.0,0.0,0,0.0,0.0,0.0,0.0,0.0,10000,0,0,0,0,0,0,0,0,0,1,0,0,0,0,0,0,0,0,0,0,0,0,0,0,0,0,0,0,0,0,0,2,0,0,0,0
2880374695,44.508163,44.520706,24.653206,25.268133,20.246325,6305.392,0.32849696,1.093191,583.59454,nan,12,3.710059,3.710059,3.710059,3.710059,3.710059,3.710059,3.710059,3.710059,3.710059,3.710059,3.710059,3.710059,0.0,0.0,0.0,0,0.0,0.0,0.0,0.0,0.0,10000,0,0,0,0,0,0,0,0,0,1,0,0,0,0,0,0,0,0,0,0,0,0,0,0,0,0,0,0,0,0,0,2,0,0,0,0
2880577272,44.519867,44.52233,23.912315,24.704153,20.274122,6306.7075,0.3283788,1.0934147,582.6734,nan,12,3.7101943,3.7101943,3.7101943,3.7101943,3.7101943,3.7101943,3.7101943,3.7101943,3.7101943,3.7101943,3.7101943,3.7101943,0.0,0.0,0.0,0,0.0,0.0,0.0,0.0,0.0,10000,0,0,0,0,0,0,0,0,0,1,0,0,0,0,0,0,0,0,0,0,0,0,0,0,0,0,0,0,0,0,0,2,0,0,0,0
2880779680,44.58714,44.524437,20.166454,24.132856,20.311514,6308.006,0.32826197,1.0936301,581.826,nan,12,3.7103698,3.7103698,3.7103698,3.7103698,3.7103698,3.7103698,3.7103698,3.7103698,3.7103698,3.7103698,3.7103698,3.7103698,0.0,0.0,0.0,0,0.0,0.0,0.0,0.0,0.0,10000,0,0,0,0,0,0,0,0,0,1,0,0,0,0,0,0,0,0,0,0,0,0,0,0,0,0,0,0,0,0,0,2,0,0,0,0
2880982149,44.555744,44.52987,21.818333,23.425642,20.31694,6309.233,0.32815173,1.0938282,581.28766,nan,12,3.7108223,3.7108223,3.7108223,3.7108223,3.7108223,3.7108223,3.7108223,3.7108223,3.7108223,3.7108223,3.7108223,3.7108223,0.0,0.0,0.0,0,0.0,0.0,0.0,0.0,0.0,10000,0,0,0,0,0,0,0,0,0,1,0,0,0,0,0,0,0,0,0,0,0,0,0,0,0,0,0,0,0,0,0,2,0,0,0,0
2881184649,44.467995,44.522934,26.308804,23.985577,20.33756,6310.6475,0.32802278,1.0937355,579.9626,nan,12,3.7102444,3.7102444,3.7102444,3.7102444,3.7102444,3.7102444,3.7102444,3.7102444,3.7102444,3.7102444,3.7102444,3.7102444,0.0,0.0,0.0,0,0.0,0.0,0.0,0.0,0.0,10000,0,0,0,0,0,0,0,0,0,1,0,0,0,0,0,0,0,0,0,0,0,0,0,0,0,0,0,0,0,0,0,2,0,0,0,0
2881387253,44.485546,44.515312,25.141182,24.447678,20.383518,6312.0845,0.32789186,1.0937049,578.56256,nan,12,3.7096093,3.7096093,3.7096093,3.7096093,3.7096093,3.7096093,3.7096093,3.7096093,3.7096093,3.7096093,3.7096093,3.7096093,0.0,0.0,0.0,0,0.0,0.0,0.0,0.0,0.0,10000,0,0,0,0,0,0,0,0,0,1,0,0,0,0,0,0,0,0,0,0,0,0,0,0,0,0,0,0,0,0,0,2,0,0,0,0
2881589680,44.53449,44.51406,22.308788,24.220165,20.422287,6313.4253,0.32777044,1.0938416,577.57465,nan,12,3.709505,3.709505,3.709505,3.709505,3.709505,3.709505,3.709505,3.709505,3.709505,3.709505,3.709505,3.709505,0.0,0.0,0.0,0,0.0,0.0,0.0,0.0,0.0,10000,0,0,0,0,0,0,0,0,0,1,0,0,0,0,0,0,0,0,0,0,0,0,0,0,0,0,0,0,0,0,0,2,0,0,0,0
2881792254,44.47872,44.511036,25.206146,24.253164,20.441135,6314.789,0.32764643,1.0938997,576.5007,nan,12,3.709253,3.709253,3.709253,3.709253,3.709253,3.709253,3.709253,3.709253,3.709253,3.709253,3.709253,3.709253,0.0,0.0,0.0,0,0.0,0.0,0.0,0.0,0.0,10000,0,0,0,0,0,0,0,0,0,1,0,0,0,0,0,0,0,0,0,0,0,0,0,0,0,0,0,0,0,0,0,2,0,0,0,0
2881994647,44.475014,44.505768,25.21061,24.472607,20.476948,6316.192,0.32751864,1.0939255,575.27246,nan,12,3.708814,3.708814,3.708814,3.708814,3.708814,3.708814,3.708814,3.708814,3.708814,3.708814,3.708814,3.708814,0.0,0.0,0.0,0,0.0,0.0,0.0,0.0,0.0,10000,0,0,0,0,0,0,0,0,0,1,0,0,0,0,0,0,0,0,0,0,0,0,0,0,0,0,0,0,0,0,0,2,0,0,0,0
2882197215,44.505825,44.503067,23.413677,24.397964,20.51457,6317.5596,0.3273942,1.094026,574.2046,nan,12,3.7085888,3.7085888,3.7085888,3.7085888,3.7085888,3.7085888,3.7085888,3.7085888,3.7085888,3.7085888,3.7085888,3.7085888,0.0,0.0,0.0,0,0.0,0.0,0.0,0.0,0.0,10000,0,0,0,0,0,0,0,0,0,1,0,0,0,0,0,0,0,0,0,0,0,0,0,0,0,0,0,0,0,0,0,2,0,0,0,0
2882399578,44.525715,44.504723,22.239113,23.951042,20.539045,6318.8525,0.3272769,1.0941945,573.4484,nan,12,3.708727,3.708727,3.708727,3.708727,3.708727,3.708727,3.708727,3.708727,3.708727,3.708727,3.708727,3.708727,0.0,0.0,0.0,0,0.0,0.0,0.0,0.0,0.0,10000,0,0,0,0,0,0,0,0,0,1,0,0,0,0,0,0,0,0,0,0,0,0,0,0,0,0,0,0,0,0,0,2,0,0,0,0
2882601923,44.416515,44.49357,27.863731,24.79308,20.564833,6320.347,0.32713953,1.0940725,571.86914,nan,12,3.7077973,3.7077973,3.7077973,3.7077973,3.7077973,3.7077973,3.7077973,3.7077973,3.7077973,3.7077973,3.7077973,3.7077973,0.0,0.0,0.0,0,0.0,0.0,0.0,0.0,0.0,10000,0,0,0,0,0,0,0,0,0,1,0,0,0,0,0,0,0,0,0,0,0,0,0,0,0,0,0,0,0,0,0,2,0,0,0,0
2882804336,44.417492,44.48378,27.58379,25.35407,20.613392,6321.839,0.3270026,1.0940486,570.32135,nan,12,3.7069817,3.7069817,3.7069817,3.7069817,3.7069817,3.7069817,3.7069817,3.7069817,3.7069817,3.7069817,3.7069817,3.7069817,0.0,0.0,0.0,0,0.0,0.0,0.0,0.0,0.0,10000,0,0,0,0,0,0,0,0,0,1,0,0,0,0,0,0,0,0,0,0,0,0,0,0,0,0,0,0,0,0,0,2,0,0,0,0
2882905606,44.42256,44.478214,27.135487,25.650974,20.641161,6322.602,0.3269325,1.0940453,569.4852,nan,12,3.706518,3.706518,3.706518,3.706518,3.706518,3.706518,3.706518,3.706518,3.706518,3.706518,3.706518,3.706518,0.0,0.0,0.0,0,0.0,0.0,0.0,0.0,0.0,10000,0,0,0,0,0,0,0,0,0,1,0,0,0,0,0,0,0,0,0,0,0,0,0,0,0,0,0,0,0,0,0,2,0,0,0,0
2883108246,44.482815,44.480377,23.95298,24.998661,20.676296,6323.923,0.32681233,1.0942974,568.66187,nan,12,3.7066982,3.7066982,3.7066982,3.7066982,3.7066982,3.7066982,3.7066982,3.7066982,3.7066982,3.7066982,3.7066982,3.7066982,0.0,0.0,0.0,0,0.0,0.0,0.0,0.0,0.0,10000,0,0,0,0,0,0,0,0,0,1,0,0,0,0,0,0,0,0,0,0,0,0,0,0,0,0,0,0,0,0,0,2,0,0,0,0
2883310629,44.42139,44.47067,26.945057,25.563364,20.713411,6325.4316,0.3266734,1.0942699,567.08014,nan,12,3.705889,3.705889,3.705889,3.705889,3.705889,3.705889,3.705889,3.705889,3.705889,3.705889,3.705889,3.705889,0.0,0.0,0.0,0,0.0,0.0,0.0,0.0,0.0,10000,0,0,0,0,0,0,0,0,0,1,0,0,0,0,0,0,0,0,0,0,0,0,0,0,0,0,0,0,0,0,0,2,0,0,0,0
2883512948,44.482426,44.470078,23.565426,25.187168,20.756222,6326.803,0.32654795,1.0944601,566.066,nan,12,3.7058399,3.7058399,3.7058399,3.7058399,3.7058399,3.7058399,3.7058399,3.7058399,3.7058399,3.7058399,3.7058399,3.7058399,0.0,0.0,0.0,0,0.0,0.0,0.0,0.0,0.0,10000,0,0,0,0,0,0,0,0,0,1,0,0,0,0,0,0,0,0,0,0,0,0,0,0,0,0,0,0,0,0,0,2,0,0,0,0
2883715293,44.465656,44.466633,24.302101,25.171368,20.7888,6328.2207,0.32641774,1.0945513,564.87787,nan,12,3.7055528,3.7055528,3.7055528,3.7055528,3.7055528,3.7055528,3.7055528,3.7055528,3.7055528,3.7055528,3.7055528,3.7055528,0.0,0.0,0.0,0,0.0,0.0,0.0,0.0,0.0,10000,0,0,0,0,0,0,0,0,0,1,0,0,0,0,0,0,0,0,0,0,0,0,0,0,0,0,0,0,0,0,0,2,0,0,0,0
2883917638,44.473454,44.462753,23.749409,25.200455,20.827831,6329.6494,0.32628626,1.0946323,563.6566,nan,12,3.7052295,3.7052295,3.7052295,3.7052295,3.7052295,3.7052295,3.7052295,3.7052295,3.7052295,3.7052295,3.7052295,3.7052295,0.0,0.0,0.0,0,0.0,0.0,0.0,0.0,0.0,10000,0,0,0,0,0,0,0,0,0,1,0,0,0,0,0,0,0,0,0,0,0,0,0,0,0,0,0,0,0,0,0,2,0,0,0,0
2884120003,44.459805,44.461834,24.419136,24.991405,20.854582,6331.0283,0.3261595,1.0947523,562.64624,nan,12,3.7051528,3.7051528,3.7051528,3.7051528,3.7051528,3.7051528,3.7051528,3.7051528,3.7051528,3.7051528,3.7051528,3.7051528,0.0,0.0,0.0,0,0.0,0.0,0.0,0.0,0.0,10000,0,0,0,0,0,0,0,0,0,1,0,0,0,0,0,0,0,0,0,0,0,0,0,0,0,0,0,0,0,0,0,2,0,0,0,0
2884322402,44.450836,44.458794,24.760075,25.020317,20.887142,6332.441,0.32602927,1.0948129,561.51245,nan,12,3.7048995,3.7048995,3.7048995,3.7048995,3.7048995,3.7048995,3.7048995,3.7048995,3.7048995,3.7048995,3.7048995,3.7048995,0.0,0.0,0.0,0,0.0,0.0,0.0,0.0,0.0,10000,0,0,0,0,0,0,0,0,0,1,0,0,0,0,0,0,0,0,0,0,0,0,0,0,0,0,0,0,0,0,0,2,0,0,0,0
2884524754,44.45415,44.45257,24.3264,25.300789,20.930338,6333.908,0.32589364,1.0948333,560.17224,nan,12,3.704381,3.704381,3.704381,3.704381,3.704381,3.704381,3.704381,3.704381,3.704381,3.704381,3.704381,3.704381,0.0,0.0,0.0,0,0.0,0.0,0.0,0.0,0.0,10000,0,0,0,0,0,0,0,0,0,1,0,0,0,0,0,0,0,0,0,0,0,0,0,0,0,0,0,0,0,0,0,2,0,0,0,0
2884727176,44.53059,44.46076,20.223236,24.228214,20.954733,6335.142,0.32578084,1.0951357,559.76575,nan,12,3.705063,3.705063,3.705063,3.705063,3.705063,3.705063,3.705063,3.705063,3.705063,3.705063,3.705063,3.705063,0.0,0.0,0.0,0,0.0,0.0,0.0,0.0,0.0,10000,0,0,0,0,0,0,0,0,0,1,0,0,0,0,0,0,0,0,0,0,0,0,0,0,0,0,0,0,0,0,0,2,0,0,0,0
2884929648,44.412224,44.45056,26.32492,25.071201,20.979029,6336.6636,0.32563934,1.0949898,558.23016,nan,12,3.7042134,3.7042134,3.7042134,3.7042134,3.7042134,3.7042134,3.7042134,3.7042134,3.7042134,3.7042134,3.7042134,3.7042134,0.0,0.0,0.0,0,0.0,0.0,0.0,0.0,0.0,10000,0,0,0,0,0,0,0,0,0,1,0,0,0,0,0,0,0,0,0,0,0,0,0,0,0,0,0,0,0,0,0,2,0,0,0,0
2885132284,44.411057,44.44844,26.332855,25.039696,21.00961,6338.061,0.32551014,1.095056,557.19977,nan,12,3.7040367,3.7040367,3.7040367,3.7040367,3.7040367,3.7040367,3.7040367,3.7040367,3.7040367,3.7040367,3.7040367,3.7040367,0.0,0.0,0.0,0,0.0,0.0,0.0,0.0,0.0,10000,0,0,0,0,0,0,0,0,0,1,0,0,0,0,0,0,0,0,0,0,0,0,0,0,0,0,0,0,0,0,0,2,0,0,0,0
2885334779,44.438942,44.444485,24.76181,25.172987,21.05194,6339.498,0.32537705,1.0950902,556.0227,nan,12,3.703707,3.703707,3.703707,3.703707,3.703707,3.703707,3.703707,3.703707,3.703707,3.703707,3.703707,3.703707,0.0,0.0,0.0,0,0.0,0.0,0.0,0.0,0.0,10000,0,0,0,0,0,0,0,0,0,1,0,0,0,0,0,0,0,0,0,0,0,0,0,0,0,0,0,0,0,0,0,2,0,0,0,0
2885537212,44.430553,44.440613,25.075226,25.289652,21.086893,6340.9375,0.32524365,1.09513,554.845,nan,12,3.7033844,3.7033844,3.7033844,3.7033844,3.7033844,3.7033844,3.7033844,3.7033844,3.7033844,3.7033844,3.7033844,3.7033844,0.0,0.0,0.0,0,0.0,0.0,0.0,0.0,0.0,10000,0,0,0,0,0,0,0,0,0,1,0,0,0,0,0,0,0,0,0,0,0,0,0,0,0,0,0,0,0,0,0,2,0,0,0,0
2885739646,44.381416,44.436882,27.653961,25.422602,21.11197,6342.373,0.32511052,1.0951587,553.6929,nan,12,3.7030735,3.7030735,3.7030735,3.7030735,3.7030735,3.7030735,3.7030735,3.7030735,3.7030735,3.7030735,3.7030735,3.7030735,0.0,0.0,0.0,0,0.0,0.0,0.0,0.0,0.0,10000,0,0,0,0,0,0,0,0,0,1,0,0,0,0,0,0,0,0,0,0,0,0,0,0,0,0,0,0,0,0,0,2,0,0,0,0
2885942099,44.419636,44.42749,25.204659,25.949621,21.171265,6343.9106,0.32496747,1.0951409,552.1615,nan,12,3.7022908,3.7022908,3.7022908,3.7022908,3.7022908,3.7022908,3.7022908,3.7022908,3.7022908,3.7022908,3.7022908,3.7022908,0.0,0.0,0.0,0,0.0,0.0,0.0,0.0,0.0,10000,0,0,0,0,0,0,0,0,0,1,0,0,0,0,0,0,0,0,0,0,0,0,0,0,0,0,0,0,0,0,0,2,0,0,0,0
2886144564,44.4561,44.43002,23.276558,25.36445,21.202301,6345.2666,0.3248422,1.0953532,551.3442,nan,12,3.7025015,3.7025015,3.7025015,3.7025015,3.7025015,3.7025015,3.7025015,3.7025015,3.7025015,3.7025015,3.7025015,3.7025015,0.0,0.0,0.0,0,0.0,0.0,0.0,0.0,0.0,10000,0,0,0,0,0,0,0,0,0,1,0,0,0,0,0,0,0,0,0,0,0,0,0,0,0,0,0,0,0,0,0,2,0,0,0,0
2886347191,44.399746,44.425797,26.194496,25.543484,21.22828,6346.726,0.32470644,1.0953724,550.14105,nan,12,3.7021496,3.7021496,3.7021496,3.7021496,3.7021496,3.7021496,3.7021496,3.7021496,3.7021496,3.7021496,3.7021496,3.7021496,0.0,0.0,0.0,0,0.0,0.0,0.0,0.0,0.0,10000,0,0,0,0,0,0,0,0,0,1,0,0,0,0,0,0,0,0,0,0,0,0,0,0,0,0,0,0,0,0,0,2,0,0,0,0
2886549692,44.40813,44.421715,25.68842,25.672283,21.268179,6348.188,0.3245704,1.0954115,548.9359,nan,12,3.7018096,3.7018096,3.7018096,3.7018096,3.7018096,3.7018096,3.7018096,3.7018096,3.7018096,3.7018096,3.7018096,3.7018096,0.0,0.0,0.0,0,0.0,0.0,0.0,0.0,0.0,10000,0,0,0,0,0,0,0,0,0,1,0,0,0,0,0,0,0,0,0,0,0,0,0,0,0,0,0,0,0,0,0,2,0,0,0,0
2886752188,44.37615,44.410725,27.012749,26.384102,21.317274,6349.7686,0.3244227,1.0953463,547.2932,nan,12,3.7008936,3.7008936,3.7008936,3.7008936,3.7008936,3.7008936,3.7008936,3.7008936,3.7008936,3.7008936,3.7008936,3.7008936,0.0,0.0,0.0,0,0.0,0.0,0.0,0.0,0.0,10000,0,0,0,0,0,0,0,0,0,1,0,0,0,0,0,0,0,0,0,0,0,0,0,0,0,0,0,0,0,0,0,2,0,0,0,0
2886954482,44.42334,44.407997,24.448395,26.244707,21.365314,6351.234,0.3242864,1.095478,546.1002,nan,12,3.7006664,3.7006664,3.7006664,3.7006664,3.7006664,3.7006664,3.7006664,3.7006664,3.7006664,3.7006664,3.7006664,3.7006664,0.0,0.0,0.0,0,0.0,0.0,0.0,0.0,0.0,10000,0,0,0,0,0,0,0,0,0,1,0,0,0,0,0,0,0,0,0,0,0,0,0,0,0,0,0,0,0,0,0,2,0,0,0,0
2887156835,44.440304,44.40403,23.35392,26.238659,21.410635,6352.724,0.32414752,1.0955777,544.8271,nan,12,3.7003357,3.7003357,3.7003357,3.7003357,3.7003357,3.7003357,3.7003357,3.7003357,3.7003357,3.7003357,3.7003357,3.7003357,0.0,0.0,0.0,0,0.0,0.0,0.0,0.0,0.0,10000,0,0,0,0,0,0,0,0,0,1,0,0,0,0,0,0,0,0,0,0,0,0,0,0,0,0,0,0,0,0,0,2,0,0,0,0
2887359171,44.28411,44.39126,31.566944,27.175262,21.438972,6354.3584,0.3239942,1.0954506,543.0242,nan,12,3.6992714,3.6992714,3.6992714,3.6992714,3.6992714,3.6992714,3.6992714,3.6992714,3.6992714,3.6992714,3.6992714,3.6992714,0.0,0.0,0.0,0,0.0,0.0,0.0,0.0,0.0,10000,0,0,0,0,0,0,0,0,0,1,0,0,0,0,0,0,0,0,0,0,0,0,0,0,0,0,0,0,0,0,0,2,0,0,0,0
2887561681,44.42022,44.3919,24.192753,26.6512,21.501242,6355.797,0.32386035,1.0956805,541.9762,nan,12,3.6993248,3.6993248,3.6993248,3.6993248,3.6993248,3.6993248,3.6993248,3.6993248,3.6993248,3.6993248,3.6993248,3.6993248,0.0,0.0,0.0,0,0.0,0.0,0.0,0.0,0.0,10000,0,0,0,0,0,0,0,0,0,1,0,0,0,0,0,0,0,0,0,0,0,0,0,0,0,0,0,0,0,0,0,2,0,0,0,0
2887764307,44.40384,44.39152,25.010757,26.366812,21.532124,6357.249,0.32372475,1.0958228,540.8939,nan,12,3.6992934,3.6992934,3.6992934,3.6992934,3.6992934,3.6992934,3.6992934,3.6992934,3.6992934,3.6992934,3.6992934,3.6992934,0.0,0.0,0.0,0,0.0,0.0,0.0,0.0,0.0,10000,0,0,0,0,0,0,0,0,0,1,0,0,0,0,0,0,0,0,0,0,0,0,0,0,0,0,0,0,0,0,0,2,0,0,0,0
2887966694,44.38122,44.39273,26.14441,26.036852,21.556786,6358.6655,0.32359236,1.0959481,539.94403,nan,12,3.6993942,3.6993942,3.6993942,3.6993942,3.6993942,3.6993942,3.6993942,3.6993942,3.6993942,3.6993942,3.6993942,3.6993942,0.0,0.0,0.0,0,0.0,0.0,0.0,0.0,0.0,10000,0,0,0,0,0,0,0,0,0,1,0,0,0,0,0,0,0,0,0,0,0,0,0,0,0,0,0,0,0,0,0,2,0,0,0,0
2888169028,44.397015,44.396408,25.24681,25.537027,21.582277,6360.032,0.3234647,1.0960925,539.1858,nan,12,3.6997006,3.6997006,3.6997006,3.6997006,3.6997006,3.6997006,3.6997006,3.6997006,3.6997006,3.6997006,3.6997006,3.6997006,0.0,0.0,0.0,0,0.0,0.0,0.0,0.0,0.0,10000,0,0,0,0,0,0,0,0,0,1,0,0,0,0,0,0,0,0,0,0,0,0,0,0,0,0,0,0,0,0,0,2,0,0,0,0
2888371657,44.46507,44.40067,21.547565,25.004622,21.616375,6361.3843,0.32333842,1.0962381,538.496,nan,12,3.7000558,3.7000558,3.7000558,3.7000558,3.7000558,3.7000558,3.7000558,3.7000558,3.7000558,3.7000558,3.7000558,3.7000558,0.0,0.0,0.0,0,0.0,0.0,0.0,0.0,0.0,10000,0,0,0,0,0,0,0,0,0,1,0,0,0,0,0,0,0,0,0,0,0,0,0,0,0,0,0,0,0,0,0,2,0,0,0,0
2888574097,44.393505,44.394314,25.205154,25.545414,21.644154,6362.8984,0.32319596,1.0961398,537.20905,nan,12,3.699526,3.699526,3.699526,3.699526,3.699526,3.699526,3.699526,3.699526,3.699526,3.699526,3.699526,3.699526,0.0,0.0,0.0,0,0.0,0.0,0.0,0.0,0.0,10000,0,0,0,0,0,0,0,0,0,1,0,0,0,0,0,0,0,0,0,0,0,0,0,0,0,0,0,0,0,0,0,2,0,0,0,0
2888776419,44.381416,44.396828,25.847359,25.2218,21.6631,6364.2666,0.3230679,1.0962301,536.4653,nan,12,3.6997356,3.6997356,3.6997356,3.6997356,3.6997356,3.6997356,3.6997356,3.6997356,3.6997356,3.6997356,3.6997356,3.6997356,0.0,0.0,0.0,0,0.0,0.0,0.0,0.0,0.0,10000,0,0,0,0,0,0,0,0,0,1,0,0,0,0,0,0,0,0,0,0,0,0,0,0,0,0,0,0,0,0,0,2,0,0,0,0
2888978739,44.412224,44.399178,24.120102,24.919231,21.690468,6365.629,0.3229404,1.0963147,535.75006,nan,12,3.6999314,3.6999314,3.6999314,3.6999314,3.6999314,3.6999314,3.6999314,3.6999314,3.6999314,3.6999314,3.6999314,3.6999314,0.0,0.0,0.0,0,0.0,0.0,0.0,0.0,0.0,10000,0,0,0,0,0,0,0,0,0,1,0,0,0,0,0,0,0,0,0,0,0,0,0,0,0,0,0,0,0,0,0,2,0,0,0,0
2889181095,44.423534,44.400486,23.47641,24.738379,21.714682,6367.001,0.3228118,1.0963675,535.0054,nan,12,3.7000406,3.7000406,3.7000406,3.7000406,3.7000406,3.7000406,3.7000406,3.7000406,3.7000406,3.7000406,3.7000406,3.7000406,0.0,0.0,0.0,0,0.0,0.0,0.0,0.0,0.0,10000,0,0,0,0,0,0,0,0,0,1,0,0,0,0,0,0,0,0,0,0,0,0,0,0,0,0,0,0,0,0,0,2,0,0,0,0
2889383563,44.39253,44.40039,25.102253,24.729168,21.731714,6368.3887,0.3226817,1.0963742,534.2132,nan,12,3.7000325,3.7000325,3.7000325,3.7000325,3.7000325,3.7000325,3.7000325,3.7000325,3.7000325,3.7000325,3.7000325,3.7000325,0.0,0.0,0.0,0,0.0,0.0,0.0,0.0,0.0,10000,0,0,0,0,0,0,0,0,0,1,0,0,0,0,0,0,0,0,0,0,0,0,0,0,0,0,0,0,0,0,0,2,0,0,0,0
2889585923,44.41008,44.40062,24.084892,24.532307,21.754463,6369.742,0.32255483,1.0964609,533.5467,nan,12,3.7000515,3.7000515,3.7000515,3.7000515,3.7000515,3.7000515,3.7000515,3.7000515,3.7000515,3.7000515,3.7000515,3.7000515,0.0,0.0,0.0,0,0.0,0.0,0.0,0.0,0.0,10000,0,0,0,0,0,0,0,0,0,1,0,0,0,0,0,0,0,0,0,0,0,0,0,0,0,0,0,0,0,0,0,2,0,0,0,0
2889788457,44.36094,44.39887,26.685944,24.72042,21.769875,6371.148,0.32242274,1.0964154,532.69885,nan,12,3.6999056,3.6999056,3.6999056,3.6999056,3.6999056,3.6999056,3.6999056,3.6999056,3.6999056,3.6999056,3.6999056,3.6999056,0.0,0.0,0.0,0,0.0,0.0,0.0,0.0,0.0,10000,0,0,0,0,0,0,0,0,0,1,0,0,0,0,0,0,0,0,0,0,0,0,0,0,0,0,0,0,0,0,0,2,0,0,0,0
2889991051,44.41047,44.397026,23.89595,24.810747,21.807669,6372.5625,0.32229003,1.0964181,531.83203,nan,12,3.699752,3.699752,3.699752,3.699752,3.699752,3.699752,3.699752,3.699752,3.699752,3.699752,3.699752,3.699752,0.0,0.0,0.0,0,0.0,0.0,0.0,0.0,0.0,10000,0,0,0,0,0,0,0,0,0,1,0,0,0,0,0,0,0,0,0,0,0,0,0,0,0,0,0,0,0,0,0,2,0,0,0,0
2890193436,44.397797,44.394527,24.469223,24.945946,21.83343,6373.9863,0.3221564,1.0964158,530.9315,nan,12,3.699544,3.699544,3.699544,3.699544,3.699544,3.699544,3.699544,3.699544,3.699544,3.699544,3.699544,3.699544,0.0,0.0,0.0,0,0.0,0.0,0.0,0.0,0.0,10000,0,0,0,0,0,0,0,0,0,1,0,0,0,0,0,0,0,0,0,0,0,0,0,0,0,0,0,0,0,0,0,2,0,0,0,0
2890395815,44.384926,44.39197,25.128288,25.071608,21.85902,6375.413,0.32202253,1.0964192,530.02875,nan,12,3.699331,3.699331,3.699331,3.699331,3.699331,3.699331,3.699331,3.699331,3.699331,3.699331,3.699331,3.699331,0.0,0.0,0.0,0,0.0,0.0,0.0,0.0,0.0,10000,0,0,0,0,0,0,0,0,0,1,0,0,0,0,0,0,0,0,0,0,0,0,0,0,0,0,0,0,0,0,0,2,0,0,0,0
2890598241,44.34768,44.38491,26.869926,25.576532,21.890676,6376.915,0.3218813,1.0963548,528.8661,nan,12,3.6987426,3.6987426,3.6987426,3.6987426,3.6987426,3.6987426,3.6987426,3.6987426,3.6987426,3.6987426,3.6987426,3.6987426,0.0,0.0,0.0,0,0.0,0.0,0.0,0.0,0.0,10000,0,0,0,0,0,0,0,0,0,1,0,0,0,0,0,0,0,0,0,0,0,0,0,0,0,0,0,0,0,0,0,2,0,0,0,0
2890800647,44.377514,44.38079,25.205402,25.725105,21.931154,6378.3853,0.3217433,1.0963858,527.8279,nan,12,3.6983993,3.6983993,3.6983993,3.6983993,3.6983993,3.6983993,3.6983993,3.6983993,3.6983993,3.6983993,3.6983993,3.6983993,0.0,0.0,0.0,0,0.0,0.0,0.0,0.0,0.0,10000,0,0,0,0,0,0,0,0,0,1,0,0,0,0,0,0,0,0,0,0,0,0,0,0,0,0,0,0,0,0,0,2,0,0,0,0
2891003156,44.36289,44.37847,25.908356,25.707504,21.95788,6379.8276,0.32160795,1.0964508,526.8995,nan,12,3.698206,3.698206,3.698206,3.698206,3.698206,3.698206,3.698206,3.698206,3.698206,3.698206,3.698206,3.698206,0.0,0.0,0.0,0,0.0,0.0,0.0,0.0,0.0,10000,0,0,0,0,0,0,0,0,0,1,0,0,0,0,0,0,0,0,0,0,0,0,0,0,0,0,0,0,0,0,0,2,0,0,0,0
2891205502,44.3625,44.376404,25.77074,25.679062,21.987375,6381.266,0.3214729,1.0965146,525.9881,nan,12,3.6980336,3.6980336,3.6980336,3.6980336,3.6980336,3.6980336,3.6980336,3.6980336,3.6980336,3.6980336,3.6980336,3.6980336,0.0,0.0,0.0,0,0.0,0.0,0.0,0.0,0.0,10000,0,0,0,0,0,0,0,0,0,1,0,0,0,0,0,0,0,0,0,0,0,0,0,0,0,0,0,0,0,0,0,2,0,0,0,0
2891306651,44.3625,44.375137,25.8605,25.709303,22.002447,6381.9927,0.32140464,1.0965314,525.5093,nan,12,3.6979282,3.6979282,3.6979282,3.6979282,3.6979282,3.6979282,3.6979282,3.6979282,3.6979282,3.6979282,3.6979282,3.6979282,0.0,0.0,0.0,0,0.0,0.0,0.0,0.0,0.0,10000,0,0,0,0,0,0,0,0,0,1,0,0,0,0,0,0,0,0,0,0,0,0,0,0,0,0,0,0,0,0,0,2,0,0,0,0
2891509049,44.41125,44.375423,23.086624,25.44324,22.03743,6383.399,0.32127267,1.0966492,524.72656,nan,12,3.697952,3.697952,3.697952,3.697952,3.697952,3.697952,3.697952,3.697952,3.697952,3.697952,3.697952,3.697952,0.0,0.0,0.0,0,0.0,0.0,0.0,0.0,0.0,10000,0,0,0,0,0,0,0,0,0,1,0,0,0,0,0,0,0,0,0,0,0,0,0,0,0,0,0,0,0,0,0,2,0,0,0,0
2891711496,44.33715,44.36886,27.005806,25.912289,22.061144,6384.9155,0.32112968,1.0965896,523.56104,nan,12,3.6974049,3.6974049,3.6974049,3.6974049,3.6974049,3.6974049,3.6974049,3.6974049,3.6974049,3.6974049,3.6974049,3.6974049,0.0,0.0,0.0,0,0.0,0.0,0.0,0.0,0.0,10000,0,0,0,0,0,0,0,0,0,1,0,0,0,0,0,0,0,0,0,0,0,0,0,0,0,0,0,0,0,0,0,2,0,0,0,0
2891913871,44.358406,44.364334,25.768509,26.094065,22.102009,6386.4097,0.320989,1.0966148,522.4852,nan,12,3.697028,3.697028,3.697028,3.697028,3.697028,3.697028,3.697028,3.697028,3.697028,3.697028,3.697028,3.697028,0.0,0.0,0.0,0,0.0,0.0,0.0,0.0,0.0,10000,0,0,0,0,0,0,0,0,0,1,0,0,0,0,0,0,0,0,0,0,0,0,0,0,0,0,0,0,0,0,0,2,0,0,0,0
2892116175,44.360744,44.359665,25.407734,26.255358,22.14037,6387.9126,0.32084754,1.0966532,521.38806,nan,12,3.6966388,3.6966388,3.6966388,3.6966388,3.6966388,3.6966388,3.6966388,3.6966388,3.6966388,3.6966388,3.6966388,3.6966388,0.0,0.0,0.0,0,0.0,0.0,0.0,0.0,0.0,10000,0,0,0,0,0,0,0,0,0,1,0,0,0,0,0,0,0,0,0,0,0,0,0,0,0,0,0,0,0,0,0,2,0,0,0,0
2892318487,44.382782,44.36216,24.281769,25.78401,22.165644,6389.3037,0.3207169,1.0968134,520.6896,nan,12,3.6968467,3.6968467,3.6968467,3.6968467,3.6968467,3.6968467,3.6968467,3.6968467,3.6968467,3.6968467,3.6968467,3.6968467,0.0,0.0,0.0,0,0.0,0.0,0.0,0.0,0.0,10000,0,0,0,0,0,0,0,0,0,1,0,0,0,0,0,0,0,0,0,0,0,0,0,0,0,0,0,0,0,0,0,2,0,0,0,0
2892521034,44.380245,44.36512,24.257717,25.353392,22.183401,6390.676,0.32058784,1.0969434,520.06744,nan,12,3.6970932,3.6970932,3.6970932,3.6970932,3.6970932,3.6970932,3.6970932,3.6970932,3.6970932,3.6970932,3.6970932,3.6970932,0.0,0.0,0.0,0,0.0,0.0,0.0,0.0,0.0,10000,0,0,0,0,0,0,0,0,0,1,0,0,0,0,0,0,0,0,0,0,0,0,0,0,0,0,0,0,0,0,0,2,0,0,0,0
2892723466,44.42568,44.37316,21.939335,24.528341,22.196915,6391.9536,0.3204679,1.0971341,519.774,nan,12,3.6977634,3.6977634,3.6977634,3.6977634,3.6977634,3.6977634,3.6977634,3.6977634,3.6977634,3.6977634,3.6977634,3.6977634,0.0,0.0,0.0,0,0.0,0.0,0.0,0.0,0.0,10000,0,0,0,0,0,0,0,0,0,1,0,0,0,0,0,0,0,0,0,0,0,0,0,0,0,0,0,0,0,0,0,2,0,0,0,0
2892925952,44.427437,44.377342,21.672783,24.145317,22.207846,6393.2715,0.3203438,1.0972118,519.3428,nan,12,3.6981118,3.6981118,3.6981118,3.6981118,3.6981118,3.6981118,3.6981118,3.6981118,3.6981118,3.6981118,3.6981118,3.6981118,0.0,0.0,0.0,0,0.0,0.0,0.0,0.0,0.0,10000,0,0,0,0,0,0,0,0,0,1,0,0,0,0,0,0,0,0,0,0,0,0,0,0,0,0,0,0,0,0,0,2,0,0,0,0
2893128348,44.36172,44.37582,25.258713,24.404076,22.21554,6394.675,0.3202112,1.0971274,518.6152,nan,12,3.697985,3.697985,3.697985,3.697985,3.697985,3.697985,3.697985,3.697985,3.697985,3.697985,3.697985,3.697985,0.0,0.0,0.0,0,0.0,0.0,0.0,0.0,0.0,10000,0,0,0,0,0,0,0,0,0,1,0,0,0,0,0,0,0,0,0,0,0,0,0,0,0,0,0,0,0,0,0,2,0,0,0,0
2893330867,44.40774,44.380505,22.805195,23.985645,22.231976,6395.972,0.3200892,1.0972093,518.2638,nan,12,3.6983755,3.6983755,3.6983755,3.6983755,3.6983755,3.6983755,3.6983755,3.6983755,3.6983755,3.6983755,3.6983755,3.6983755,0.0,0.0,0.0,0,0.0,0.0,0.0,0.0,0.0,10000,0,0,0,0,0,0,0,0,0,1,0,0,0,0,0,0,0,0,0,0,0,0,0,0,0,0,0,0,0,0,0,2,0,0,0,0
2893533533,44.34495,44.377926,26.026382,24.311176,22.240816,6397.377,0.3199566,1.0971196,517.5454,nan,12,3.6981604,3.6981604,3.6981604,3.6981604,3.6981604,3.6981604,3.6981604,3.6981604,3.6981604,3.6981604,3.6981604,3.6981604,0.0,0.0,0.0,0,0.0,0.0,0.0,0.0,0.0,10000,0,0,0,0,0,0,0,0,0,1,0,0,0,0,0,0,0,0,0,0,0,0,0,0,0,0,0,0,0,0,0,2,0,0,0,0
2893735985,44.37498,44.371788,24.174652,24.82044,22.279346,6398.848,0.31981775,1.0970305,516.60126,nan,12,3.697649,3.697649,3.697649,3.697649,3.697649,3.697649,3.697649,3.697649,3.697649,3.697649,3.697649,3.697649,0.0,0.0,0.0,0,0.0,0.0,0.0,0.0,0.0,10000,0,0,0,0,0,0,0,0,0,1,0,0,0,0,0,0,0,0,0,0,0,0,0,0,0,0,0,0,0,0,0,2,0,0,0,0
2893938499,44.30478,44.36596,28.124332,25.281399,22.294418,6400.3193,0.319679,1.0969566,515.6657,nan,12,3.6971633,3.6971633,3.6971633,3.6971633,3.6971633,3.6971633,3.6971633,3.6971633,3.6971633,3.6971633,3.6971633,3.6971633,0.0,0.0,0.0,0,0.0,0.0,0.0,0.0,0.0,10000,0,0,0,0,0,0,0,0,0,1,0,0,0,0,0,0,0,0,0,0,0,0,0,0,0,0,0,0,0,0,0,2,0,0,0,0
2894141009,44.33949,44.36481,26.128292,25.222515,22.323713,6401.7246,0.31954676,1.0970124,514.96265,nan,12,3.6970675,3.6970675,3.6970675,3.6970675,3.6970675,3.6970675,3.6970675,3.6970675,3.6970675,3.6970675,3.6970675,3.6970675,0.0,0.0,0.0,0,0.0,0.0,0.0,0.0,0.0,10000,0,0,0,0,0,0,0,0,0,1,0,0,0,0,0,0,0,0,0,0,0,0,0,0,0,0,0,0,0,0,0,2,0,0,0,0
2894343516,44.418465,44.37114,21.851063,24.459831,22.344599,6403.008,0.3194265,1.0972158,514.68225,nan,12,3.697595,3.697595,3.697595,3.697595,3.697595,3.697595,3.697595,3.697595,3.697595,3.697595,3.697595,3.697595,0.0,0.0,0.0,0,0.0,0.0,0.0,0.0,0.0,10000,0,0,0,0,0,0,0,0,0,1,0,0,0,0,0,0,0,0,0,0,0,0,0,0,0,0,0,0,0,0,0,2,0,0,0,0
2894545855,44.39409,44.374428,23.132744,24.125896,22.347832,6404.3223,0.3193029,1.0972922,514.2913,nan,12,3.697869,3.697869,3.697869,3.697869,3.697869,3.697869,3.697869,3.697869,3.697869,3.697869,3.697869,3.697869,0.0,0.0,0.0,0,0.0,0.0,0.0,0.0,0.0,10000,0,0,0,0,0,0,0,0,0,1,0,0,0,0,0,0,0,0,0,0,0,0,0,0,0,0,0,0,0,0,0,2,0,0,0,0
2894748202,44.39097,44.373768,23.188534,24.183828,22.364172,6405.6953,0.3191735,1.0972811,513.7038,nan,12,3.697814,3.697814,3.697814,3.697814,3.697814,3.697814,3.697814,3.697814,3.697814,3.697814,3.697814,3.697814,0.0,0.0,0.0,0,0.0,0.0,0.0,0.0,0.0,10000,0,0,0,0,0,0,0,0,0,1,0,0,0,0,0,0,0,0,0,0,0,0,0,0,0,0,0,0,0,0,0,2,0,0,0,0
2894950529,44.36796,44.37105,24.43327,24.422976,22.38036,6407.101,0.31904095,1.0972352,513.0069,nan,12,3.6975877,3.6975877,3.6975877,3.6975877,3.6975877,3.6975877,3.6975877,3.6975877,3.6975877,3.6975877,3.6975877,3.6975877,0.0,0.0,0.0,0,0.0,0.0,0.0,0.0,0.0,10000,0,0,0,0,0,0,0,0,0,1,0,0,0,0,0,0,0,0,0,0,0,0,0,0,0,0,0,0,0,0,0,2,0,0,0,0
2895152841,44.395844,44.371162,22.85553,24.320478,22.401197,6408.4614,0.31891298,1.0972807,512.4699,nan,12,3.6975968,3.6975968,3.6975968,3.6975968,3.6975968,3.6975968,3.6975968,3.6975968,3.6975968,3.6975968,3.6975968,3.6975968,0.0,0.0,0.0,0,0.0,0.0,0.0,0.0,0.0,10000,0,0,0,0,0,0,0,0,0,1,0,0,0,0,0,0,0,0,0,0,0,0,0,0,0,0,0,0,0,0,0,2,0,0,0,0
2895355235,44.36367,44.37326,24.626179,24.109144,22.403122,6409.784,0.3187886,1.0973287,512.065,nan,12,3.6977718,3.6977718,3.6977718,3.6977718,3.6977718,3.6977718,3.6977718,3.6977718,3.6977718,3.6977718,3.6977718,3.6977718,0.0,0.0,0.0,0,0.0,0.0,0.0,0.0,0.0,10000,0,0,0,0,0,0,0,0,0,1,0,0,0,0,0,0,0,0,0,0,0,0,0,0,0,0,0,0,0,0,0,2,0,0,0,0
2895557544,44.386486,44.372925,23.299866,24.103071,22.422434,6411.1426,0.3186607,1.0973396,511.5412,nan,12,3.6977437,3.6977437,3.6977437,3.6977437,3.6977437,3.6977437,3.6977437,3.6977437,3.6977437,3.6977437,3.6977437,3.6977437,0.0,0.0,0.0,0,0.0,0.0,0.0,0.0,0.0,10000,0,0,0,0,0,0,0,0,0,1,0,0,0,0,0,0,0,0,0,0,0,0,0,0,0,0,0,0,0,0,0,2,0,0,0,0
2895759873,44.39019,44.375164,23.064308,23.861334,22.430641,6412.4546,0.31853744,1.0973985,511.1784,nan,12,3.6979303,3.6979303,3.6979303,3.6979303,3.6979303,3.6979303,3.6979303,3.6979303,3.6979303,3.6979303,3.6979303,3.6979303,0.0,0.0,0.0,0,0.0,0.0,0.0,0.0,0.0,10000,0,0,0,0,0,0,0,0,0,1,0,0,0,0,0,0,0,0,0,0,0,0,0,0,0,0,0,0,0,0,0,2,0,0,0,0
2895962213,44.387264,44.368027,23.008022,24.45033,22.45983,6413.92,0.3183992,1.0972965,510.3003,nan,12,3.6973355,3.6973355,3.6973355,3.6973355,3.6973355,3.6973355,3.6973355,3.6973355,3.6973355,3.6973355,3.6973355,3.6973355,0.0,0.0,0.0,0,0.0,0.0,0.0,0.0,0.0,10000,0,0,0,0,0,0,0,0,0,1,0,0,0,0,0,0,0,0,0,0,0,0,0,0,0,0,0,0,0,0,0,2,0,0,0,0
2896164759,44.305367,44.36055,27.381706,25.06336,22.473505,6415.4033,0.31825918,1.0971913,509.37183,nan,12,3.6967125,3.6967125,3.6967125,3.6967125,3.6967125,3.6967125,3.6967125,3.6967125,3.6967125,3.6967125,3.6967125,3.6967125,0.0,0.0,0.0,0,0.0,0.0,0.0,0.0,0.0,10000,0,0,0,0,0,0,0,0,0,1,0,0,0,0,0,0,0,0,0,0,0,0,0,0,0,0,0,0,0,0,0,2,0,0,0,0
2896367150,44.36913,44.357956,23.86198,25.06614,22.509123,6416.82,0.31812596,1.0972536,508.6735,nan,12,3.6964962,3.6964962,3.6964962,3.6964962,3.6964962,3.6964962,3.6964962,3.6964962,3.6964962,3.6964962,3.6964962,3.6964962,0.0,0.0,0.0,0,0.0,0.0,0.0,0.0,0.0,10000,0,0,0,0,0,0,0,0,0,1,0,0,0,0,0,0,0,0,0,0,0,0,0,0,0,0,0,0,0,0,0,2,0,0,0,0
2896569788,44.3313,44.351265,25.809174,25.48951,22.533268,6418.3125,0.31798524,1.0972184,507.73117,nan,12,3.6959388,3.6959388,3.6959388,3.6959388,3.6959388,3.6959388,3.6959388,3.6959388,3.6959388,3.6959388,3.6959388,3.6959388,0.0,0.0,0.0,0,0.0,0.0,0.0,0.0,0.0,10000,0,0,0,0,0,0,0,0,0,1,0,0,0,0,0,0,0,0,0,0,0,0,0,0,0,0,0,0,0,0,0,2,0,0,0,0
2896772180,44.351776,44.34874,24.61874,25.456623,22.561262,6419.7437,0.31785056,1.0972955,506.99582,nan,12,3.6957283,3.6957283,3.6957283,3.6957283,3.6957283,3.6957283,3.6957283,3.6957283,3.6957283,3.6957283,3.6957283,3.6957283,0.0,0.0,0.0,0,0.0,0.0,0.0,0.0,0.0,10000,0,0,0,0,0,0,0,0,0,1,0,0,0,0,0,0,0,0,0,0,0,0,0,0,0,0,0,0,0,0,0,2,0,0,0,0
2896974530,44.325645,44.345634,25.997372,25.541061,22.580797,6421.189,0.31771436,1.0973319,506.21893,nan,12,3.6954696,3.6954696,3.6954696,3.6954696,3.6954696,3.6954696,3.6954696,3.6954696,3.6954696,3.6954696,3.6954696,3.6954696,0.0,0.0,0.0,0,0.0,0.0,0.0,0.0,0.0,10000,0,0,0,0,0,0,0,0,0,1,0,0,0,0,0,0,0,0,0,0,0,0,0,0,0,0,0,0,0,0,0,2,0,0,0,0
2897176925,44.415344,44.34875,21.128273,24.990301,22.611444,6422.5386,0.3175876,1.0975145,505.76794,nan,12,3.6957293,3.6957293,3.6957293,3.6957293,3.6957293,3.6957293,3.6957293,3.6957293,3.6957293,3.6957293,3.6957293,3.6957293,0.0,0.0,0.0,0,0.0,0.0,0.0,0.0,0.0,10000,0,0,0,0,0,0,0,0,0,1,0,0,0,0,0,0,0,0,0,0,0,0,0,0,0,0,0,0,0,0,0,2,0,0,0,0
2897379534,44.287426,44.33954,27.823067,25.749214,22.623262,6424.0825,0.31744137,1.0973833,504.6768,nan,12,3.6949615,3.6949615,3.6949615,3.6949615,3.6949615,3.6949615,3.6949615,3.6949615,3.6949615,3.6949615,3.6949615,3.6949615,0.0,0.0,0.0,0,0.0,0.0,0.0,0.0,0.0,10000,0,0,0,0,0,0,0,0,0,1,0,0,0,0,0,0,0,0,0,0,0,0,0,0,0,0,0,0,0,0,0,2,0,0,0,0
2897581884,44.33871,44.3459,25.243587,24.984198,22.636822,6425.378,0.31731972,1.0975871,504.41144,nan,12,3.6954918,3.6954918,3.6954918,3.6954918,3.6954918,3.6954918,3.6954918,3.6954918,3.6954918,3.6954918,3.6954918,3.6954918,0.0,0.0,0.0,0,0.0,0.0,0.0,0.0,0.0,10000,0,0,0,0,0,0,0,0,0,1,0,0,0,0,0,0,0,0,0,0,0,0,0,0,0,0,0,0,0,0,0,2,0,0,0,0
2897784328,44.29503,44.336586,27.255745,25.73917,22.667315,6426.923,0.3171734,1.0974603,503.32568,nan,12,3.6947155,3.6947155,3.6947155,3.6947155,3.6947155,3.6947155,3.6947155,3.6947155,3.6947155,3.6947155,3.6947155,3.6947155,0.0,0.0,0.0,0,0.0,0.0,0.0,0.0,0.0,10000,0,0,0,0,0,0,0,0,0,1,0,0,0,0,0,0,0,0,0,0,0,0,0,0,0,0,0,0,0,0,0,2,0,0,0,0
2897986676,44.30946,44.333214,26.398811,25.836517,22.6974,6428.3857,0.31703532,1.0974971,502.51846,nan,12,3.6944344,3.6944344,3.6944344,3.6944344,3.6944344,3.6944344,3.6944344,3.6944344,3.6944344,3.6944344,3.6944344,3.6944344,0.0,0.0,0.0,0,0.0,0.0,0.0,0.0,0.0,10000,0,0,0,0,0,0,0,0,0,1,0,0,0,0,0,0,0,0,0,0,0,0,0,0,0,0,0,0,0,0,0,2,0,0,0,0
2898189089,44.33559,44.331467,24.994888,25.774343,22.726831,6429.8306,0.316899,1.0975691,501.7783,nan,12,3.694289,3.694289,3.694289,3.694289,3.694289,3.694289,3.694289,3.694289,3.694289,3.694289,3.694289,3.694289,0.0,0.0,0.0,0,0.0,0.0,0.0,0.0,0.0,10000,0,0,0,0,0,0,0,0,0,1,0,0,0,0,0,0,0,0,0,0,0,0,0,0,0,0,0,0,0,0,0,2,0,0,0,0
2898391614,44.25291,44.330418,29.533215,25.77961,22.730152,6431.2603,0.3167639,1.0975924,501.09296,nan,12,3.6942015,3.6942015,3.6942015,3.6942015,3.6942015,3.6942015,3.6942015,3.6942015,3.6942015,3.6942015,3.6942015,3.6942015,0.0,0.0,0.0,0,0.0,0.0,0.0,0.0,0.0,10000,0,0,0,0,0,0,0,0,0,1,0,0,0,0,0,0,0,0,0,0,0,0,0,0,0,0,0,0,0,0,0,2,0,0,0,0
2898593963,44.25369,44.313232,29.07648,27.14735,22.792768,6432.9673,0.3166018,1.0973701,499.50763,nan,12,3.6927693,3.6927693,3.6927693,3.6927693,3.6927693,3.6927693,3.6927693,3.6927693,3.6927693,3.6927693,3.6927693,3.6927693,0.0,0.0,0.0,0,0.0,0.0,0.0,0.0,0.0,10000,0,0,0,0,0,0,0,0,0,1,0,0,0,0,0,0,0,0,0,0,0,0,0,0,0,0,0,0,0,0,0,2,0,0,0,0
2898796416,44.3508,44.319447,23.938847,26.18781,22.822866,6434.3174,0.31647497,1.0976691,499.09946,nan,12,3.6932871,3.6932871,3.6932871,3.6932871,3.6932871,3.6932871,3.6932871,3.6932871,3.6932871,3.6932871,3.6932871,3.6932871,0.0,0.0,0.0,0,0.0,0.0,0.0,0.0,0.0,10000,0,0,0,0,0,0,0,0,0,1,0,0,0,0,0,0,0,0,0,0,0,0,0,0,0,0,0,0,0,0,0,2,0,0,0,0
2898998933,44.338516,44.323704,24.642048,25.621342,22.83184,6435.6846,0.316346,1.0978311,498.63962,nan,12,3.693642,3.693642,3.693642,3.693642,3.693642,3.693642,3.693642,3.693642,3.693642,3.693642,3.693642,3.693642,0.0,0.0,0.0,0,0.0,0.0,0.0,0.0,0.0,10000,0,0,0,0,0,0,0,0,0,1,0,0,0,0,0,0,0,0,0,0,0,0,0,0,0,0,0,0,0,0,0,2,0,0,0,0
2899201296,44.311604,44.321037,25.967121,25.776108,22.852922,6437.1543,0.31620678,1.0978236,497.84738,nan,12,3.6934197,3.6934197,3.6934197,3.6934197,3.6934197,3.6934197,3.6934197,3.6934197,3.6934197,3.6934197,3.6934197,3.6934197,0.0,0.0,0.0,0,0.0,0.0,0.0,0.0,0.0,10000,0,0,0,0,0,0,0,0,0,1,0,0,0,0,0,0,0,0,0,0,0,0,0,0,0,0,0,0,0,0,0,2,0,0,0,0
2899403664,44.317844,44.323734,25.623455,25.429232,22.867706,6438.5337,0.3160764,1.0979208,497.35162,nan,12,3.6936445,3.6936445,3.6936445,3.6936445,3.6936445,3.6936445,3.6936445,3.6936445,3.6936445,3.6936445,3.6936445,3.6936445,0.0,0.0,0.0,0,0.0,0.0,0.0,0.0,0.0,10000,0,0,0,0,0,0,0,0,0,1,0,0,0,0,0,0,0,0,0,0,0,0,0,0,0,0,0,0,0,0,0,2,0,0,0,0
2899504897,44.315506,44.322987,25.611553,25.45962,22.878685,6439.254,0.31600818,1.0979247,497.00775,nan,12,3.6935823,3.6935823,3.6935823,3.6935823,3.6935823,3.6935823,3.6935823,3.6935823,3.6935823,3.6935823,3.6935823,3.6935823,0.0,0.0,0.0,0,0.0,0.0,0.0,0.0,0.0,10000,0,0,0,0,0,0,0,0,0,1,0,0,0,0,0,0,0,0,0,0,0,0,0,0,0,0,0,0,0,0,0,2,0,0,0,0
2899707325,44.3313,44.327972,24.955711,24.962954,22.887972,6440.5874,0.31588215,1.0980363,496.6655,nan,12,3.6939976,3.6939976,3.6939976,3.6939976,3.6939976,3.6939976,3.6939976,3.6939976,3.6939976,3.6939976,3.6939976,3.6939976,0.0,0.0,0.0,0,0.0,0.0,0.0,0.0,0.0,10000,0,0,0,0,0,0,0,0,0,1,0,0,0,0,0,0,0,0,0,0,0,0,0,0,0,0,0,0,0,0,0,2,0,0,0,0
2899909698,44.292496,44.3207,26.737022,25.620573,22.914825,6442.1133,0.31573722,1.097905,495.70496,nan,12,3.6933918,3.6933918,3.6933918,3.6933918,3.6933918,3.6933918,3.6933918,3.6933918,3.6933918,3.6933918,3.6933918,3.6933918,0.0,0.0,0.0,0,0.0,0.0,0.0,0.0,0.0,10000,0,0,0,0,0,0,0,0,0,1,0,0,0,0,0,0,0,0,0,0,0,0,0,0,0,0,0,0,0,0,0,2,0,0,0,0
2900112058,44.35353,44.32353,23.549309,25.22934,22.93945,6443.4863,0.31560755,1.0980198,495.2459,nan,12,3.6936274,3.6936274,3.6936274,3.6936274,3.6936274,3.6936274,3.6936274,3.6936274,3.6936274,3.6936274,3.6936274,3.6936274,0.0,0.0,0.0,0,0.0,0.0,0.0,0.0,0.0,10000,0,0,0,0,0,0,0,0,0,1,0,0,0,0,0,0,0,0,0,0,0,0,0,0,0,0,0,0,0,0,0,2,0,0,0,0
2900314352,44.339684,44.32314,24.136467,25.188925,22.955057,6444.902,0.31547356,1.0980484,494.6501,nan,12,3.693595,3.693595,3.693595,3.693595,3.693595,3.693595,3.693595,3.693595,3.693595,3.693595,3.693595,3.693595,0.0,0.0,0.0,0,0.0,0.0,0.0,0.0,0.0,10000,0,0,0,0,0,0,0,0,0,1,0,0,0,0,0,0,0,0,0,0,0,0,0,0,0,0,0,0,0,0,0,2,0,0,0,0
2900516712,44.400913,44.33233,20.9309,24.26665,22.962543,6446.155,0.31535545,1.0982572,494.57938,nan,12,3.6943607,3.6943607,3.6943607,3.6943607,3.6943607,3.6943607,3.6943607,3.6943607,3.6943607,3.6943607,3.6943607,3.6943607,0.0,0.0,0.0,0,0.0,0.0,0.0,0.0,0.0,10000,0,0,0,0,0,0,0,0,0,1,0,0,0,0,0,0,0,0,0,0,0,0,0,0,0,0,0,0,0,0,0,2,0,0,0,0
2900719028,44.437965,44.351402,19.14215,22.620935,22.936968,6447.2144,0.315256,1.0985641,495.12662,nan,12,3.6959503,3.6959503,3.6959503,3.6959503,3.6959503,3.6959503,3.6959503,3.6959503,3.6959503,3.6959503,3.6959503,3.6959503,0.0,0.0,0.0,0,0.0,0.0,0.0,0.0,0.0,10000,0,0,0,0,0,0,0,0,0,1,0,0,0,0,0,0,0,0,0,0,0,0,0,0,0,0,0,0,0,0,0,2,0,0,0,0
2900921358,44.409103,44.368908,20.920982,21.404305,22.893877,6448.249,0.3151585,1.0987079,495.7484,nan,12,3.697409,3.697409,3.697409,3.697409,3.697409,3.697409,3.697409,3.697409,3.697409,3.697409,3.697409,3.697409,0.0,0.0,0.0,0,0.0,0.0,0.0,0.0,0.0,10000,0,0,0,0,0,0,0,0,0,1,0,0,0,0,0,0,0,0,0,0,0,0,0,0,0,0,0,0,0,0,0,2,0,0,0,0
2901123690,44.237507,44.350563,29.720173,23.580633,22.902784,6449.8457,0.31500596,1.0981331,494.55917,nan,12,3.6958802,3.6958802,3.6958802,3.6958802,3.6958802,3.6958802,3.6958802,3.6958802,3.6958802,3.6958802,3.6958802,3.6958802,0.0,0.0,0.0,0,0.0,0.0,0.0,0.0,0.0,10000,0,0,0,0,0,0,0,0,0,1,0,0,0,0,0,0,0,0,0,0,0,0,0,0,0,0,0,0,0,0,0,2,0,0,0,0
2901326099,44.157555,44.328278,33.852596,25.718756,22.94476,6451.5464,0.31484407,1.0976733,493.05203,nan,12,3.6940231,3.6940231,3.6940231,3.6940231,3.6940231,3.6940231,3.6940231,3.6940231,3.6940231,3.6940231,3.6940231,3.6940231,0.0,0.0,0.0,0,0.0,0.0,0.0,0.0,0.0,10000,0,0,0,0,0,0,0,0,0,1,0,0,0,0,0,0,0,0,0,0,0,0,0,0,0,0,0,0,0,0,0,2,0,0,0,0
2901528480,44.306927,44.3095,25.42286,26.989172,23.036951,6453.251,0.31468284,1.0975358,491.55423,nan,12,3.6924584,3.6924584,3.6924584,3.6924584,3.6924584,3.6924584,3.6924584,3.6924584,3.6924584,3.6924584,3.6924584,3.6924584,0.0,0.0,0.0,0,0.0,0.0,0.0,0.0,0.0,10000,0,0,0,0,0,0,0,0,0,1,0,0,0,0,0,0,0,0,0,0,0,0,0,0,0,0,0,0,0,0,0,2,0,0,0,0
2901730846,44.33598,44.31714,24.090347,25.819273,23.042463,6454.5474,0.31456155,1.0978988,491.3609,nan,12,3.693095,3.693095,3.693095,3.693095,3.693095,3.693095,3.693095,3.693095,3.693095,3.693095,3.693095,3.693095,0.0,0.0,0.0,0,0.0,0.0,0.0,0.0,0.0,10000,0,0,0,0,0,0,0,0,0,1,0,0,0,0,0,0,0,0,0,0,0,0,0,0,0,0,0,0,0,0,0,2,0,0,0,0
2901933247,44.35665,44.31318,22.783127,25.858934,23.073336,6456.024,0.31442216,1.0979773,490.59946,nan,12,3.692765,3.692765,3.692765,3.692765,3.692765,3.692765,3.692765,3.692765,3.692765,3.692765,3.692765,3.692765,0.0,0.0,0.0,0,0.0,0.0,0.0,0.0,0.0,10000,0,0,0,0,0,0,0,0,0,1,0,0,0,0,0,0,0,0,0,0,0,0,0,0,0,0,0,0,0,0,0,2,0,0,0,0
2902135574,44.35392,44.31338,22.879581,25.58486,23.089663,6457.439,0.31428874,1.0981013,490.03772,nan,12,3.6927817,3.6927817,3.6927817,3.6927817,3.6927817,3.6927817,3.6927817,3.6927817,3.6927817,3.6927817,3.6927817,3.6927817,0.0,0.0,0.0,0,0.0,0.0,0.0,0.0,0.0,10000,0,0,0,0,0,0,0,0,0,1,0,0,0,0,0,0,0,0,0,0,0,0,0,0,0,0,0,0,0,0,0,2,0,0,0,0
2902337924,44.30283,44.311546,25.7333,25.630217,23.09936,6458.8853,0.31415197,1.0981249,489.37878,nan,12,3.6926289,3.6926289,3.6926289,3.6926289,3.6926289,3.6926289,3.6926289,3.6926289,3.6926289,3.6926289,3.6926289,3.6926289,0.0,0.0,0.0,0,0.0,0.0,0.0,0.0,0.0,10000,0,0,0,0,0,0,0,0,0,1,0,0,0,0,0,0,0,0,0,0,0,0,0,0,0,0,0,0,0,0,0,2,0,0,0,0
2902540292,44.28606,44.31112,26.539402,25.543703,23.113064,6460.3037,0.31401792,1.098176,488.8133,nan,12,3.6925933,3.6925933,3.6925933,3.6925933,3.6925933,3.6925933,3.6925933,3.6925933,3.6925933,3.6925933,3.6925933,3.6925933,0.0,0.0,0.0,0,0.0,0.0,0.0,0.0,0.0,10000,0,0,0,0,0,0,0,0,0,1,0,0,0,0,0,0,0,0,0,0,0,0,0,0,0,0,0,0,0,0,0,2,0,0,0,0
2902742710,44.33403,44.31163,23.866692,25.34419,23.138638,6461.709,0.3138851,1.0982574,488.29358,nan,12,3.6926358,3.6926358,3.6926358,3.6926358,3.6926358,3.6926358,3.6926358,3.6926358,3.6926358,3.6926358,3.6926358,3.6926358,0.0,0.0,0.0,0,0.0,0.0,0.0,0.0,0.0,10000,0,0,0,0,0,0,0,0,0,1,0,0,0,0,0,0,0,0,0,0,0,0,0,0,0,0,0,0,0,0,0,2,0,0,0,0
2902945082,44.336567,44.316795,23.832226,24.797623,23.141861,6463.0312,0.31376025,1.0983881,488.03452,nan,12,3.6930664,3.6930664,3.6930664,3.6930664,3.6930664,3.6930664,3.6930664,3.6930664,3.6930664,3.6930664,3.6930664,3.6930664,0.0,0.0,0.0,0,0.0,0.0,0.0,0.0,0.0,10000,0,0,0,0,0,0,0,0,0,1,0,0,0,0,0,0,0,0,0,0,0,0,0,0,0,0,0,0,0,0,0,2,0,0,0,0
2903147606,44.29347,44.315468,26.045475,24.936226,23.149206,6464.4473,0.31362608,1.0983554,487.48608,nan,12,3.6929557,3.6929557,3.6929557,3.6929557,3.6929557,3.6929557,3.6929557,3.6929557,3.6929557,3.6929557,3.6929557,3.6929557,0.0,0.0,0.0,0,0.0,0.0,0.0,0.0,0.0,10000,0,0,0,0,0,0,0,0,0,1,0,0,0,0,0,0,0,0,0,0,0,0,0,0,0,0,0,0,0,0,0,2,0,0,0,0
2903349990,44.37576,44.32216,21.66336,24.264933,23.164207,6465.732,0.31350496,1.0985074,487.35074,nan,12,3.6935132,3.6935132,3.6935132,3.6935132,3.6935132,3.6935132,3.6935132,3.6935132,3.6935132,3.6935132,3.6935132,3.6935132,0.0,0.0,0.0,0,0.0,0.0,0.0,0.0,0.0,10000,0,0,0,0,0,0,0,0,0,1,0,0,0,0,0,0,0,0,0,0,0,0,0,0,0,0,0,0,0,0,0,2,0,0,0,0
2903552304,44.343197,44.32337,23.358135,24.210844,23.16542,6467.09,0.3133765,1.0985031,486.98364,nan,12,3.6936142,3.6936142,3.6936142,3.6936142,3.6936142,3.6936142,3.6936142,3.6936142,3.6936142,3.6936142,3.6936142,3.6936142,0.0,0.0,0.0,0,0.0,0.0,0.0,0.0,0.0,10000,0,0,0,0,0,0,0,0,0,1,0,0,0,0,0,0,0,0,0,0,0,0,0,0,0,0,0,0,0,0,0,2,0,0,0,0
2903754669,44.3313,44.32626,23.992157,24.007788,23.16557,6468.4106,0.31325164,1.0985278,486.73343,nan,12,3.693855,3.693855,3.693855,3.693855,3.693855,3.693855,3.693855,3.693855,3.693855,3.693855,3.693855,3.693855,0.0,0.0,0.0,0,0.0,0.0,0.0,0.0,0.0,10000,0,0,0,0,0,0,0,0,0,1,0,0,0,0,0,0,0,0,0,0,0,0,0,0,0,0,0,0,0,0,0,2,0,0,0,0
2903957051,44.24082,44.319984,28.794804,24.706165,23.16935,6469.875,0.31311268,1.098353,486.03714,nan,12,3.693332,3.693332,3.693332,3.693332,3.693332,3.693332,3.693332,3.693332,3.693332,3.693332,3.693332,3.693332,0.0,0.0,0.0,0,0.0,0.0,0.0,0.0,0.0,10000,0,0,0,0,0,0,0,0,0,1,0,0,0,0,0,0,0,0,0,0,0,0,0,0,0,0,0,0,0,0,0,2,0,0,0,0
2904159363,44.17881,44.295498,31.818867,26.88328,23.22624,6471.664,0.31294233,1.0979284,484.3377,nan,12,3.6912916,3.6912916,3.6912916,3.6912916,3.6912916,3.6912916,3.6912916,3.6912916,3.6912916,3.6912916,3.6912916,3.6912916,0.0,0.0,0.0,0,0.0,0.0,0.0,0.0,0.0,10000,0,0,0,0,0,0,0,0,0,1,0,0,0,0,0,0,0,0,0,0,0,0,0,0,0,0,0,0,0,0,0,2,0,0,0,0
2904361787,44.424706,44.304752,18.5845,25.499674,23.274893,6472.942,0.3128228,1.0983529,484.24158,nan,12,3.6920626,3.6920626,3.6920626,3.6920626,3.6920626,3.6920626,3.6920626,3.6920626,3.6920626,3.6920626,3.6920626,3.6920626,0.0,0.0,0.0,0,0.0,0.0,0.0,0.0,0.0,10000,0,0,0,0,0,0,0,0,0,1,0,0,0,0,0,0,0,0,0,0,0,0,0,0,0,0,0,0,0,0,0,2,0,0,0,0
2904564407,44.391167,44.320423,20.60112,23.933777,23.243643,6474.0874,0.31271544,1.0987059,484.55646,nan,12,3.6933687,3.6933687,3.6933687,3.6933687,3.6933687,3.6933687,3.6933687,3.6933687,3.6933687,3.6933687,3.6933687,3.6933687,0.0,0.0,0.0,0,0.0,0.0,0.0,0.0,0.0,10000,0,0,0,0,0,0,0,0,0,1,0,0,0,0,0,0,0,0,0,0,0,0,0,0,0,0,0,0,0,0,0,2,0,0,0,0
2904766745,44.33247,44.322964,23.704777,23.830606,23.234041,6475.413,0.31258997,1.0986922,484.30368,nan,12,3.6935804,3.6935804,3.6935804,3.6935804,3.6935804,3.6935804,3.6935804,3.6935804,3.6935804,3.6935804,3.6935804,3.6935804,0.0,0.0,0.0,0,0.0,0.0,0.0,0.0,0.0,10000,0,0,0,0,0,0,0,0,0,1,0,0,0,0,0,0,0,0,0,0,0,0,0,0,0,0,0,0,0,0,0,2,0,0,0,0
2904969106,44.283916,44.32065,26.243095,24.174093,23.236605,6476.8086,0.3124577,1.0985873,483.835,nan,12,3.6933873,3.6933873,3.6933873,3.6933873,3.6933873,3.6933873,3.6933873,3.6933873,3.6933873,3.6933873,3.6933873,3.6933873,0.0,0.0,0.0,0,0.0,0.0,0.0,0.0,0.0,10000,0,0,0,0,0,0,0,0,0,1,0,0,0,0,0,0,0,0,0,0,0,0,0,0,0,0,0,0,0,0,0,2,0,0,0,0
2905171595,44.30907,44.320568,24.846611,24.20533,23.24995,6478.171,0.31232893,1.0985745,483.47482,nan,12,3.6933806,3.6933806,3.6933806,3.6933806,3.6933806,3.6933806,3.6933806,3.6933806,3.6933806,3.6933806,3.6933806,3.6933806,0.0,0.0,0.0,0,0.0,0.0,0.0,0.0,0.0,10000,0,0,0,0,0,0,0,0,0,1,0,0,0,0,0,0,0,0,0,0,0,0,0,0,0,0,0,0,0,0,0,2,0,0,0,0
2905373950,44.3313,44.32256,23.684692,24.024208,23.257385,6479.4976,0.31220374,1.098611,483.2234,nan,12,3.6935465,3.6935465,3.6935465,3.6935465,3.6935465,3.6935465,3.6935465,3.6935465,3.6935465,3.6935465,3.6935465,3.6935465,0.0,0.0,0.0,0,0.0,0.0,0.0,0.0,0.0,10000,0,0,0,0,0,0,0,0,0,1,0,0,0,0,0,0,0,0,0,0,0,0,0,0,0,0,0,0,0,0,0,2,0,0,0,0
2905576270,44.33793,44.325176,23.285484,23.799694,23.259226,6480.8066,0.3120803,1.0986525,483.0273,nan,12,3.6937647,3.6937647,3.6937647,3.6937647,3.6937647,3.6937647,3.6937647,3.6937647,3.6937647,3.6937647,3.6937647,3.6937647,0.0,0.0,0.0,0,0.0,0.0,0.0,0.0,0.0,10000,0,0,0,0,0,0,0,0,0,1,0,0,0,0,0,0,0,0,0,0,0,0,0,0,0,0,0,0,0,0,0,2,0,0,0,0
2905778662,44.30673,44.325035,24.9572,23.876701,23.258156,6482.154,0.31195307,1.0986197,482.71426,nan,12,3.693753,3.693753,3.693753,3.693753,3.693753,3.693753,3.693753,3.693753,3.693753,3.693753,3.693753,3.693753,0.0,0.0,0.0,0,0.0,0.0,0.0,0.0,0.0,10000,0,0,0,0,0,0,0,0,0,1,0,0,0,0,0,0,0,0,0,0,0,0,0,0,0,0,0,0,0,0,0,2,0,0,0,0
2905981076,44.341637,44.33067,23.143406,23.385262,23.256771,6483.401,0.3118357,1.0987129,482.71124,nan,12,3.6942225,3.6942225,3.6942225,3.6942225,3.6942225,3.6942225,3.6942225,3.6942225,3.6942225,3.6942225,3.6942225,3.6942225,0.0,0.0,0.0,0,0.0,0.0,0.0,0.0,0.0,10000,0,0,0,0,0,0,0,0,0,1,0,0,0,0,0,0,0,0,0,0,0,0,0,0,0,0,0,0,0,0,0,2,0,0,0,0
2906183530,44.37381,44.336315,21.40871,22.940697,23.253529,6484.637,0.3117194,1.0987839,482.74167,nan,12,3.6946929,3.6946929,3.6946929,3.6946929,3.6946929,3.6946929,3.6946929,3.6946929,3.6946929,3.6946929,3.6946929,3.6946929,0.0,0.0,0.0,0,0.0,0.0,0.0,0.0,0.0,10000,0,0,0,0,0,0,0,0,0,1,0,0,0,0,0,0,0,0,0,0,0,0,0,0,0,0,0,0,0,0,0,2,0,0,0,0
2906386111,44.3664,44.339245,21.78461,22.798796,23.246416,6485.9062,0.31159985,1.0987788,482.67258,nan,12,3.694937,3.694937,3.694937,3.694937,3.694937,3.694937,3.694937,3.694937,3.694937,3.694937,3.694937,3.694937,0.0,0.0,0.0,0,0.0,0.0,0.0,0.0,0.0,10000,0,0,0,0,0,0,0,0,0,1,0,0,0,0,0,0,0,0,0,0,0,0,0,0,0,0,0,0,0,0,0,2,0,0,0,0
2906588511,44.40306,44.350315,19.954205,21.929617,23.227497,6487.0283,0.31149474,1.0989166,483.05292,nan,12,3.6958597,3.6958597,3.6958597,3.6958597,3.6958597,3.6958597,3.6958597,3.6958597,3.6958597,3.6958597,3.6958597,3.6958597,0.0,0.0,0.0,0,0.0,0.0,0.0,0.0,0.0,10000,0,0,0,0,0,0,0,0,0,1,0,0,0,0,0,0,0,0,0,0,0,0,0,0,0,0,0,0,0,0,0,2,0,0,0,0
2906791109,44.45844,44.36236,16.98122,21.022171,23.206963,6488.1064,0.31139386,1.0990487,483.56924,nan,12,3.6968632,3.6968632,3.6968632,3.6968632,3.6968632,3.6968632,3.6968632,3.6968632,3.6968632,3.6968632,3.6968632,3.6968632,0.0,0.0,0.0,0,0.0,0.0,0.0,0.0,0.0,10000,0,0,0,0,0,0,0,0,0,1,0,0,0,0,0,0,0,0,0,0,0,0,0,0,0,0,0,0,0,0,0,2,0,0,0,0
2906993511,44.380245,44.37197,21.393585,20.544561,23.158075,6489.1895,0.31129223,1.0990379,484.0611,nan,12,3.6976643,3.6976643,3.6976643,3.6976643,3.6976643,3.6976643,3.6976643,3.6976643,3.6976643,3.6976643,3.6976643,3.6976643,0.0,0.0,0.0,0,0.0,0.0,0.0,0.0,0.0,10000,0,0,0,0,0,0,0,0,0,1,0,0,0,0,0,0,0,0,0,0,0,0,0,0,0,0,0,0,0,0,0,2,0,0,0,0
2907195839,44.44947,44.384277,17.75732,19.776453,23.131952,6490.2046,0.31119746,1.0990978,484.7619,nan,12,3.6986897,3.6986897,3.6986897,3.6986897,3.6986897,3.6986897,3.6986897,3.6986897,3.6986897,3.6986897,3.6986897,3.6986897,0.0,0.0,0.0,0,0.0,0.0,0.0,0.0,0.0,10000,0,0,0,0,0,0,0,0,0,1,0,0,0,0,0,0,0,0,0,0,0,0,0,0,0,0,0,0,0,0,0,2,0,0,0,0
2907398200,44.447327,44.39465,17.965107,19.266895,23.091297,6491.2236,0.31110233,1.0990833,485.4469,nan,12,3.6995542,3.6995542,3.6995542,3.6995542,3.6995542,3.6995542,3.6995542,3.6995542,3.6995542,3.6995542,3.6995542,3.6995542,0.0,0.0,0.0,0,0.0,0.0,0.0,0.0,0.0,10000,0,0,0,0,0,0,0,0,0,1,0,0,0,0,0,0,0,0,0,0,0,0,0,0,0,0,0,0,0,0,0,2,0,0,0,0
2907600619,44.467995,44.406765,17.000809,18.618355,23.047947,6492.188,0.31101266,1.0990916,486.29807,nan,12,3.7005637,3.7005637,3.7005637,3.7005637,3.7005637,3.7005637,3.7005637,3.7005637,3.7005637,3.7005637,3.7005637,3.7005637,0.0,0.0,0.0,0,0.0,0.0,0.0,0.0,0.0,10000,0,0,0,0,0,0,0,0,0,1,0,0,0,0,0,0,0,0,0,0,0,0,0,0,0,0,0,0,0,0,0,2,0,0,0,0
2907803007,44.526497,44.42385,14.058819,17.53659,22.997068,6493.041,0.31093404,1.0991821,487.4963,nan,12,3.7019875,3.7019875,3.7019875,3.7019875,3.7019875,3.7019875,3.7019875,3.7019875,3.7019875,3.7019875,3.7019875,3.7019875,0.0,0.0,0.0,0,0.0,0.0,0.0,0.0,0.0,10000,0,0,0,0,0,0,0,0,0,1,0,0,0,0,0,0,0,0,0,0,0,0,0,0,0,0,0,0,0,0,0,2,0,0,0,0
2908005338,44.55555,44.4424,12.652168,16.41837,22.931118,6493.8276,0.31086192,1.0992538,488.9012,nan,12,3.7035334,3.7035334,3.7035334,3.7035334,3.7035334,3.7035334,3.7035334,3.7035334,3.7035334,3.7035334,3.7035334,3.7035334,0.0,0.0,0.0,0,0.0,0.0,0.0,0.0,0.0,10000,0,0,0,0,0,0,0,0,0,1,0,0,0,0,0,0,0,0,0,0,0,0,0,0,0,0,0,0,0,0,0,2,0,0,0,0
2908106511,44.716034,44.467278,4.1272163,14.369844,22.890165,6493.944,0.31085312,1.0996089,490.48917,nan,12,3.7056065,3.7056065,3.7056065,3.7056065,3.7056065,3.7056065,3.7056065,3.7056065,3.7056065,3.7056065,3.7056065,3.7056065,0.0,0.0,0.0,0,0.0,0.0,0.0,0.0,0.0,10000,0,0,0,0,0,0,0,0,0,1,0,0,0,0,0,0,0,0,0,0,0,0,0,0,0,0,0,0,0,0,0,2,0,0,0,0
2908309003,44.78487,44.52681,1.332264,9.943437,22.717123,6493.944,0.31083426,1.1002349,494.43582,nan,12,3.7105675,3.7105675,3.7105675,3.7105675,3.7105675,3.7105675,3.7105675,3.7105675,3.7105675,3.7105675,3.7105675,3.7105675,0.0,0.0,0.0,0,0.0,0.0,0.0,0.0,0.0,10000,0,0,0,0,0,0,0,0,0,1,0,0,0,0,0,0,0,0,0,0,0,0,0,0,0,0,0,0,0,0,0,2,0,0,0,0
2908511432,44.752697,44.56672,3.4778214,7.87819,22.55304,6494.121,0.31082058,1.1002285,497.82095,nan,12,3.7138932,3.7138932,3.7138932,3.7138932,3.7138932,3.7138932,3.7138932,3.7138932,3.7138932,3.7138932,3.7138932,3.7138932,0.0,0.0,0.0,0,0.0,0.0,0.0,0.0,0.0,10000,0,0,0,0,0,0,0,0,0,1,0,0,0,0,0,0,0,0,0,0,0,0,0,0,0,0,0,0,0,0,0,2,0,0,0,0
2908713747,44.75523,44.59906,3.7143707,6.611491,22.402449,6494.331,0.31080407,1.1000313,501.11743,nan,12,3.7165883,3.7165883,3.7165883,3.7165883,3.7165883,3.7165883,3.7165883,3.7165883,3.7165883,3.7165883,3.7165883,3.7165883,0.0,0.0,0.0,0,0.0,0.0,0.0,0.0,0.0,10000,0,0,0,0,0,0,0,0,0,1,0,0,0,0,0,0,0,0,0,0,0,0,0,0,0,0,0,0,0,0,0,2,0,0,0,0
2908916216,44.841614,44.64164,-0.40813446,4.37104,22.234669,6494.331,0.31078774,1.100042,505.24423,nan,12,3.7201366,3.7201366,3.7201366,3.7201366,3.7201366,3.7201366,3.7201366,3.7201366,3.7201366,3.7201366,3.7201366,3.7201366,0.0,0.0,0.0,0,0.0,0.0,0.0,0.0,0.0,10000,0,0,0,0,0,0,0,0,0,1,0,0,0,0,0,0,0,0,0,0,0,0,0,0,0,0,0,0,0,0,0,2,0,0,0,0
2909118544,44.82231,44.67317,0.99479675,3.3021824,22.059126,6494.359,0.31077957,1.0997714,509.12222,nan,12,3.722764,3.722764,3.722764,3.722764,3.722764,3.722764,3.722764,3.722764,3.722764,3.722764,3.722764,3.722764,0.0,0.0,0.0,0,0.0,0.0,0.0,0.0,0.0,10000,0,0,0,0,0,0,0,0,0,1,0,0,0,0,0,0,0,0,0,0,0,0,0,0,0,0,0,0,0,0,0,2,0,0,0,0
2909321008,44.826405,44.69955,1.1748123,2.6450932,21.892132,6494.424,0.31077898,1.0994331,512.9873,nan,12,3.7249625,3.7249625,3.7249625,3.7249625,3.7249625,3.7249625,3.7249625,3.7249625,3.7249625,3.7249625,3.7249625,3.7249625,0.0,0.0,0.0,0,0.0,0.0,0.0,0.0,0.0,10000,0,0,0,0,0,0,0,0,0,1,0,0,0,0,0,0,0,0,0,0,0,0,0,0,0,0,0,0,0,0,0,2,0,0,0,0
2909523531,44.831085,44.72212,1.2576294,2.2186666,21.727638,6494.494,0.31077868,1.0990798,516.86176,nan,12,3.726843,3.726843,3.726843,3.726843,3.726843,3.726843,3.726843,3.726843,3.726843,3.726843,3.726843,3.726843,0.0,0.0,0.0,0,0.0,0.0,0.0,0.0,0.0,10000,0,0,0,0,0,0,0,0,0,1,0,0,0,0,0,0,0,0,0,0,0,0,0,0,0,0,0,0,0,0,0,2,0,0,0,0
2909726026,44.836544,44.74172,1.2844086,1.932338,21.564936,6494.5664,0.310779,1.0987337,520.75836,nan,12,3.7284765,3.7284765,3.7284765,3.7284765,3.7284765,3.7284765,3.7284765,3.7284765,3.7284765,3.7284765,3.7284765,3.7284765,0.0,0.0,0.0,0,0.0,0.0,0.0,0.0,0.0,10000,0,0,0,0,0,0,0,0,0,1,0,0,0,0,0,0,0,0,0,0,0,0,0,0,0,0,0,0,0,0,0,2,0,0,0,0
2909928394,44.841225,44.758827,1.3161469,1.7391329,21.403645,6494.6396,0.31078008,1.098405,524.6804,nan,12,3.7299023,3.7299023,3.7299023,3.7299023,3.7299023,3.7299023,3.7299023,3.7299023,3.7299023,3.7299023,3.7299023,3.7299023,0.0,0.0,0.0,0,0.0,0.0,0.0,0.0,0.0,10000,0,0,0,0,0,0,0,0,0,1,0,0,0,0,0,0,0,0,0,0,0,0,0,0,0,0,0,0,0,0,0,2,0,0,0,0
2910130853,44.847076,44.77392,1.3030052,1.6049763,21.243824,6494.713,0.3107819,1.0980982,528.63116,nan,12,3.73116,3.73116,3.73116,3.73116,3.73116,3.73116,3.73116,3.73116,3.73116,3.73116,3.73116,3.73116,0.0,0.0,0.0,0,0.0,0.0,0.0,0.0,0.0,10000,0,0,0,0,0,0,0,0,0,1,0,0,0,0,0,0,0,0,0,0,0,0,0,0,0,0,0,0,0,0,0,2,0,0,0,0
2910333226,44.852146,44.787315,1.2958145,1.5090294,21.085176,6494.7856,0.31078446,1.0978152,532.6127,nan,12,3.7322762,3.7322762,3.7322762,3.7322762,3.7322762,3.7322762,3.7322762,3.7322762,3.7322762,3.7322762,3.7322762,3.7322762,0.0,0.0,0.0,0,0.0,0.0,0.0,0.0,0.0,10000,0,0,0,0,0,0,0,0,0,1,0,0,0,0,0,0,0,0,0,0,0,0,0,0,0,0,0,0,0,0,0,2,0,0,0,0
2910535577,44.85741,44.79932,1.2754822,1.4385632,20.92775,6494.8574,0.3107877,1.0975543,536.626,nan,12,3.7332766,3.7332766,3.7332766,3.7332766,3.7332766,3.7332766,3.7332766,3.7332766,3.7332766,3.7332766,3.7332766,3.7332766,0.0,0.0,0.0,0,0.0,0.0,0.0,0.0,0.0,10000,0,0,0,0,0,0,0,0,0,1,0,0,0,0,0,0,0,0,0,0,0,0,0,0,0,0,0,0,0,0,0,2,0,0,0,0
2910738081,44.86872,44.810654,0.92487335,1.3306426,20.771479,6494.9194,0.31079254,1.0973275,540.7071,nan,12,3.7342212,3.7342212,3.7342212,3.7342212,3.7342212,3.7342212,3.7342212,3.7342212,3.7342212,3.7342212,3.7342212,3.7342212,0.0,0.0,0.0,0,0.0,0.0,0.0,0.0,0.0,10000,0,0,0,0,0,0,0,0,0,1,0,0,0,0,0,0,0,0,0,0,0,0,0,0,0,0,0,0,0,0,0,2,0,0,0,0
2910940447,44.878277,44.821594,0.56806564,1.1471897,20.613651,6494.9614,0.31079978,1.0971459,544.89667,nan,12,3.735133,3.735133,3.735133,3.735133,3.735133,3.735133,3.735133,3.735133,3.735133,3.735133,3.735133,3.735133,0.0,0.0,0.0,0,0.0,0.0,0.0,0.0,0.0,10000,0,0,0,0,0,0,0,0,0,1,0,0,0,0,0,0,0,0,0,0,0,0,0,0,0,0,0,0,0,0,0,2,0,0,0,0
