timestamp,timestamp_sample,xyz[0],xyz[1],xyz[2]
2874002241,2874001485,0.015956996,0.02306643,-10.200993
2874007199,2874006487,-0.17856866,-0.06498926,-10.133208
2874052197,2874052112,-0.53576475,-0.44798186,-9.668725
2874102200,2874102113,0.3127846,-1.1162958,-9.563203
2874152232,2874151519,1.0834627,-1.1550707,-10.0342865
2874202364,2874201485,-1.0285085,-0.70459753,-9.567962
2874252203,2874251492,0.68114287,1.3368297,-9.718199
2874302198,2874301486,-0.6023196,-0.62199426,-10.053503
2874352322,2874352117,0.028361402,-1.5914304,-10.086405
2874402273,2874402185,1.1069778,1.37433,-9.81875
2874452205,2874451488,-0.00699081,-1.7611921,-9.513227
2874502459,2874501690,-1.2990549,-0.46266064,-10.034073
2874552194,2874551485,0.72959715,-1.1690658,-9.80048
2874602211,2874601500,-0.5472261,0.43549234,-9.663001
2874652204,2874651492,0.012040737,-0.5076919,-10.443302
2874702198,2874701486,0.638044,-0.67487645,-10.6788225
2874752198,2874752110,0.39295143,0.20762429,-10.70601
2874802206,2874801485,0.2645176,0.36610764,-10.661927
2874852333,2874851501,-0.07530869,0.30702668,-11.354295
2874902341,2874901490,-0.030065479,0.33569312,-12.046801
2874952262,2874952159,-0.12702473,-0.48624387,-12.029276
2875002196,2875001484,-0.14797308,-0.7172835,-12.470866
2875052288,2875051571,-0.6315353,0.0056047905,-12.193902
2875102220,2875101484,0.3243439,0.14768174,-11.552571
2875152197,2875151486,0.42306075,0.45904693,-10.9938545
2875202252,2875201510,-0.55171704,0.76995087,-10.828014
2875257206,2875256486,-0.77157235,0.2945666,-10.416146
2875302269,2875302110,-0.7425994,-0.14854312,-10.224033
2875352194,2875352110,-0.17738347,-0.40494612,-9.859858
2875402202,2875401486,0.50925505,-0.37295684,-9.722543
2875452219,2875451509,0.38368425,-0.1195579,-10.184048
2875502252,2875501529,0.2044267,0.044631433,-10.466849
2875552197,2875551485,0.61541414,0.2242614,-10.342124
2875602312,2875601484,0.65675485,0.19033328,-10.194659
2875652224,2875651514,0.50244665,-0.12815768,-10.513937
2875702203,2875701489,-0.0132055385,-0.5088063,-10.412705
2875752396,2875752290,-0.087645076,-0.46415403,-9.842659
2875802252,2875801489,0.18726607,-0.69396526,-9.674227
2875852198,2875851488,0.7354324,-0.46754193,-9.353064
2875902196,2875901485,0.8555589,0.31401846,-9.56037
2875952192,2875951484,0.43206146,0.7150062,-9.72256
2876002231,2876001487,0.0342113,0.43419176,-9.896386
2876052201,2876051489,-0.49919054,0.37678376,-9.865145
2876102328,2876102120,-0.41403335,0.15000696,-9.716584
2876152228,2876152143,-0.032489646,-0.4873797,-9.37687
2876202243,2876201525,-0.17157644,-0.7555412,-9.986701
2876252200,2876251486,0.22405112,-0.817112,-9.58954
2876302316,2876302111,0.48179308,0.2738088,-9.758441
2876352199,2876352111,0.961257,0.71172166,-9.946718
2876402219,2876401486,0.9174314,0.30882537,-9.869734
2876452344,2876451633,0.79840446,-0.028898418,-9.821612
2876502199,2876501486,0.5773447,-0.51812875,-10.2209215
2876552272,2876551486,0.5264232,-0.9231598,-10.297172
2876602194,2876601484,0.3419926,-0.98369694,-10.484978
2876652198,2876651486,0.3322774,-0.996242,-10.53065
2876702199,2876701485,-0.35055134,-0.8398809,-10.404739
2876752197,2876751488,-0.6340387,-0.49716362,-10.081934
2876802202,2876801485,-0.40193167,0.48783317,-9.610735
2876852203,2876851486,-0.24759986,0.2645942,-9.575619
2876902194,2876902109,0.17943372,-0.19980183,-9.462071
2876952199,2876952111,0.28033435,-0.14843911,-9.653015
2877002327,2877001501,0.18896416,-0.40572193,-9.395468
2877052222,2877051485,0.110942595,-0.8728014,-9.124707
2877102227,2877101485,-0.90272593,-1.6697876,-8.151831
2877152285,2877151565,0.31976387,-2.2434669,-8.092294
2877202197,2877201485,0.026274627,-0.31606266,-8.167623
2877252223,2877251485,-0.104215994,0.18755022,-6.847591
2877302195,2877302110,0.48884064,0.55669737,-6.4870563
2877352344,2877352112,-0.71322674,-0.21273682,-7.6076107
2877402197,2877401485,1.4405838,-0.30274692,-7.1939125
2877452217,2877451505,0.18321894,-1.4722267,-8.095482
2877502238,2877501485,-0.4915684,-1.240014,-9.241625
2877552199,2877551485,0.2716204,-0.39796165,-9.321774
2877602197,2877601486,-0.4284911,-1.3967546,-9.017034
2877652202,2877651487,-0.35073933,-1.0384772,-9.136424
2877702467,2877701495,-0.6656528,-1.2837636,-9.676131
2877752253,2877751486,-0.5632487,-1.8742657,-8.563266
2877802267,2877802112,1.0036554,-0.34393564,-8.173314
2877852322,2877852236,1.3580475,-0.8138531,-8.377749
2877902196,2877901485,-0.11273918,-1.1658528,-9.196594
2877952227,2877951487,1.228258,0.09422578,-9.393296
2878002240,2878002131,-0.09701415,0.035510063,-9.963473
2878052280,2878052110,-0.039800376,0.4475728,-10.788641
2878102197,2878101486,0.13076581,0.9932203,-10.31456
2878152269,2878151485,1.0769542,0.7771326,-10.639926
2878202198,2878202110,0.97375506,-0.623144,-10.313052
2878252195,2878251485,1.0948098,-0.43842638,-10.185059
2878302191,2878302113,0.64015335,-0.33994624,-10.076893
2878352220,2878351510,0.37735945,-0.6072448,-10.126752
2878402380,2878401522,-0.7025433,0.075273745,-10.391197
2878452199,2878451485,-0.4639823,0.5387979,-10.192882
2878502223,2878501514,0.21038324,0.81452096,-9.67492
2878552306,2878551564,0.97558206,-0.12730257,-9.651073
2878602263,2878601554,0.10728527,-0.9763443,-11.015246
2878652224,2878651486,0.38049877,-1.0629773,-9.481164
2878702312,2878702167,0.061976362,-0.8605021,-9.685447
2878752199,2878751486,-0.47309294,-0.37669942,-9.545689
2878802205,2878802111,-0.85532117,0.3174116,-9.690902
2878852228,2878851485,-0.45521787,0.85211325,-9.371338
2878902197,2878901486,-0.15116829,0.2636076,-9.524431
2878952421,2878951485,0.14159521,0.12629734,-10.134647
2879002202,2879001489,0.38338923,-0.04488174,-10.874322
2879052259,2879052174,0.45795617,-0.5311069,-10.243109
2879102349,2879102111,0.11152334,-0.7881677,-10.008343
2879152195,2879151484,0.08546063,-0.07636682,-9.690227
2879202204,2879202115,0.47763732,0.56803685,-9.172862
2879252274,2879251552,0.71787673,0.7616816,-9.422636
2879302239,2879301486,0.76012486,0.6343853,-9.602772
2879352243,2879351486,0.6270081,0.582859,-9.631665
2879402306,2879401516,0.6758541,0.9213696,-9.844105
2879452204,2879451491,0.9128846,0.3878453,-9.3974695
2879502196,2879501485,0.4845754,-0.23750837,-9.318039
2879552196,2879551485,-0.009024332,-0.045205995,-9.583105
2879602200,2879601486,-0.13178338,0.22360271,-9.949211
2879652196,2879651485,-0.023535244,-0.38707718,-10.642882
2879702193,2879701485,0.19030851,-0.69285876,-10.331791
2879752195,2879751484,0.42340893,0.017510345,-9.925237
2879802307,2879801484,0.1895861,0.20927387,-10.02262
2879852211,2879851502,0.114763826,0.52611274,-9.735571
2879902201,2879901489,0.06740397,0.6348326,-9.749767
2879952284,2879951574,0.333144,1.2512565,-9.752432
2880002262,2880001484,0.2817891,1.166795,-9.524815
2880052197,2880051486,-0.24744366,0.966903,-9.804918
2880102223,2880101485,0.579401,1.0421118,-9.675133
2880152198,2880152111,0.80792135,1.0793713,-9.783776
2880202271,2880202110,0.66333526,0.7569744,-9.771624
2880252196,2880251485,0.5957655,-0.0069487724,-9.954175
2880302196,2880301485,0.49557188,0.21314451,-9.989975
2880352196,2880351485,0.07119936,0.37730885,-9.7457
2880402228,2880401491,-0.16972122,0.4159191,-9.873794
2880452201,2880451486,-0.58946234,0.81938624,-9.399366
2880507196,2880506485,-0.006256562,0.41301006,-9.377375
2880552198,2880551489,0.060805105,0.1958288,-9.282308
2880602242,2880601493,0.15237024,-0.11750042,-9.561567
2880652368,2880651658,0.5486645,0.85900205,-9.775274
2880702198,2880701485,0.6746818,1.5244362,-9.509081
2880752197,2880751486,0.73828405,1.0338646,-9.842002
2880802195,2880801485,0.11472818,0.7005403,-9.731252
2880852210,2880852110,0.1568745,0.6206358,-9.037011
2880902252,2880902109,-0.4294671,-0.74882764,-9.39484
2880952196,2880951486,0.04321568,-0.513751,-9.569341
2881002271,2881001485,0.2570689,0.3582212,-9.942908
2881052203,2881051490,0.3393057,0.726996,-9.851672
2881102203,2881101488,0.35986936,0.822156,-9.823508
2881152201,2881152110,-0.12122037,0.7737727,-10.151982
2881202352,2881202112,0.0066597294,0.3133473,-9.578448
2881252225,2881251510,0.022155477,0.11878779,-9.546245
2881302230,2881301519,0.22146958,0.015816903,-9.820922
2881352378,2881351596,0.3528965,0.12353212,-9.692738
2881402198,2881401485,0.08808415,0.5183262,-9.739354
2881452258,2881451548,-0.029960461,1.2003099,-9.545503
2881502198,2881501487,0.21620986,1.3039801,-9.266434
2881552223,2881551489,0.67285734,0.7974365,-9.719316
2881602245,2881601485,0.3996945,1.6511328,-9.712359
2881652198,2881651485,0.29396367,1.5483421,-9.926643
2881702228,2881701488,-0.19498064,0.88926303,-9.979348
2881752196,2881751484,-0.102339454,0.06734337,-9.652739
2881802292,2881801484,-0.16880585,-0.107770465,-9.913929
2881852198,2881852109,-0.28276742,-0.14126119,-9.994599
2881902372,2881902127,-0.24513707,-0.09774147,-9.778086
2881952216,2881951499,-0.46322176,-0.05509719,-10.128034
2882002197,2882001486,-0.32345375,0.20865227,-10.177525
2882052252,2882051542,-0.1925306,0.40398318,-9.852865
2882102207,2882101492,-0.24781115,0.47975484,-9.741806
2882152225,2882152110,0.08702232,0.36336395,-9.7627735
2882202217,2882201486,0.24460751,0.17860144,-9.511158
2882252324,2882252116,0.19119653,-0.46577382,-9.463363
2882302198,2882301484,0.29850098,-0.77426195,-9.297475
2882352194,2882352110,0.9007087,-0.56676334,-8.783886
2882402198,2882401485,1.0247302,-0.79782337,-9.56712
2882452197,2882451485,0.5510588,0.026193848,-9.847814
2882502238,2882502111,0.4892845,-0.08146046,-10.225971
2882552194,2882552109,0.60496217,0.103109926,-10.479383
2882602417,2882601509,0.51747686,0.13525398,-10.453368
2882652195,2882652110,0.4463236,-0.22780569,-9.954698
2882702221,2882701511,0.010101004,-0.14893526,-10.553024
2882752253,2882751541,-0.18393083,-0.36149538,-10.588088
2882802200,2882801486,-0.68162656,-0.47426695,-10.527812
2882852218,2882851486,-0.7615186,-0.16268826,-10.537434
2882902239,2882902110,-0.23953877,0.031954873,-9.872262
2882952218,2882952111,-0.008406201,-0.08754491,-9.454361
2883002199,2883001486,-0.28781706,0.41530094,-9.317441
2883052258,2883051484,-0.25595877,0.78565806,-9.609202
2883102210,2883101497,0.22213744,1.0879868,-10.014431
2883152196,2883151486,0.1836118,1.1242893,-9.878434
2883202276,2883201488,-0.019967115,1.0298084,-9.987169
2883252196,2883251485,-0.2085069,0.78037727,-10.06552
2883302373,2883301484,0.11522558,0.80212444,-10.073091
2883352201,2883351486,0.6213288,0.8971634,-9.905192
2883402199,2883401489,0.77611864,0.52179396,-9.900675
2883452246,2883451528,0.49776065,0.5203013,-10.099175
2883502255,2883502166,0.62173176,0.03946627,-10.018116
2883552260,2883552116,-0.16022259,-0.51448524,-10.387645
2883602253,2883601534,-0.26085746,-1.3085023,-10.447778
2883652202,2883651487,-0.30502063,-1.5284318,-10.110147
2883702197,2883701485,-0.4358977,-1.1321477,-9.9012165
2883752230,2883751489,-0.6481411,-1.1893822,-10.072925
2883802199,2883802111,-0.051118664,-1.2022921,-9.42425
2883852429,2883851485,-0.8094349,-0.9179394,-10.005514
2883902195,2883901485,-0.33955675,-0.99180955,-10.094678
2883952200,2883951486,-0.22794232,-1.6822225,-9.856439
2884002314,2884001485,0.16439308,-1.7401127,-9.73987
2884052198,2884052111,0.14905195,-1.215065,-9.635632
2884102200,2884102110,0.14811943,-0.5079427,-10.0645275
2884152281,2884151570,0.30938238,0.011626866,-10.248953
2884202271,2884202179,0.21075664,0.14606659,-10.896453
2884252198,2884251486,0.35444048,0.025237111,-9.991232
2884302253,2884301541,0.30852252,-0.29713184,-9.980379
2884352201,2884351485,0.5713636,-0.41568926,-10.000213
2884402197,2884401485,0.6691663,-0.37412968,-9.939228
2884452225,2884451488,0.87185377,-0.52605057,-9.890189
2884502245,2884501486,0.7134747,-0.64363986,-9.692865
2884552224,2884551486,0.50137,-0.7247995,-9.5191765
2884602210,2884601486,0.5743934,-0.8493791,-9.604185
2884652285,2884651489,0.7846984,-1.4749842,-9.420606
2884707199,2884706486,0.21275109,-0.0771764,-9.130043
2884752200,2884751486,0.7732011,-0.7459644,-9.33492
2884802202,2884801491,0.42109346,-0.9116909,-9.935336
2884852334,2884851620,0.251556,-1.1542488,-10.169904
2884902202,2884901485,-0.04841208,-0.9105918,-10.115094
2884952199,2884951486,-0.31838948,-0.060456157,-9.86749
2885002221,2885001485,-0.37380245,0.41763017,-9.333877
2885052195,2885052109,0.010317777,0.5442455,-9.447779
2885102291,2885102205,0.11216035,0.7187352,-9.584707
2885152237,2885151486,0.28308985,1.0807078,-9.353781
2885202198,2885201488,0.49609286,1.0776776,-9.483659
2885252201,2885251486,0.48339182,0.89169115,-9.433123
2885302199,2885301485,0.31369853,0.3665296,-9.468344
2885352196,2885351484,0.06610852,-0.21456204,-9.640454
2885402336,2885401484,0.2498368,0.15920685,-9.213545
2885452200,2885451485,0.69545615,0.93441254,-9.285515
2885502206,2885501489,1.0528839,1.1743156,-9.48768
2885552310,2885551592,1.3736072,0.55914235,-9.586585
2885602201,2885601486,1.4185879,-0.43683934,-9.938481
2885652198,2885651486,0.7471891,-0.7264071,-9.125857
2885702198,2885701485,-0.5024447,-1.1188459,-10.573407
2885752217,2885751485,-1.185398,0.6354536,-10.538885
2885802259,2885801486,0.58228666,0.38699618,-10.463735
2885852198,2885852110,0.113629416,-0.6480254,-10.782331
2885902257,2885901485,-0.37192574,-0.54692256,-10.425922
2885952189,2885952110,-0.45173886,0.99685866,-9.539082
2886002200,2886001488,1.9411592,0.060672767,-9.166511
2886052200,2886051485,0.43187624,-1.7185565,-9.733954
2886102372,2886101490,-0.34253058,-1.0288033,-9.187221
2886152203,2886152111,-0.15995854,0.1484001,-9.2970915
2886202226,2886201486,0.14907402,0.80375284,-9.50897
2886252258,2886251548,0.65497684,0.32614926,-9.574486
2886302197,2886301485,-0.18976049,-1.1168792,-10.049076
2886352228,2886351518,-0.24852465,-1.6590493,-9.408649
2886402201,2886401486,0.29845697,-1.0644195,-9.304425
2886452258,2886451485,-0.07001746,0.113821834,-9.497622
2886502204,2886502109,0.18286455,1.2671963,-9.57186
2886552201,2886552110,-0.22513089,0.26270485,-9.722027
2886602226,2886601485,0.16405304,0.4001675,-9.588894
2886652202,2886651485,0.19259146,0.36711293,-10.134086
2886702284,2886701484,0.11027876,0.29832244,-9.986542
2886752273,2886751484,0.47022134,0.5688931,-10.237511
2886802341,2886801522,-0.2780639,1.2391248,-9.836584
2886852224,2886851485,-0.23818605,2.1187167,-9.930707
2886902201,2886901486,-0.38673744,1.2547953,-10.137363
2886952228,2886951515,-0.2704772,0.27492648,-10.156228
2887002199,2887002109,-0.22976172,-1.6286166,-10.255015
2887052250,2887052158,-0.39064118,-1.5503978,-10.147082
2887102248,2887101538,0.20077458,-1.4177445,-9.508975
2887152255,2887151546,0.52877325,-0.09194382,-9.476351
2887202198,2887201486,0.6331038,-0.043171987,-9.702148
2887252196,2887251487,0.42245975,-0.19658288,-10.202334
2887302200,2887301486,0.23461184,-0.071447976,-10.493659
2887352384,2887351485,-0.56835157,-0.33156285,-10.648975
2887402264,2887401485,0.4183172,-0.18457653,-9.986494
2887452220,2887451485,0.8338556,-0.11745402,-9.422055
2887502440,2887501694,0.54661155,0.8623319,-9.369102
2887552203,2887551488,0.58896315,1.2510164,-9.865899
2887602201,2887601486,0.22509645,1.7289851,-10.0870495
2887652229,2887651517,0.38286918,1.7165222,-9.80542
2887702214,2887701500,0.19131517,0.7098286,-10.205787
2887752314,2887751517,0.49317133,0.41074663,-9.993344
2887802194,2887801485,-0.4595869,-0.089779265,-10.171785
2887852223,2887851485,0.33906502,0.24855353,-10.013304
2887902199,2887902110,0.14106292,0.41268027,-10.358353
2887952278,2887951556,0.077539824,0.53337634,-9.925597
2888002221,2888001485,0.9704069,-0.29318675,-9.525418
2888052240,2888052111,0.56131274,-0.25658104,-9.662811
2888102196,2888102110,1.1091367,-0.6948036,-9.557684
2888152200,2888151485,0.77857494,0.35192066,-9.542883
2888202331,2888201484,0.5741073,1.0307478,-9.759982
2888252202,2888251485,0.27712965,1.1230727,-9.589924
2888302288,2888302110,1.3983512,1.0926625,-9.18497
2888352301,2888351550,-0.061015338,0.6739151,-9.603848
2888402265,2888402172,0.048581492,0.41121942,-10.060161
2888452193,2888451484,0.048979167,0.9340561,-9.996334
2888502200,2888501487,0.53838027,1.2026492,-9.70081
2888552198,2888551484,0.11339329,-0.16864051,-9.969543
2888602193,2888602112,0.33651966,-0.16781282,-9.92532
2888652233,2888651486,0.15012671,0.018004099,-9.917987
2888702242,2888701485,0.9677041,0.21335416,-9.763906
2888752376,2888752110,0.29974377,0.5573209,-9.679965
2888802205,2888802111,-0.091865726,1.331044,-9.5022335
2888852202,2888851485,-0.16742592,0.34387258,-9.076809
2888902320,2888901609,-0.4909925,-0.7986059,-9.7811775
2888952207,2888951485,0.3165167,-0.4199026,-9.566527
2889002195,2889001484,0.6074491,-0.2471532,-9.981176
2889052260,2889051548,0.3317398,0.81868804,-10.124107
2889102193,2889101484,-0.40061486,1.7640091,-9.771311
2889152197,2889151485,-0.72258,0.19085918,-9.653244
2889202226,2889201514,0.52928066,-0.44576544,-9.768579
2889252199,2889251484,0.87050104,-0.36313188,-9.8769045
2889302212,2889301485,0.34601575,-0.056282397,-9.540629
2889352227,2889351486,-0.3231466,0.8201112,-9.369689
2889402197,2889401485,-0.38291276,0.4606863,-9.728557
2889452444,2889451486,-0.19672276,0.037688527,-9.520431
2889502204,2889501488,-0.26960468,0.3238977,-9.469948
2889552263,2889552111,-0.17839657,0.88345355,-9.267387
2889602364,2889602280,-0.44035348,0.67364764,-9.685701
2889652200,2889651485,-0.019904234,0.19474514,-9.868147
2889702198,2889701485,1.0066919,0.35927784,-9.60794
2889752211,2889752125,0.76622486,0.46480426,-10.653811
2889802199,2889802110,0.44159144,0.6812708,-9.757276
2889852202,2889851489,-0.67953885,0.67757976,-9.62544
2889902223,2889901506,-0.6738997,-0.2275713,-10.1832
2889952228,2889952110,-0.116157316,0.17821941,-10.113243
2890002328,2890002215,-0.27108434,0.36316186,-9.89612
2890052201,2890051485,-0.97325206,0.44068214,-9.8642025
2890102196,2890101485,-0.82967156,-0.09214161,-9.736602
2890152228,2890152111,-0.13527183,-0.7920575,-10.1591835
2890202197,2890202110,0.7553859,-0.0868486,-9.317482
2890252245,2890252111,-0.5858743,0.5800273,-9.52541
2890302364,2890301653,-0.19723152,0.34859535,-9.587082
2890352278,2890352111,-0.06366553,-0.071083695,-9.902096
2890402199,2890401487,0.311923,1.2412748,-9.966412
2890452284,2890452180,-0.35374978,1.1670196,-9.610696
2890502203,2890501485,-0.308222,0.049407616,-9.797942
2890552199,2890551486,0.4372733,0.3888801,-10.349865
2890602238,2890601504,0.4051463,1.2831941,-10.214301
2890652259,2890652148,-0.00730745,1.0977534,-9.413893
2890702228,2890701514,-0.12765054,0.19009823,-9.426889
2890752198,2890751486,0.22680512,-0.54885876,-10.093012
2890802274,2890801557,0.15983552,0.55650085,-9.955368
2890852224,2890851485,-0.15359472,0.70904946,-9.500462
2890902222,2890901486,-0.42050874,0.7347113,-9.700692
2890952244,2890951485,-0.38879284,-0.43342564,-10.041906
2891002317,2891001603,0.1278349,-0.70314354,-9.969712
2891052224,2891051485,0.40794703,0.46414766,-10.032569
2891102215,2891101485,-0.12650406,0.97551537,-9.906003
2891152226,2891151516,-0.47936615,1.4726689,-9.757499
2891202200,2891202110,-0.021599062,0.6223394,-9.353381
2891252225,2891252137,-0.069084644,-0.13045244,-9.766417
2891302208,2891301494,-0.30719897,-0.52417505,-10.016142
2891352197,2891351486,0.2835284,-0.649737,-9.8693495
2891402202,2891401489,0.21278058,-0.2733039,-9.487484
2891452200,2891451487,-0.5992761,0.23282291,-8.832862
2891502262,2891501486,-1.0135951,-0.28434777,-8.844111
2891552218,2891551485,-0.77162576,-1.3817668,-9.598551
2891602327,2891601485,-0.33011243,-0.82646286,-9.997563
2891652195,2891651484,0.37571725,0.112705395,-9.933034
2891702313,2891701485,0.59037226,0.47423977,-10.288836
2891752205,2891751490,0.048899326,1.1117913,-9.6668625
2891802198,2891801486,-0.5183166,0.36561617,-9.371634
2891852310,2891851540,-0.07431209,-0.78976357,-9.924476
2891902200,2891901485,0.02227139,0.3667832,-10.384061
2891952337,2891951509,0.74320954,-0.061556093,-9.488136
2892002199,2892001485,0.07594514,0.43120936,-9.852317
2892052226,2892051510,-0.17783521,0.732135,-9.6524515
2892102207,2892101488,-0.38031167,0.74005216,-9.80773
2892152196,2892151485,-0.73394114,0.34413436,-9.650417
2892202211,2892202114,-1.7428533,-0.12682548,-11.020174
2892252336,2892252111,-0.55975693,-0.43673462,-9.937854
2892302220,2892301486,0.43969044,1.0211794,-9.990108
2892352202,2892351491,0.12790586,0.46013957,-9.590432
2892402358,2892401648,-0.20967653,0.23855218,-9.679999
2892452217,2892451488,-0.32400748,1.1199175,-10.374676
2892502207,2892502111,0.0049357642,0.2606575,-10.288651
2892552201,2892551489,0.24119438,0.17612882,-9.509502
2892602197,2892602109,0.00840554,-0.19240913,-9.818742
2892652196,2892651485,0.9271199,0.62093264,-9.376282
2892702199,2892702112,-0.2819659,1.3061872,-10.039759
2892752201,2892751488,-0.16397946,0.42174396,-9.795254
2892802196,2892802113,-0.3055014,-0.23110113,-9.714739
2892852256,2892851543,-0.37798387,-0.51664776,-10.705247
2892902230,2892902149,-0.3900182,0.1650934,-10.254347
2892952322,2892951485,0.10014884,-0.30226156,-9.5377865
2893002202,2893001486,0.19215098,-0.071310185,-9.06979
2893052195,2893051485,-0.46398878,0.34086588,-10.004949
2893102315,2893101605,-1.0809827,-0.27067626,-10.457643
2893152229,2893151493,0.0646173,-0.3258898,-10.087505
2893202326,2893202110,0.08830142,-0.8167534,-9.002718
2893252238,2893251520,-0.5242935,0.2141154,-10.176673
2893302195,2893301485,-0.59640193,0.7529174,-9.855978
2893352199,2893351486,-0.34002048,-0.34725913,-9.568589
2893402198,2893401485,-0.032598764,-0.96659136,-9.434239
2893452199,2893452110,0.119973525,-0.11526036,-9.715948
2893502211,2893502124,0.08120528,0.18307413,-10.1933565
2893552248,2893551536,-0.18733677,0.9215927,-9.599113
2893602207,2893601493,-0.20291911,0.6996262,-9.721905
2893652404,2893652171,0.007875716,-0.31479722,-9.875562
2893702199,2893702111,-0.011478064,0.134125,-9.961841
2893752198,2893751486,-0.14348449,-0.3657606,-9.584052
2893802317,2893801594,0.31783321,0.040775783,-9.973508
2893852238,2893851486,0.26178226,0.15068682,-10.407471
2893902226,2893901488,0.14501946,0.84663546,-9.8014765
2893952195,2893951487,-0.21020374,0.47189096,-9.834365
2894002267,2894001484,-0.12997106,-0.39386603,-10.621856
2894052208,2894051489,-0.055406872,-0.93642396,-10.71965
2894102195,2894101485,0.048643295,-0.39250916,-9.868247
2894152197,2894151484,-0.08080413,-0.11555975,-9.788122
2894202198,2894201485,-0.41599256,0.48802543,-10.230257
2894252196,2894251485,0.05627373,0.032793056,-9.803822
2894302198,2894301486,-0.14889912,-0.16990572,-9.914413
2894352419,2894351514,0.71782404,0.51327467,-9.652166
2894402212,2894401493,0.43210867,0.75288373,-9.118038
2894452287,2894452203,-0.14996915,1.4985194,-9.335568
2894502316,2894502231,-0.5595709,0.32167983,-9.589783
2894552201,2894551485,-0.1508864,-0.4904102,-9.838543
2894602201,2894601489,-0.22733791,0.073310345,-10.532682
2894652195,2894651484,-0.004703003,-0.36137894,-9.686517
2894702255,2894701496,-0.36682355,0.19751492,-9.658319
2894752198,2894752111,-0.1791141,-0.5502916,-9.698124
2894802194,2894802110,-0.1410359,-0.70606244,-10.00942
2894852201,2894851486,0.074886344,-0.08752539,-9.737962
2894902194,2894901485,-0.15024517,0.41401958,-9.98928
2894952219,2894951489,-0.72114736,0.6683187,-9.98254
2895002202,2895001490,-0.8439008,0.41217333,-10.151213
2895052225,2895051484,-0.63469964,-0.43388653,-9.903743
2895102223,2895101487,-0.03224451,-0.97547656,-10.093582
2895152378,2895152183,0.107254386,-0.2807334,-9.816574
2895202325,2895202239,-0.0013945407,0.5479814,-9.587569
2895252272,2895251561,-0.33621508,-0.37966675,-10.088689
2895302199,2895301487,0.18711609,0.21498278,-9.749794
2895352247,2895352162,-0.23372209,0.6609346,-9.357678
2895402227,2895402110,-0.81854916,0.7723128,-9.700898
2895452250,2895451486,-0.6988441,-1.1565479,-10.028181
2895502201,2895501487,0.6149216,-0.82106066,-9.999003
2895552199,2895551485,0.75275934,0.97519064,-8.682258
2895602298,2895601484,-0.32263196,0.61666214,-9.217552
2895652218,2895652115,-0.4979917,-1.4296293,-9.262964
2895702207,2895702120,-0.33520746,-0.85684025,-9.336447
2895752410,2895751491,-0.975473,0.3607029,-9.471699
2895802216,2895801505,-1.0347546,0.03712215,-9.842099
2895852238,2895851493,-0.31300825,-1.3037711,-9.697552
2895902255,2895901538,-0.17884114,-1.7832749,-10.202469
2895952211,2895952111,0.1750309,-0.8120979,-9.956412
2896002194,2896002109,0.34836677,0.7562034,-9.326701
2896052290,2896051484,-0.22523765,0.9049668,-9.704896
2896102244,2896101485,-0.3557405,0.54300094,-9.966992
2896152198,2896151486,-0.74839425,-0.11271207,-10.514619
2896202198,2896201486,-0.33719403,-0.5013974,-10.211987
2896252199,2896251486,0.023178412,-0.91369224,-9.963017
2896302204,2896301488,0.20407906,-0.36696512,-10.272268
2896352198,2896352111,0.7488411,0.12426011,-9.872528
2896402199,2896402113,0.884155,0.9689423,-9.52303
2896452313,2896451485,0.17367911,1.315661,-9.7712145
2896502274,2896501547,-0.40856457,1.0748191,-9.852467
2896552209,2896551490,-0.4816464,0.063138925,-9.599193
2896602254,2896601540,-0.7576216,-0.7011154,-9.964472
2896652200,2896651484,-1.0683626,-1.1344332,-9.974464
2896702203,2896701486,-0.38602632,-0.94169736,-9.980389
2896752242,2896752111,0.09356995,-0.7697173,-10.083603
2896802203,2896802113,0.33439043,-0.020479312,-9.706024
2896852271,2896851485,-0.06115185,0.60370934,-9.569089
2896902198,2896901485,-0.28095782,0.5586405,-9.883444
2896952197,2896951486,-0.17891808,-0.16830444,-9.563697
2897002196,2897001484,0.07501115,-0.42517906,-9.678572
2897052200,2897051485,0.006576003,-0.2332337,-10.144378
2897102197,2897101485,0.0071112285,-0.55515486,-9.321359
2897152310,2897151486,-0.21193635,-0.18511908,-9.224742
2897202200,2897201489,-0.42677018,-0.21527351,-9.365762
2897252200,2897251487,-0.098943315,-0.7780728,-9.63066
2897302328,2897301590,-0.009629929,-1.0731517,-9.942722
2897352219,2897351507,0.2974497,-0.5019047,-9.953186
2897402247,2897401528,0.4406817,-0.48948035,-9.413938
2897452206,2897451492,-0.21990128,-0.4623064,-9.521904
2897502197,2897501485,-0.6475291,0.14946707,-9.021146
2897552224,2897551485,-1.2187761,-0.31047222,-9.654536
2897602203,2897601486,-0.58724374,-0.3811086,-9.835153
2897652287,2897651485,-0.5050211,-0.45176643,-10.074107
2897702371,2897701486,-0.010524973,-0.31344813,-10.167341
2897752220,2897751502,-0.1746156,0.12706663,-9.885392
2897802199,2897801487,-0.39874303,0.5815153,-9.7870035
2897852339,2897852114,-0.42456177,0.15639114,-9.533049
2897902199,2897902111,-0.35226122,-0.6043976,-9.697989
2897952198,2897951486,-0.20622925,-0.86952263,-9.791539
2898002274,2898001556,-0.22702132,-0.9255984,-9.678069
2898052196,2898051485,-0.07823642,-1.1250721,-9.470495
2898102243,2898101533,-0.19234411,-1.001905,-9.892046
2898152196,2898151485,-0.6854341,-0.6002973,-9.905218
2898202197,2898201486,-0.3373903,0.08977969,-8.769829
2898252199,2898251485,-1.0353695,-0.015326834,-10.395973
2898302212,2898301485,-0.5313583,-0.22962156,-10.848402
2898352254,2898351490,0.037960622,0.2229162,-10.42076
2898402195,2898401485,-0.3633303,0.19711582,-10.183685
2898452269,2898452109,-0.39717263,-0.47128674,-10.6054735
2898502203,2898502111,0.2338762,0.43473545,-9.940574
2898552341,2898551485,-1.1721202,-1.6098864,-10.455239
2898602193,2898601484,0.8562522,1.4647775,-9.829851
2898652196,2898651485,-0.8182432,-1.4243551,-9.887741
2898702327,2898701583,0.5797822,1.8041831,-9.730601
2898752199,2898751485,-0.5775742,-1.6068343,-9.477349
2898802227,2898801517,0.18597515,1.3013158,-9.489727
2898852199,2898851485,-0.7536203,-1.0388012,-9.609192
2898902269,2898902174,-0.02549235,1.1977432,-9.556061
2898952222,2898951508,-0.8778972,-0.38793758,-9.459497
2899002227,2899001485,-0.11661092,-0.67509204,-10.045886
2899052277,2899051495,-0.37145433,-1.1520464,-10.429519
2899102196,2899101485,0.03484839,-0.07790662,-9.758844
2899152244,2899151485,-0.061146643,0.9832825,-9.767537
2899202200,2899201487,-0.38463268,0.70564365,-9.560497
2899252443,2899251693,-0.30099708,-0.21330802,-10.037706
2899302236,2899301484,0.35406685,0.052517112,-10.002152
2899352195,2899351485,0.72173184,0.2163773,-9.692482
2899402212,2899401502,0.1980316,0.587064,-9.946376
2899452198,2899452111,-0.022302339,1.44671,-9.627861
2899502198,2899502110,-0.29332218,1.5788789,-9.765019
2899552196,2899551485,-0.46301875,-0.3168388,-9.381656
2899602221,2899602109,-0.15355788,-1.0326477,-9.926968
2899652202,2899651491,0.14259815,-0.34461853,-9.865078
2899702270,2899701560,0.19074176,0.353099,-9.869065
2899752194,2899751484,-0.2946718,0.3901002,-10.194166
2899802347,2899801485,-0.30526936,-0.6564217,-10.182371
2899852198,2899851485,-0.070740476,0.033259552,-10.51257
2899902217,2899901484,-0.119582206,0.92831606,-9.65138
2899952376,2899951666,-0.5328612,1.1451194,-10.361285
2900002203,2900001486,-0.23330164,-0.17651798,-9.894437
2900052276,2900051485,0.23489718,0.46588102,-9.65926
2900107198,2900106485,0.18411973,0.35100895,-9.617942
2900152211,2900152122,-0.55592656,-0.6731919,-9.506321
2900202196,2900202109,0.17157511,-0.5231541,-9.965373
2900252198,2900251487,0.78543776,0.8025896,-9.687279
2900302200,2900301485,0.15136722,0.77498204,-9.799103
2900352201,2900351486,-0.33374646,0.33450404,-9.522495
2900402260,2900402111,-0.65600735,-0.30930996,-9.944373
2900452204,2900451489,0.10949793,0.09868041,-9.57359
2900502425,2900502197,0.0685071,0.71456647,-9.058934
2900552218,2900551508,-0.37132904,0.46330613,-8.440126
2900602242,2900602153,-0.266354,-0.52260846,-8.2682295
2900652301,2900651590,0.6131242,-0.32926095,-8.496451
2900702203,2900702111,1.0310838,0.40319207,-7.910819
2900752199,2900751485,0.2940061,-0.033751417,-7.723393
2900802201,2900801488,-0.018585509,0.04322126,-7.8545227
2900852303,2900851485,0.110732585,-0.7381673,-8.099655
2900902242,2900901485,-0.22338355,0.79357725,-8.247559
2900952227,2900952140,-0.7921124,0.6347902,-8.17172
2901002200,2901002110,0.41372848,-0.6239111,-8.762474
2901052198,2901051486,0.31211865,-1.0636146,-9.324675
2901102197,2901101485,0.7661485,-1.7675126,-9.47332
2901152198,2901152112,1.2306217,-1.3170073,-9.334683
2901202436,2901202109,0.9661053,-0.5510131,-9.36643
2901252204,2901251493,0.7155139,-0.24393478,-10.383285
2901302251,2901302110,0.09324859,-0.10861586,-11.038742
2901352291,2901351580,0.2929536,-0.48074648,-11.00005
2901402206,2901401485,-0.20398265,-1.1432118,-10.999501
2901452199,2901451487,0.12203521,0.6152232,-10.292249
2901502222,2901501485,-0.066405244,0.3345392,-10.190928
2901552263,2901552109,-0.32627088,-0.8407336,-9.797505
2901602200,2901602111,-0.18230979,-0.32242432,-10.032272
2901652195,2901651484,0.80953723,-0.5863922,-9.66448
2901702201,2901702112,0.7808107,-0.38831383,-8.4163685
2901752226,2901751514,0.55491406,0.23828137,-10.029076
2901802196,2901801485,0.1728436,-0.28861788,-10.01007
2901852199,2901851488,0.25870126,1.6743866,-9.581499
2901902196,2901901485,0.24245575,1.3139112,-9.281227
2901952203,2901952110,0.031833522,0.12255571,-9.759043
2902002221,2902002109,0.2973477,-0.58220744,-10.147594
2902052333,2902051489,0.4673317,-1.0554231,-10.289424
2902102254,2902102109,0.86827105,1.1236488,-9.346771
2902152220,2902151486,-0.2768472,1.2381766,-9.91369
2902202327,2902201616,0.107482076,0.16252787,-8.855153
2902252195,2902251485,-0.20369582,0.7363029,-9.836588
2902302195,2902302110,0.33458495,1.0543665,-9.999841
2902352196,2902352110,0.42458835,0.66438544,-9.852826
2902402199,2902401485,-0.20550005,0.46043423,-9.985659
2902452224,2902451493,-0.5583051,0.5432711,-10.237257
2902502247,2902501484,0.53155166,0.6792302,-9.389716
2902552232,2902551522,1.0237597,-0.16166292,-9.91331
2902602321,2902602112,-0.6127667,-0.8678189,-10.585821
2902652193,2902652110,-0.46965134,1.5952626,-9.813487
2902702201,2902701488,0.8783612,0.828385,-9.68215
2902752276,2902751565,-0.31678253,-1.1281456,-9.668129
2902802228,2902801491,0.5502322,-0.2939441,-9.760415
2902852222,2902851511,0.70445293,-0.6690403,-9.344391
2902902194,2902901484,-0.41954562,-1.1078981,-9.948365
2902952195,2902951484,-0.7013211,0.47098488,-9.902959
2903002196,2903001485,-0.07596579,-0.24765328,-9.673275
2903052195,2903051485,-0.039855372,0.008278862,-10.335991
2903102231,2903101485,-0.24451901,0.14003319,-10.361269
2903152241,2903151485,0.09278175,-0.28283706,-9.881556
2903202199,2903201486,-0.38397697,-0.5954378,-10.2817335
2903252227,2903251514,0.28428286,0.1320248,-9.4095745
2903302302,2903301484,-0.31930742,0.77088714,-9.403037
2903352246,2903351537,-0.5272899,-0.26795378,-9.735042
2903402202,2903401487,0.35435215,-0.60796684,-9.892042
2903452334,2903451576,0.61540747,0.3066591,-9.46443
2903502197,2903501486,-0.3389749,0.49380007,-9.757407
2903552199,2903551487,-0.51838124,-0.9011767,-9.802205
2903602222,2903601485,0.7241032,-0.1643055,-9.473765
2903652198,2903651485,0.22142528,0.3357623,-9.423206
2903702275,2903702109,-0.41044265,0.25404057,-9.916461
2903752203,2903752110,0.47993502,-0.2355214,-9.956238
2903802236,2903801485,0.08320957,0.6153051,-9.672186
2903852195,2903851485,-0.57998925,0.38934058,-9.750727
2903902206,2903901488,-0.046597134,-0.20497133,-10.133043
2903952202,2903951486,0.052614562,-0.8492134,-10.9638195
2904002324,2904001488,-0.22966476,-0.46955347,-11.643194
2904052247,2904051514,0.27742788,-0.1647329,-11.392185
2904102197,2904101485,0.4900223,-0.34521043,-11.734993
2904152350,2904151640,-0.21762349,-0.29916084,-11.976187
2904202207,2904201485,-0.0432718,-0.741316,-11.202253
2904252200,2904251486,-0.06613683,-0.34791616,-10.515805
2904302199,2904301485,-0.13963816,-0.5416314,-10.100461
2904352231,2904351486,0.079158925,0.08138787,-9.657333
2904402238,2904401503,-0.08970425,0.2259692,-9.395271
2904452260,2904451486,-0.5432133,0.79307073,-9.506684
2904502273,2904501485,-0.1710663,1.0229012,-9.203676
2904552204,2904551485,0.20587529,0.47847554,-9.148027
2904602204,2904602113,-0.11365134,0.082860634,-9.736571
2904652202,2904651487,-0.1469382,-0.6118964,-9.469506
2904702329,2904702111,-0.56159085,-0.7418008,-9.675678
2904752265,2904751487,-0.41567218,-0.35781345,-9.623734
2904802199,2904802110,-0.098926984,-0.4938461,-9.243528
2904852281,2904851569,0.35365006,-0.5885889,-9.66722
2904902203,2904901487,0.29457682,-0.23342846,-10.305125
2904952276,2904952191,0.2205225,-0.18472223,-10.321403
2905002197,2905002111,0.3338274,-0.042907923,-10.116484
2905052196,2905051485,0.48684317,-0.18055005,-10.21967
2905102193,2905102109,0.41009542,-0.47490972,-9.924775
2905152229,2905151518,0.07686348,-0.41900605,-10.214578
2905202200,2905202109,0.25703973,-0.4717315,-9.280909
2905257232,2905256486,-0.4019574,-0.99515396,-9.784419
2905302271,2905301485,0.25037283,-0.70548016,-9.815351
2905352246,2905351484,0.3434047,-0.9620542,-9.783297
2905402355,2905402123,0.2161609,-0.48085988,-9.570172
2905452202,2905451485,0.33973038,-0.17825793,-9.74859
2905502229,2905501485,0.33634245,0.3374491,-9.560427
2905552285,2905551575,-0.011989702,0.36614123,-9.737059
2905602202,2905601486,-0.18665062,-0.3020282,-9.862172
2905652213,2905651484,-0.31244504,-0.4617862,-9.870228
2905702199,2905701489,-0.14393798,-0.45205256,-9.878571
2905752264,2905752109,-0.030958254,-0.45392454,-10.020146
2905802215,2905802113,-0.0853424,-1.5259781,-9.898527
2905852199,2905851487,0.26834336,-1.8072573,-10.013606
2905902207,2905901486,0.28599232,-0.60255784,-9.920854
2905952205,2905951486,0.4916241,-0.1791593,-9.653139
2906002216,2906001485,0.30028993,0.30201244,-9.839782
2906052252,2906052161,0.1726178,0.43304038,-9.662737
2906102382,2906102109,0.14911973,0.6823845,-9.590147
2906152198,2906151486,-0.12350836,-0.5072189,-9.902368
2906202233,2906201521,-0.19962208,-1.0621235,-9.937356
2906252289,2906251529,0.004233569,-0.24166659,-10.978814
2906302193,2906301484,0.0016732789,-0.4896269,-10.255638
2906352241,2906351485,0.06548489,-0.4978623,-10.215702
2906402194,2906401485,0.16161685,-0.20994745,-9.676893
2906452226,2906451486,0.08290207,0.13868283,-9.706517
2906502203,2906501484,-0.19097878,-0.24070616,-10.044356
2906552267,2906551485,-0.49133116,-0.7988634,-10.050009
2906602198,2906601485,0.7788841,-2.0718129,-11.276507
2906652205,2906652117,0.28263038,-1.6382707,-10.481491
2906702216,2906702131,-0.40624082,-1.0985138,-9.409664
2906752223,2906751487,0.12802446,-0.92374194,-8.682609
2906802340,2906801488,0.61503357,-1.401856,-9.334268
2906852206,2906851485,-0.3645747,-0.7265706,-10.160553
2906902218,2906902118,1.0254714,0.43216848,-9.936264
2906952239,2906951518,-0.19394027,-0.08428057,-10.48458
2907002279,2907001523,0.47890097,0.15803082,-9.441663
2907052199,2907051486,-0.44818807,-0.3009437,-9.158428
2907102193,2907101484,0.8626065,0.007920622,-10.08693
2907152217,2907151488,-0.8414321,-0.53273356,-9.907852
2907202191,2907202111,0.24544668,-0.8390441,-9.494837
2907252228,2907251489,0.098035574,-0.67261624,-10.042926
2907302196,2907301485,-0.15464348,-0.72812533,-9.8469925
2907352381,2907351486,0.06940971,-0.8796894,-10.077595
2907402203,2907401488,0.47857645,-0.9851248,-9.798875
2907452195,2907451485,-0.23852083,-0.94801795,-10.154317
2907502333,2907501489,-0.052467078,-1.0388834,-10.233779
2907552217,2907551485,0.17325011,-1.4015661,-9.383631
2907602213,2907601489,-0.573731,0.18117851,-10.940776
2907652263,2907651553,0.090236105,-0.64121974,-9.70257
2907702219,2907701509,-0.18708189,0.008220493,-9.763945
2907752200,2907752111,0.23286796,-0.8089543,-9.384128
2907802253,2907802166,-0.2279319,0.20670632,-9.809764
2907852231,2907851485,0.23146851,0.04023841,-9.3972025
2907902194,2907901485,-0.22418083,0.41376552,-9.754765
2907952194,2907951485,0.103016146,-1.4326456,-10.101295
2908002195,2908001485,0.17735882,-0.39796597,-10.17039
2908052414,2908051486,0.56406885,0.12381434,-9.699144
2908102229,2908101485,0.86338824,-0.71469325,-10.694045
2908152267,2908152110,0.019503644,-0.12316597,-10.078887
2908202354,2908201623,-0.15611431,-0.06495359,-8.864046
2908252218,2908251484,-0.5566198,-0.75055426,-9.790281
2908302235,2908301526,-0.29479927,-0.41139963,-10.313972
2908352211,2908351499,0.06544449,-0.18593587,-10.02576
2908402202,2908401486,-0.024011837,-0.4821955,-9.399359
2908452202,2908451491,-0.23311564,-1.1949209,-9.800133
2908502219,2908501484,0.36227998,-0.5319289,-10.439581
2908552274,2908551487,-0.4793362,0.4636836,-9.9139805
2908602313,2908601559,-0.29440084,-0.12291488,-9.34207
2908652202,2908651489,-0.41112876,-0.6486291,-10.259938
2908702200,2908701486,0.4136039,-0.31475028,-10.099928
2908752207,2908751494,0.3033737,-0.027525373,-9.563843
2908802203,2908801486,0.08131403,-0.7070561,-10.117966
2908852234,2908851485,0.15797588,-0.010344119,-9.7471075
2908902355,2908901490,-0.32300156,-0.29871202,-9.544514
2908952280,2908952122,-0.78150105,-0.1729223,-9.680971
2909002199,2909002111,-0.3099143,-0.7913611,-10.089137
2909052317,2909051606,-0.33134654,-0.036190532,-10.228045
2909102203,2909101490,0.41347834,-0.26818967,-9.963469
2909152197,2909152110,0.10088667,-0.34568915,-10.019372
2909202217,2909202110,0.27335435,-0.47370702,-9.900665
2909252247,2909251485,-0.4452183,-0.044469062,-10.167963
2909302229,2909302113,-0.37543833,-0.51306313,-9.978526
2909352194,2909351485,-0.60128295,-0.38235462,-10.059158
2909402301,2909402110,-0.15383692,-0.44263098,-10.012698
2909452225,2909451486,0.15655933,-0.20258658,-10.068064
2909502201,2909501490,0.24295373,-0.6393914,-10.053724
2909552197,2909552110,0.15259735,-0.35103562,-10.040757
2909602305,2909601595,-0.2536897,-0.46484825,-10.084732
2909652203,2909651486,-0.45096135,-0.30878294,-9.888091
2909702199,2909701486,-0.55320835,-0.6658717,-9.929556
2909752219,2909752134,-0.28084964,-0.21223028,-9.937937
2909802207,2909802114,-0.03473076,-0.5263015,-9.860601
2909852247,2909851505,0.14987044,-0.30779555,-9.838286
2909902241,2909902109,0.13622828,-0.54340047,-9.85005
2909952195,2909951485,-0.13413271,-0.21129382,-9.775134
2910002200,2910001487,-0.29079014,-0.55426544,-9.796746
2910052196,2910051485,-0.48619363,-0.19376327,-9.761845
2910102219,2910101486,-0.26643312,-0.46856627,-9.914666
2910152341,2910151484,-0.09340037,-0.23978406,-9.800411
2910202299,2910201490,0.19345912,-0.44873914,-9.93912
2910252203,2910251488,0.114136726,-0.21210718,-9.909806
2910302334,2910302222,0.027797358,-0.46524215,-9.835381
2910352195,2910351484,-0.30414572,-0.20551313,-9.939548
2910402204,2910401487,-0.38150772,-0.47012612,-9.888818
2910452193,2910452109,-0.34519228,-0.23992217,-9.918833
2910502224,2910502133,-0.060431194,-0.42961055,-9.950604
2910552306,2910551524,0.05700779,-0.26149133,-9.850687
2910602199,2910601485,0.15170188,-0.41922566,-9.900117
2910652225,2910652140,0.028763333,-0.31260538,-9.888719
2910702204,2910702111,-0.1536802,-0.42986244,-9.901235
2910752201,2910751486,-0.39893946,-0.26737806,-9.930832
2910802233,2910801489,-0.3248089,-0.4885881,-9.918048
2910852377,2910851487,-0.23521446,-0.3473388,-9.742389
2910902246,2910901489,-0.008281336,-0.40716368,-9.856748
2910952201,2910951485,0.14552623,-0.35368574,-9.716064
2911002376,2911001661,0.056610636,-0.30988547,-9.74365
