timestamp,timestamp_sample,control[0],control[1],control[2],control[3],control[4],control[5],control[6],control[7]
2874001429,2874001318,-0.030449856,-0.0065486906,-0.000992374,0.23623902,0.0,0.0,0.0,1.0
2874002949,2874002817,-0.034958974,-0.0070773405,-0.0024487397,0.23623902,0.0,0.0,0.0,1.0
2874055390,2874055279,-0.04903829,0.0050323093,-0.0044583254,0.2527563,0.0,0.0,0.0,1.0
2874103365,2874103245,-0.046869844,0.0051959488,-0.0013919971,0.26953286,0.0,0.0,0.0,1.0
2874152833,2874152709,-0.07562002,0.02234747,-0.0014527505,0.2862047,0.0,0.0,0.0,1.0
2874205316,2874205172,-0.02464338,0.011087686,0.0062376186,0.30445322,0.0,0.0,0.0,1.0
2874254800,2874254682,-0.06137758,-0.030397397,-0.010002422,0.32292584,0.0,0.0,0.0,1.0
2874302710,2874302601,-0.0775003,-0.0030884217,0.004711346,0.34084472,0.0,0.0,0.0,1.0
2874352289,2874352114,-0.0840351,0.03581124,-0.0015762582,0.35709321,0.0,0.0,0.0,1.0
2874404691,2874404574,-0.048081875,-0.03214579,-0.003844426,0.37641603,0.0,0.0,0.0,1.0
2874454114,2874453992,-0.10050393,0.014081008,0.0145901,0.3968225,0.0,0.0,0.0,1.0
2874505074,2874504955,-0.051268682,0.010807298,0.00548445,0.415109,0.0,0.0,0.0,1.0
2874554582,2874554466,-0.14242636,0.04223136,0.01163006,0.43490452,0.0,0.0,0.0,1.0
2874603994,2874603884,-0.0811855,0.0025761798,-0.0011273243,0.45647112,0.0,0.0,0.0,1.0
2874653473,2874653348,-0.068905205,0.06158102,0.00046443375,0.47731137,0.0,0.0,0.0,1.0
2874702946,2874702813,-0.046303716,0.009877941,0.009170173,0.49260527,0.0,0.0,0.0,1.0
2874755389,2874755280,0.01801805,-0.014337562,0.008167688,0.5072855,0.0,0.0,0.0,1.0
2874803368,2874803244,0.020568553,-0.042601157,0.014811156,0.51824206,0.0,0.0,0.0,1.0
2874852828,2874852705,0.023768697,-0.024785325,0.018433876,0.52950776,0.0,0.0,0.0,1.0
2874902300,2874902169,0.032881986,-0.0048143836,0.022098897,0.5373519,0.0,0.0,0.0,1.0
2874954845,2874954631,0.01608904,0.029949712,0.02587225,0.5415624,0.0,0.0,0.0,1.0
2875002806,2875002597,0.014496309,-0.033135623,0.026500408,0.5416109,0.0,0.0,0.0,1.0
2875052174,2875052062,2.0587462e-05,0.004789091,0.025809722,0.5429701,0.0,0.0,0.0,1.0
2875104643,2875104523,0.05502061,0.046038512,0.024598299,0.54618156,0.0,0.0,0.0,1.0
2875154147,2875154035,0.03564001,0.010288292,0.023505572,0.5335668,0.0,0.0,0.0,1.0
2875202066,2875201953,0.014669385,0.041307494,0.026088193,0.52219945,0.0,0.0,0.0,1.0
2875256054,2875255914,0.05194839,0.0051591103,0.030739997,0.51613384,0.0,0.0,0.0,1.0
2875304061,2875303927,0.048692834,0.029472038,0.032427788,0.5115205,0.0,0.0,0.0,1.0
2875353461,2875353344,0.03312719,0.04391948,0.03195502,0.5110609,0.0,0.0,0.0,1.0
2875402936,2875402809,-0.0044366377,0.06687331,0.029743377,0.513701,0.0,0.0,0.0,1.0
2875455393,2875455271,0.041787032,0.060108513,0.02419324,0.5078462,0.0,0.0,0.0,1.0
2875503347,2875503236,0.038435075,0.03600179,0.02116111,0.5071716,0.0,0.0,0.0,1.0
2875552814,2875552701,0.017118288,0.038791288,0.020910637,0.5058807,0.0,0.0,0.0,1.0
2875605286,2875605163,0.04306055,0.034325182,0.02114564,0.5081212,0.0,0.0,0.0,1.0
2875654792,2875654627,0.06653414,0.029446056,0.020907568,0.50599647,0.0,0.0,0.0,1.0
2875702748,2875702593,0.06057136,0.0058525694,0.020396112,0.5065206,0.0,0.0,0.0,1.0
2875752246,2875752057,0.02943816,-0.022825925,0.015838923,0.5011764,0.0,0.0,0.0,1.0
2875804639,2875804520,0.059040565,0.07439703,0.011421446,0.5012812,0.0,0.0,0.0,1.0
2875854098,2875853984,0.043053273,0.011969904,0.009491583,0.5033804,0.0,0.0,0.0,1.0
2875902064,2875901949,0.08588313,-0.00497477,0.010717768,0.5051656,0.0,0.0,0.0,1.0
2875954522,2875954412,0.1211221,0.025806854,0.00847539,0.508284,0.0,0.0,0.0,1.0
2876004016,2876003876,0.09890603,0.022432815,0.008563468,0.5109074,0.0,0.0,0.0,1.0
2876053523,2876053387,0.10210867,0.03944297,0.007731623,0.514,0.0,0.0,0.0,1.0
2876102932,2876102805,0.07141314,0.038393904,0.007904916,0.5158255,0.0,0.0,0.0,1.0
2876155458,2876155267,0.017631453,0.025024107,0.004838584,0.5177483,0.0,0.0,0.0,1.0
2876203473,2876203279,0.009201604,0.04402181,0.0060532778,0.5190109,0.0,0.0,0.0,1.0
2876252838,2876252697,0.04221834,0.030309865,0.0037856766,0.51728326,0.0,0.0,0.0,1.0
2876305277,2876305159,0.008977633,0.02633754,0.0043541645,0.5195572,0.0,0.0,0.0,1.0
2876354782,2876354623,0.01981144,0.022338066,-0.0009042516,0.51580036,0.0,0.0,0.0,1.0
2876402700,2876402589,0.04089863,0.065978274,0.0048115402,0.5163097,0.0,0.0,0.0,1.0
2876452183,2876452053,0.0020949433,-0.023179898,0.004841182,0.5175257,0.0,0.0,0.0,1.0
2876503183,2876503068,-0.021448383,-0.00095356297,0.008718316,0.52061504,0.0,0.0,0.0,1.0
2876554099,2876553980,-0.037066724,0.018957319,0.011649882,0.5225176,0.0,0.0,0.0,1.0
2876602060,2876601945,0.02008384,0.01795873,0.010237576,0.52414507,0.0,0.0,0.0,1.0
2876651551,2876651410,0.00052389386,0.038878724,0.008655818,0.5217239,0.0,0.0,0.0,1.0
2876703985,2876703872,0.031358812,-0.0011537257,0.001194388,0.51720554,0.0,0.0,0.0,1.0
2876753459,2876753336,0.035814676,0.016666481,-0.0009888182,0.51197386,0.0,0.0,0.0,1.0
2876802965,2876802848,0.009071408,0.016133461,0.00032460788,0.5077372,0.0,0.0,0.0,1.0
2876855457,2876855310,0.013414084,0.03639318,0.0032116212,0.50729287,0.0,0.0,0.0,1.0
2876903348,2876903229,0.0097779175,0.0051386715,0.0043962714,0.506209,0.0,0.0,0.0,1.0
2876952949,2876952740,-0.0028676882,0.003843531,0.0024097455,0.4896909,0.0,0.0,0.0,1.0
2877005316,2877005202,0.04985321,0.07942942,-0.0037005201,0.46903706,0.0,0.0,0.0,1.0
2877054783,2877054620,-0.0103942165,0.038519274,-0.003210615,0.4389049,0.0,0.0,0.0,1.0
2877102739,2877102632,-0.012609855,0.03960274,-0.0018356135,0.43159118,0.0,0.0,0.0,1.0
2877152168,2877152049,0.018455971,0.049428128,-0.0023480793,0.4166427,0.0,0.0,0.0,1.0
2877204626,2877204512,0.014807263,0.05369344,-0.0027269733,0.3914156,0.0,0.0,0.0,1.0
2877254090,2877253976,0.024467316,0.011133384,-0.0065040602,0.39119455,0.0,0.0,0.0,1.0
2877302053,2877301943,0.022918386,0.038568523,-0.0133965835,0.40403563,0.0,0.0,0.0,1.0
2877351515,2877351406,0.08870363,0.042862386,-0.011094078,0.40498412,0.0,0.0,0.0,1.0
2877403988,2877403868,0.016073385,0.034328103,-0.01622657,0.43301952,0.0,0.0,0.0,1.0
2877453487,2877453332,0.060913503,0.014623848,-0.013725201,0.44857675,0.0,0.0,0.0,1.0
2877502931,2877502797,0.022532517,0.008327617,-0.015041659,0.46820548,0.0,0.0,0.0,1.0
2877555369,2877555259,0.0431169,0.038249023,-0.017923983,0.46803382,0.0,0.0,0.0,1.0
2877603336,2877603225,-0.018212473,0.04487398,-0.015256165,0.45256954,0.0,0.0,0.0,1.0
2877652809,2877652689,-0.011994953,0.030376423,-0.020411598,0.44282296,0.0,0.0,0.0,1.0
2877702427,2877702201,0.052399438,0.0041786623,-0.01942804,0.42720306,0.0,0.0,0.0,1.0
2877754818,2877754663,0.116220675,0.04037698,-0.019132089,0.41712445,0.0,0.0,0.0,1.0
2877802695,2877802584,-0.049530037,0.056842383,-0.022734862,0.4292086,0.0,0.0,0.0,1.0
2877852210,2877852093,0.027310312,0.026323177,-0.01593367,0.45153087,0.0,0.0,0.0,1.0
2877904668,2877904555,0.058415953,0.01032259,-0.021621697,0.48179087,0.0,0.0,0.0,1.0
2877954085,2877953973,0.056791045,0.04106585,-0.025136609,0.5006554,0.0,0.0,0.0,1.0
2878002095,2878001985,0.045006003,-0.0045665507,-0.023729224,0.529017,0.0,0.0,0.0,1.0
2878056149,2878055899,0.07573035,0.027059589,-0.02244692,0.5332243,0.0,0.0,0.0,1.0
2878103978,2878103864,0.024568055,-0.0015495182,-0.020218937,0.5159848,0.0,0.0,0.0,1.0
2878153447,2878153329,-0.07798555,0.01368137,-0.018854415,0.5142238,0.0,0.0,0.0,1.0
2878202917,2878202793,-0.03967461,0.0361483,-0.017097771,0.5048527,0.0,0.0,0.0,1.0
2878255370,2878255256,0.0062574632,0.06117749,-0.019955862,0.5027162,0.0,0.0,0.0,1.0
2878303334,2878303221,-0.0073870244,0.04810003,-0.018957475,0.5062046,0.0,0.0,0.0,1.0
2878352800,2878352685,0.026593052,0.045640178,-0.021013979,0.5048989,0.0,0.0,0.0,1.0
2878405264,2878405148,0.022594512,0.050477773,-0.020838697,0.50255233,0.0,0.0,0.0,1.0
2878454783,2878454612,0.06945585,0.049050905,-0.018448269,0.50150305,0.0,0.0,0.0,1.0
2878502688,2878502577,0.0024691576,0.028566336,-0.020231603,0.5006083,0.0,0.0,0.0,1.0
2878552163,2878552042,0.011583083,-0.00807071,-0.020597378,0.49710035,0.0,0.0,0.0,1.0
2878604626,2878604506,-0.01340527,0.032101877,-0.024204325,0.49421552,0.0,0.0,0.0,1.0
2878654126,2878654015,0.03900917,0.058132198,-0.024719356,0.49588194,0.0,0.0,0.0,1.0
2878703590,2878703437,0.019065034,0.05155147,-0.023005154,0.5006488,0.0,0.0,0.0,1.0
2878754514,2878754396,0.063525945,0.045500785,-0.024563948,0.50325716,0.0,0.0,0.0,1.0
2878804025,2878803908,0.12462753,0.041018106,-0.025914112,0.5010887,0.0,0.0,0.0,1.0
2878853439,2878853325,0.037852224,-0.035027552,-0.02538303,0.50455123,0.0,0.0,0.0,1.0
2878902911,2878902789,0.022732265,-0.017427629,-0.02438896,0.50453126,0.0,0.0,0.0,1.0
2878955364,2878955252,0.019257586,0.011706806,-0.019416923,0.5022491,0.0,0.0,0.0,1.0
2879004874,2879004716,0.03410803,0.013145418,-0.016756887,0.4993991,0.0,0.0,0.0,1.0
2879052798,2879052681,-0.029794984,0.04061522,-0.014686667,0.49683875,0.0,0.0,0.0,1.0
2879102284,2879102146,0.020587659,0.050090387,-0.016131943,0.49428374,0.0,0.0,0.0,1.0
2879154772,2879154610,0.026647314,0.030183187,-0.013329073,0.49436858,0.0,0.0,0.0,1.0
2879202689,2879202577,-0.0008695346,0.045351565,-0.014187021,0.49660715,0.0,0.0,0.0,1.0
2879252156,2879252038,0.010649051,0.008997656,-0.013625871,0.49331102,0.0,0.0,0.0,1.0
2879304618,2879304500,-0.029895946,0.017794112,-0.00950151,0.4946704,0.0,0.0,0.0,1.0
2879354078,2879353965,-0.012633698,0.024840092,-0.0066744494,0.4941993,0.0,0.0,0.0,1.0
2879402112,2879401930,-0.07697788,0.0032071474,-0.0062944563,0.4959212,0.0,0.0,0.0,1.0
2879454502,2879454392,-0.11995468,0.030997816,-0.0037293164,0.49976972,0.0,0.0,0.0,1.0
2879503993,2879503857,-0.080943115,0.06689087,-0.0037008636,0.507787,0.0,0.0,0.0,1.0
2879553521,2879553368,-0.021039987,0.055022296,-0.0048713046,0.51276463,0.0,0.0,0.0,1.0
2879602912,2879602790,-0.028868562,0.013759793,-0.0072053503,0.51507205,0.0,0.0,0.0,1.0
2879655357,2879655248,-0.018142814,0.026730455,-0.010048427,0.5120229,0.0,0.0,0.0,1.0
2879703418,2879703260,-0.008977088,0.017123466,-0.010360698,0.50770974,0.0,0.0,0.0,1.0
2879752793,2879752678,-0.0028386181,0.07111056,-0.010661511,0.50615686,0.0,0.0,0.0,1.0
2879806802,2879806641,0.024535613,0.006980892,-0.011059905,0.5028824,0.0,0.0,0.0,1.0
2879854813,2879854609,0.044533633,0.02243351,-0.01324085,0.5003942,0.0,0.0,0.0,1.0
2879902736,2879902570,0.040219735,0.03721347,-0.013794228,0.4974163,0.0,0.0,0.0,1.0
2879952158,2879952035,0.032191586,0.04866946,-0.011924771,0.49519864,0.0,0.0,0.0,1.0
2880004611,2880004497,0.04534048,0.003943443,-0.011880828,0.4952827,0.0,0.0,0.0,1.0
2880054068,2880053961,-0.013132655,0.014065356,-0.009872262,0.49406165,0.0,0.0,0.0,1.0
2880102039,2880101927,0.03544704,0.035043787,-0.009029758,0.493747,0.0,0.0,0.0,1.0
2880156059,2880155888,-0.029527338,0.017077167,-0.004559323,0.49514264,0.0,0.0,0.0,1.0
2880204006,2880203855,-0.0161265,0.04322149,-0.0051966296,0.49443972,0.0,0.0,0.0,1.0
2880253441,2880253318,-0.012165246,0.029196644,-0.008527439,0.49479026,0.0,0.0,0.0,1.0
2880302953,2880302829,-0.0026237133,0.024614617,-0.009669069,0.49416068,0.0,0.0,0.0,1.0
2880355410,2880355291,-0.04118781,0.026762977,-0.0051445467,0.49266028,0.0,0.0,0.0,1.0
2880403329,2880403210,0.029254522,0.0013648695,-0.014425477,0.4910054,0.0,0.0,0.0,1.0
2880452848,2880452721,0.019671004,0.016554995,-0.014187048,0.49043134,0.0,0.0,0.0,1.0
2880506753,2880506635,0.054782867,0.020574713,-0.012345983,0.48826662,0.0,0.0,0.0,1.0
2880554740,2880554601,-0.03240812,0.028247856,-0.013223621,0.48907638,0.0,0.0,0.0,1.0
2880602752,2880602613,-0.013836288,0.033857923,-0.012447146,0.48993948,0.0,0.0,0.0,1.0
2880652261,2880652031,-0.058246687,0.05254502,-0.010051583,0.4841472,0.0,0.0,0.0,1.0
2880704616,2880704498,0.023019029,0.0023849572,-0.00824404,0.47935265,0.0,0.0,0.0,1.0
2880754072,2880753958,0.0010774881,-0.013567867,-0.010476607,0.4771926,0.0,0.0,0.0,1.0
2880802033,2880801923,-0.011944293,0.029803643,-0.0081381,0.4797801,0.0,0.0,0.0,1.0
2880854497,2880854385,-0.06369968,0.049836736,-0.00575097,0.4857856,0.0,0.0,0.0,1.0
2880903966,2880903850,0.0024163092,0.048242137,-0.0012826084,0.48823866,0.0,0.0,0.0,1.0
2880953433,2880953314,0.02934706,0.051526092,0.004806756,0.4924934,0.0,0.0,0.0,1.0
2881002890,2881002778,-0.03140986,0.058537323,0.0047997027,0.4943643,0.0,0.0,0.0,1.0
2881055461,2881055253,-0.0037880589,0.04756741,0.0050805165,0.49856186,0.0,0.0,0.0,1.0
2881103322,2881103206,-0.054362793,-0.004965832,0.0005999301,0.49924406,0.0,0.0,0.0,1.0
2881152829,2881152671,-0.100805886,-0.0072042276,-0.0006142101,0.49737632,0.0,0.0,0.0,1.0
2881205253,2881205133,-0.08011686,0.014146736,0.002292716,0.49587134,0.0,0.0,0.0,1.0
2881254800,2881254644,-0.077331565,-0.0006496122,0.0021731649,0.4936006,0.0,0.0,0.0,1.0
2881302681,2881302563,-0.056508925,-0.009029077,-0.0008354316,0.49139097,0.0,0.0,0.0,1.0
2881352200,2881352074,-0.02457001,0.026630089,-0.0040868553,0.48981306,0.0,0.0,0.0,1.0
2881404655,2881404536,-0.024067435,0.042219415,-0.0029240057,0.48773643,0.0,0.0,0.0,1.0
2881454122,2881453954,-0.03021975,-0.0016244772,-0.0037058557,0.4849953,0.0,0.0,0.0,1.0
2881502080,2881501966,-0.015770271,0.02128028,-0.012714186,0.48595288,0.0,0.0,0.0,1.0
2881554607,2881554428,0.0311191,-0.010194821,-0.0130800055,0.48599356,0.0,0.0,0.0,1.0
2881603962,2881603846,0.06632708,0.054754835,-0.01340373,0.4867294,0.0,0.0,0.0,1.0
2881653421,2881653310,-0.00074912753,0.027669245,-0.012903138,0.49021652,0.0,0.0,0.0,1.0
2881702891,2881702775,-0.041499004,0.036795508,-0.012017239,0.49142045,0.0,0.0,0.0,1.0
2881755370,2881755238,-0.0043050423,0.02966687,-0.013034076,0.4904063,0.0,0.0,0.0,1.0
2881803321,2881803203,0.034319274,0.020977477,-0.010245265,0.48996404,0.0,0.0,0.0,1.0
2881852779,2881852667,0.047944717,0.04658583,-0.009538095,0.49048415,0.0,0.0,0.0,1.0
2881905236,2881905129,0.022576015,0.034610584,-0.008471364,0.48830637,0.0,0.0,0.0,1.0
2881954722,2881954594,0.031603828,0.06762463,-0.0064431564,0.4893144,0.0,0.0,0.0,1.0
2882002678,2882002559,0.0165252,0.057944912,-0.004906371,0.48848706,0.0,0.0,0.0,1.0
2882052137,2882052023,-0.004491752,0.05235054,-0.0059099123,0.48664472,0.0,0.0,0.0,1.0
2882104594,2882104486,0.046352077,0.011275717,-0.0067186994,0.48597792,0.0,0.0,0.0,1.0
2882154111,2882153997,0.000435865,-0.0026631092,-0.007403516,0.48821455,0.0,0.0,0.0,1.0
2882202027,2882201916,-0.05842147,0.025433976,-0.01038898,0.48882368,0.0,0.0,0.0,1.0
2882254504,2882254378,-0.056781918,0.004310086,-0.0089454055,0.49055535,0.0,0.0,0.0,1.0
2882304067,2882303889,-0.074628174,0.039301313,-0.010804065,0.49428427,0.0,0.0,0.0,1.0
2882353420,2882353308,-0.0013806515,0.030655004,-0.012090012,0.49763197,0.0,0.0,0.0,1.0
2882402940,2882402771,0.07450224,0.050730284,-0.012878937,0.5054794,0.0,0.0,0.0,1.0
2882455342,2882455233,0.048917804,0.021438181,-0.014137013,0.5084867,0.0,0.0,0.0,1.0
2882503313,2882503199,0.015891755,0.022298995,-0.013387639,0.509434,0.0,0.0,0.0,1.0
2882552777,2882552663,-0.01668431,0.028565882,-0.012372209,0.508433,0.0,0.0,0.0,1.0
2882602367,2882602130,-0.056765288,0.030928124,-0.012647976,0.50819737,0.0,0.0,0.0,1.0
2882654709,2882654590,0.041989654,0.018817477,-0.015599325,0.50769293,0.0,0.0,0.0,1.0
2882702669,2882702556,-0.01623728,0.025877709,-0.01549876,0.50907063,0.0,0.0,0.0,1.0
2882752137,2882752020,-0.003123782,0.02495592,-0.017270885,0.5061331,0.0,0.0,0.0,1.0
2882804626,2882804482,0.017613888,0.040189575,-0.017074252,0.50385636,0.0,0.0,0.0,1.0
2882854064,2882853946,0.035681453,0.045581616,-0.017156588,0.49743092,0.0,0.0,0.0,1.0
2882902042,2882901912,0.07856909,0.036136005,-0.018350573,0.4937008,0.0,0.0,0.0,1.0
2882956092,2882955921,0.015744364,0.027426546,-0.016058024,0.49307564,0.0,0.0,0.0,1.0
2883003951,2883003838,0.055415817,0.03576281,-0.018414453,0.49402204,0.0,0.0,0.0,1.0
2883053529,2883053349,0.013366205,0.010401881,-0.018763192,0.49719977,0.0,0.0,0.0,1.0
2883102886,2883102767,0.0119426865,0.010967393,-0.021400236,0.49818885,0.0,0.0,0.0,1.0
2883155356,2883155230,0.02335407,0.004611283,-0.017927742,0.49881795,0.0,0.0,0.0,1.0
2883203384,2883203244,0.02190033,-0.0015940182,-0.017910255,0.49989307,0.0,0.0,0.0,1.0
2883252772,2883252660,0.025494149,-0.0044041914,-0.01580919,0.49776015,0.0,0.0,0.0,1.0
2883305245,2883305122,-0.0036354673,-0.0065304227,-0.013110586,0.4963449,0.0,0.0,0.0,1.0
2883354700,2883354586,0.0067372513,-0.02570809,-0.011755307,0.49480593,0.0,0.0,0.0,1.0
2883402660,2883402551,-0.043635983,0.0023880012,-0.005298503,0.49789998,0.0,0.0,0.0,1.0
2883452131,2883452015,-0.060718417,-0.016366856,-0.004499169,0.49972248,0.0,0.0,0.0,1.0
2883504586,2883504478,-0.057200957,0.019528078,-0.0037523704,0.5008992,0.0,0.0,0.0,1.0
2883554067,2883553942,-0.06473481,0.033053655,-0.004645216,0.5011017,0.0,0.0,0.0,1.0
2883602138,2883601908,-0.014690827,-0.0017716833,-0.0020164994,0.49939838,0.0,0.0,0.0,1.0
2883655993,2883655869,-0.04589358,0.034544546,-0.006547003,0.4992037,0.0,0.0,0.0,1.0
2883703965,2883703834,-0.04510621,0.0026168944,-0.0038888988,0.49982932,0.0,0.0,0.0,1.0
2883753423,2883753299,-0.019974204,0.016862046,-0.0020261365,0.49911702,0.0,0.0,0.0,1.0
2883803001,2883802810,-0.027009364,0.025940076,-0.0006811929,0.49750385,0.0,0.0,0.0,1.0
2883855386,2883855272,0.034761313,0.035288252,-0.0035943026,0.49941763,0.0,0.0,0.0,1.0
2883903303,2883903191,-0.061399788,0.020538468,-0.00083075784,0.49934664,0.0,0.0,0.0,1.0
2883952826,2883952702,-0.027900063,0.0093464,-6.1543156e-05,0.49650598,0.0,0.0,0.0,1.0
2884002277,2884002120,0.016656501,-0.0045293015,0.00070248445,0.4968611,0.0,0.0,0.0,1.0
2884054698,2884054582,0.00810274,0.037563182,-0.00096107775,0.49799585,0.0,0.0,0.0,1.0
2884102712,2884102594,-0.043260787,-0.024388527,0.0058377623,0.50026006,0.0,0.0,0.0,1.0
2884152150,2884152012,-0.08388516,-0.013076439,0.0054793945,0.50078344,0.0,0.0,0.0,1.0
2884204581,2884204474,-0.05019759,0.03581234,0.0054685045,0.50004625,0.0,0.0,0.0,1.0
2884254056,2884253938,-0.06286205,0.03384993,0.0068002185,0.49801224,0.0,0.0,0.0,1.0
2884302032,2884301904,-0.016907154,-0.008089477,0.005257101,0.49991497,0.0,0.0,0.0,1.0
2884355993,2884355865,-0.011097643,0.015317464,0.003938149,0.49772862,0.0,0.0,0.0,1.0
2884403970,2884403830,0.0020452794,0.021460764,0.0029158853,0.4942943,0.0,0.0,0.0,1.0
2884453416,2884453295,0.02353102,0.015889885,0.00072827,0.4909096,0.0,0.0,0.0,1.0
2884502889,2884502759,0.0083479965,0.025786882,-0.0016767306,0.48771566,0.0,0.0,0.0,1.0
2884555333,2884555222,-0.022973048,0.030893397,-0.0035729588,0.48539868,0.0,0.0,0.0,1.0
2884603312,2884603190,-0.046922166,0.025257902,-0.008499289,0.48505253,0.0,0.0,0.0,1.0
2884652791,2884652652,-0.008411983,0.015328826,-0.011942936,0.4857198,0.0,0.0,0.0,1.0
2884706750,2884706612,-0.05527275,0.02370741,-0.013058345,0.48767215,0.0,0.0,0.0,1.0
2884754806,2884754625,-0.019772282,0.050817832,-0.013503146,0.49277022,0.0,0.0,0.0,1.0
2884802716,2884802543,-0.023844501,-0.00857576,-0.010598887,0.49477944,0.0,0.0,0.0,1.0
2884852219,2884852057,0.0056852503,0.02131919,-0.011077406,0.49613088,0.0,0.0,0.0,1.0
2884904637,2884904517,0.031200876,0.05499727,-0.014302297,0.49554193,0.0,0.0,0.0,1.0
2884954050,2884953935,0.05775026,0.04878093,-0.016279384,0.4952479,0.0,0.0,0.0,1.0
2885002061,2885001947,-0.0024463863,0.031510938,-0.018543895,0.4968226,0.0,0.0,0.0,1.0
2885055985,2885055861,0.029962474,0.01178755,-0.018916972,0.49602497,0.0,0.0,0.0,1.0
2885103939,2885103827,0.042447384,0.05365329,-0.016746087,0.495601,0.0,0.0,0.0,1.0
2885153408,2885153291,0.036550697,0.03794906,-0.015552967,0.49657726,0.0,0.0,0.0,1.0
2885202873,2885202755,0.018859578,0.05837659,-0.012200273,0.4976199,0.0,0.0,0.0,1.0
2885255340,2885255218,0.0010733902,-0.0039129998,-0.01018947,0.4999357,0.0,0.0,0.0,1.0
2885303300,2885303183,0.05307603,0.026011853,-0.00890719,0.4997432,0.0,0.0,0.0,1.0
2885352792,2885352648,0.05632564,-0.015376107,-0.009600559,0.49905843,0.0,0.0,0.0,1.0
2885405223,2885405110,-0.011249141,0.000574487,-0.0074607977,0.50013894,0.0,0.0,0.0,1.0
2885454722,2885454577,0.019730818,0.012009772,-0.007842921,0.5017623,0.0,0.0,0.0,1.0
2885502658,2885502540,-0.05370475,-0.000726005,-0.014060472,0.501325,0.0,0.0,0.0,1.0
2885552191,2885552004,-0.06170357,0.028948434,-0.021672042,0.5043563,0.0,0.0,0.0,1.0
2885604579,2885604466,-0.025632024,0.027692337,-0.024250569,0.5085114,0.0,0.0,0.0,1.0
2885654124,2885653981,0.02650621,0.061042383,-0.04909467,0.5109849,0.0,0.0,0.0,1.0
2885702011,2885701896,-0.018919596,0.015021294,-0.060081646,0.5099608,0.0,0.0,0.0,1.0
2885756004,2885755857,0.056306068,0.023641804,-0.06536408,0.50624615,0.0,0.0,0.0,1.0
2885805447,2885805322,-0.034152042,0.021444654,-0.06090977,0.50225323,0.0,0.0,0.0,1.0
2885853409,2885853287,-0.019561818,0.06174671,-0.0638559,0.49473447,0.0,0.0,0.0,1.0
2885902872,2885902752,0.04080726,0.039560325,-0.06683448,0.49353975,0.0,0.0,0.0,1.0
2885955435,2885955216,0.021871079,0.026097184,-0.05697285,0.49408776,0.0,0.0,0.0,1.0
2886003391,2886003179,0.014933056,0.051006418,-0.048803646,0.4908988,0.0,0.0,0.0,1.0
2886052763,2886052644,-0.0016000587,0.039863694,-0.04691911,0.48988822,0.0,0.0,0.0,1.0
2886102333,2886102111,0.010446738,0.08508494,-0.051765252,0.49154845,0.0,0.0,0.0,1.0
2886154681,2886154571,0.04350657,0.02615666,-0.054200176,0.49434835,0.0,0.0,0.0,1.0
2886202653,2886202536,-0.001603761,0.024571767,-0.048630267,0.49436024,0.0,0.0,0.0,1.0
2886252128,2886252000,-0.031030342,0.01142952,-0.03789679,0.4980071,0.0,0.0,0.0,1.0
2886304575,2886304462,-0.04553437,0.049985185,-0.04140083,0.5002948,0.0,0.0,0.0,1.0
2886354038,2886353927,-0.096264996,0.064723305,-0.051814508,0.5009595,0.0,0.0,0.0,1.0
2886403555,2886403438,0.02523165,0.029338941,-0.04510526,0.5016905,0.0,0.0,0.0,1.0
2886456087,2886455904,0.018375298,0.013705685,-0.0379358,0.5065613,0.0,0.0,0.0,1.0
2886503935,2886503819,0.022320649,0.0054863365,-0.038749684,0.51076776,0.0,0.0,0.0,1.0
2886553448,2886553330,0.0005646575,0.015861005,-0.03237627,0.51134866,0.0,0.0,0.0,1.0
2886602915,2886602748,-0.04748833,0.020218017,-0.029691694,0.5116143,0.0,0.0,0.0,1.0
2886655336,2886655210,0.006766696,0.058890164,-0.02999575,0.51305807,0.0,0.0,0.0,1.0
2886703374,2886703223,-0.05745281,0.029894777,-0.026590906,0.51164496,0.0,0.0,0.0,1.0
2886752754,2886752640,-0.001549781,0.049013928,-0.031187937,0.5138398,0.0,0.0,0.0,1.0
2886805215,2886805102,0.0843313,0.031970903,-0.030330058,0.5141958,0.0,0.0,0.0,1.0
2886854678,2886854567,0.045358915,0.051063377,-0.023852171,0.5143028,0.0,0.0,0.0,1.0
2886902648,2886902532,-0.037000623,0.018377217,-0.014789517,0.5143029,0.0,0.0,0.0,1.0
2886952114,2886951997,-0.03455322,0.028596964,-0.010991761,0.51468945,0.0,0.0,0.0,1.0
2887004573,2887004459,-0.056040965,0.027030084,-0.009368847,0.5128807,0.0,0.0,0.0,1.0
2887054040,2887053924,-0.010467316,0.025671622,-0.009365559,0.513798,0.0,0.0,0.0,1.0
2887102009,2887101889,-0.038354352,0.058516998,-0.005182637,0.513957,0.0,0.0,0.0,1.0
2887156061,2887155850,0.025689185,0.06146259,-0.010613146,0.5182936,0.0,0.0,0.0,1.0
2887203940,2887203815,-0.057311893,0.045082666,-0.013729084,0.52127844,0.0,0.0,0.0,1.0
2887253398,2887253280,-0.075373225,0.03297985,-0.015494346,0.52444834,0.0,0.0,0.0,1.0
2887302927,2887302796,-0.046412084,0.04556981,-0.0150021855,0.5199265,0.0,0.0,0.0,1.0
2887355361,2887355253,-0.055165637,0.052605838,-0.017637081,0.51306224,0.0,0.0,0.0,1.0
2887403323,2887403172,0.0016459918,0.03956985,-0.015935538,0.5123899,0.0,0.0,0.0,1.0
2887452845,2887452683,0.0228594,0.056566216,-0.016902365,0.50816846,0.0,0.0,0.0,1.0
2887502220,2887502101,0.034012552,0.075451836,-0.01768135,0.50796986,0.0,0.0,0.0,1.0
2887554681,2887554563,0.023426017,0.04673845,-0.012182903,0.508428,0.0,0.0,0.0,1.0
2887602694,2887602575,0.031521633,0.041344106,-0.012680158,0.5058204,0.0,0.0,0.0,1.0
2887652117,2887651993,-0.004307168,0.08295139,-0.013736467,0.50150305,0.0,0.0,0.0,1.0
2887704594,2887704455,-0.070882626,0.03544084,-0.0072474782,0.49922162,0.0,0.0,0.0,1.0
2887754031,2887753919,-0.082695596,0.023580153,-0.005096802,0.49642247,0.0,0.0,0.0,1.0
2887802031,2887801885,-0.09083636,0.021617835,-0.007505315,0.4954472,0.0,0.0,0.0,1.0
2887855993,2887855846,-0.015785832,0.04002082,-0.013686377,0.4950078,0.0,0.0,0.0,1.0
2887903947,2887903816,-0.0739528,0.06960323,-0.014552109,0.49489957,0.0,0.0,0.0,1.0
2887953396,2887953276,-0.12764494,0.03949188,-0.013056312,0.49378398,0.0,0.0,0.0,1.0
2888002860,2888002740,-0.10038991,0.038268197,-0.011666584,0.49371737,0.0,0.0,0.0,1.0
2888055325,2888055210,-0.12177557,0.023405418,-0.008933633,0.49623635,0.0,0.0,0.0,1.0
2888103321,2888103168,-0.106384836,0.057859626,-0.012042962,0.49631074,0.0,0.0,0.0,1.0
2888152746,2888152633,-0.07449948,0.023083214,-0.015201265,0.49519536,0.0,0.0,0.0,1.0
2888205225,2888205095,-0.07385545,0.032984674,-0.013150692,0.4959539,0.0,0.0,0.0,1.0
2888254777,2888254610,-0.1249037,0.06072987,-0.012205773,0.49540436,0.0,0.0,0.0,1.0
2888302635,2888302525,0.0009473693,0.038510405,-0.010448737,0.49551192,0.0,0.0,0.0,1.0
2888352158,2888352036,-0.03140613,0.02643441,-0.005537908,0.49534637,0.0,0.0,0.0,1.0
2888406092,2888405951,0.015292392,0.010736445,-0.008402653,0.49879244,0.0,0.0,0.0,1.0
2888454037,2888453916,0.013262359,0.0040343725,-0.017080264,0.49964318,0.0,0.0,0.0,1.0
2888502066,2888501928,-0.042607043,0.057716902,-0.0029187829,0.4972523,0.0,0.0,0.0,1.0
2888555960,2888555842,-0.059036296,0.039547324,-0.0145315705,0.49423406,0.0,0.0,0.0,1.0
2888603946,2888603808,0.007584135,0.02338539,-0.009474663,0.494218,0.0,0.0,0.0,1.0
2888653390,2888653272,-0.062051352,0.0054142415,-0.0057811635,0.4953624,0.0,0.0,0.0,1.0
2888702856,2888702736,-0.08047052,0.0060065556,-0.0066382224,0.4942059,0.0,0.0,0.0,1.0
2888755323,2888755199,-0.09968052,0.0008577265,-0.0012900217,0.49504274,0.0,0.0,0.0,1.0
2888803290,2888803164,-0.10247229,-0.020048195,-0.010180942,0.4932983,0.0,0.0,0.0,1.0
2888852769,2888852629,-0.060920622,0.013228121,-0.012378601,0.49169418,0.0,0.0,0.0,1.0
2888905298,2888905091,-0.0054819216,0.043486845,-0.011897356,0.49262908,0.0,0.0,0.0,1.0
2888954669,2888954555,-0.05740107,0.018760892,-0.0042898953,0.4884271,0.0,0.0,0.0,1.0
2889002630,2889002521,-0.095168106,-0.0038939088,-0.0023815117,0.48877892,0.0,0.0,0.0,1.0
2889052147,2889051985,-0.029356236,0.003231074,-0.0057373256,0.48649186,0.0,0.0,0.0,1.0
2889101607,2889101496,-0.09691556,0.0020374535,-0.006275352,0.4854931,0.0,0.0,0.0,1.0
2889154164,2889153959,-0.03419107,0.027970186,-0.0059956154,0.4873296,0.0,0.0,0.0,1.0
2889202006,2889201877,-0.059974134,0.027672583,5.0820596e-05,0.48739022,0.0,0.0,0.0,1.0
2889255962,2889255838,-0.1489443,-0.025774393,-0.0002617029,0.4868891,0.0,0.0,0.0,1.0
2889303972,2889303851,-0.13717191,-0.061435655,-0.0107659735,0.48789582,0.0,0.0,0.0,1.0
2889353406,2889353269,-0.08814211,-0.028299635,-0.016685972,0.4899964,0.0,0.0,0.0,1.0
2889402855,2889402733,-0.05157716,-0.012393252,-0.0152007565,0.48881745,0.0,0.0,0.0,1.0
2889455311,2889455195,-0.030263402,0.00298512,-0.009348691,0.4913097,0.0,0.0,0.0,1.0
2889503275,2889503160,-0.06476521,-0.030367646,-0.0033724357,0.4922476,0.0,0.0,0.0,1.0
2889552754,2889552625,0.0074382587,-0.036249194,-0.009183948,0.49088874,0.0,0.0,0.0,1.0
2889602229,2889602089,5.0174535e-06,-0.012470553,-0.004752945,0.49433833,0.0,0.0,0.0,1.0
2889654731,2889654551,-0.027851338,-0.0119615,-0.0035439294,0.49673098,0.0,0.0,0.0,1.0
2889702676,2889702517,-0.06553082,0.0014990647,-0.0041279723,0.49746424,0.0,0.0,0.0,1.0
2889752097,2889751985,-0.0455638,-0.010821669,-0.0037866724,0.49819896,0.0,0.0,0.0,1.0
2889804552,2889804443,-0.05771943,-0.028905962,-0.000957979,0.4944411,0.0,0.0,0.0,1.0
2889854079,2889853908,-0.036432784,-0.04199926,-0.006800152,0.49359125,0.0,0.0,0.0,1.0
2889901994,2889901874,-0.053002536,0.0058353776,-0.004973743,0.4944639,0.0,0.0,0.0,1.0
2889956063,2889955885,-0.03699894,-0.0071207467,0.0012517206,0.4951573,0.0,0.0,0.0,1.0
2890003923,2890003800,-0.07543821,-0.031865492,0.0014140237,0.49520484,0.0,0.0,0.0,1.0
2890053422,2890053311,-0.06535855,-0.043846305,0.013751907,0.4913743,0.0,0.0,0.0,1.0
2890102866,2890102729,-0.016952857,-0.010347927,0.021340499,0.49234506,0.0,0.0,0.0,1.0
2890155304,2890155191,-0.040510073,-0.033463653,0.019050816,0.49117088,0.0,0.0,0.0,1.0
2890204786,2890204656,-0.11490036,-0.061265457,0.025572702,0.49324146,0.0,0.0,0.0,1.0
2890252736,2890252621,-0.06578981,-0.058778092,0.022614595,0.49406618,0.0,0.0,0.0,1.0
2890302211,2890302086,0.028591827,0.021358112,0.027739923,0.4922247,0.0,0.0,0.0,1.0
2890354680,2890354547,-0.019422708,0.013740039,0.042544693,0.49623775,0.0,0.0,0.0,1.0
2890402634,2890402515,-0.0857138,-0.06912756,0.046571676,0.5005643,0.0,0.0,0.0,1.0
2890452151,2890451977,-0.034266114,0.03103354,0.04097335,0.4995007,0.0,0.0,0.0,1.0
2890504552,2890504440,-0.034416385,-0.0030275402,0.03559911,0.5038319,0.0,0.0,0.0,1.0
2890554016,2890553905,-0.046205953,0.002083958,0.037336666,0.5061288,0.0,0.0,0.0,1.0
2890603559,2890603368,-0.060825158,-0.019015184,0.035541054,0.50646317,0.0,0.0,0.0,1.0
2890651446,2890651333,-0.057773445,-0.043745268,0.02942088,0.50139624,0.0,0.0,0.0,1.0
2890703913,2890703795,-0.018573403,-0.020925786,0.023822086,0.5067522,0.0,0.0,0.0,1.0
2890753376,2890753260,-0.053708814,-0.047837175,0.02164182,0.50503886,0.0,0.0,0.0,1.0
2890802933,2890802771,-0.11114432,-0.06714539,0.023492713,0.502605,0.0,0.0,0.0,1.0
2890855416,2890855234,-0.054287966,-0.032520644,0.019986302,0.5025903,0.0,0.0,0.0,1.0
2890903336,2890903152,-0.038494796,-0.01727172,0.011398644,0.5025468,0.0,0.0,0.0,1.0
2890952772,2890952663,-0.028184153,0.012279387,0.0091611175,0.5021569,0.0,0.0,0.0,1.0
2891002204,2891002080,-0.00095698953,-0.0057921777,0.007671145,0.50272334,0.0,0.0,0.0,1.0
2891054666,2891054542,-0.07896158,-0.012682142,0.004315843,0.49911785,0.0,0.0,0.0,1.0
2891102672,2891102554,-0.05421516,-0.026630722,-0.0003885104,0.5005895,0.0,0.0,0.0,1.0
2891152085,2891151972,-0.06684103,-0.023908906,-0.0029469046,0.50002265,0.0,0.0,0.0,1.0
2891206060,2891205933,-0.029973004,-0.03332743,-0.0017800715,0.5016588,0.0,0.0,0.0,1.0
2891254014,2891253899,-0.008797284,-0.00971773,-0.001354581,0.5016136,0.0,0.0,0.0,1.0
2891303530,2891303363,-0.054373413,-0.027133323,0.0007615958,0.49953872,0.0,0.0,0.0,1.0
2891355952,2891355825,-0.07880063,-0.039711393,0.0004133082,0.4962141,0.0,0.0,0.0,1.0
2891403903,2891403790,-0.0714123,-0.041793723,0.0017745437,0.49983302,0.0,0.0,0.0,1.0
2891453378,2891453255,-0.009581894,-0.08333724,-0.004053705,0.5016974,0.0,0.0,0.0,1.0
2891502835,2891502719,-0.015214915,-0.06133344,-0.0040733037,0.50344145,0.0,0.0,0.0,1.0
2891555307,2891555181,-0.014269749,-0.05719999,-0.0024835486,0.5043602,0.0,0.0,0.0,1.0
2891603277,2891603146,-0.038977094,-0.06345959,0.0008926742,0.507952,0.0,0.0,0.0,1.0
2891652724,2891652610,-0.04865212,-0.10229218,-0.0014209986,0.5092014,0.0,0.0,0.0,1.0
2891702281,2891702122,-0.00010954322,-0.059550475,-0.007333378,0.5086445,0.0,0.0,0.0,1.0
2891754699,2891754584,0.053457957,-0.06605631,-0.012080097,0.50408465,0.0,0.0,0.0,1.0
2891802615,2891802504,-0.01006038,-0.025520576,-0.013279825,0.50520974,0.0,0.0,0.0,1.0
2891852138,2891852014,-0.03027122,-0.044263136,-0.013027087,0.5107358,0.0,0.0,0.0,1.0
2891904590,2891904476,-0.034344874,-0.07360011,-0.016037159,0.5095854,0.0,0.0,0.0,1.0
2891954006,2891953893,-0.05363837,-0.09402922,-0.020183118,0.5083765,0.0,0.0,0.0,1.0
2892002017,2892001905,-0.04734669,-0.09290529,-0.022425752,0.50803775,0.0,0.0,0.0,1.0
2892056010,2892055819,-0.067595206,-0.052610558,-0.026209163,0.5037128,0.0,0.0,0.0,1.0
2892103917,2892103787,-0.03507939,-0.06193749,-0.029867971,0.5009569,0.0,0.0,0.0,1.0
2892153366,2892153249,-0.038995687,-0.00042662816,-0.03457704,0.498413,0.0,0.0,0.0,1.0
2892202835,2892202714,-0.0518327,-0.100388676,-0.03364165,0.49732843,0.0,0.0,0.0,1.0
2892255294,2892255175,-0.051704884,-0.04300604,-0.031385437,0.49506044,0.0,0.0,0.0,1.0
2892303304,2892303141,-0.12328765,-0.050581828,-0.029413654,0.49313515,0.0,0.0,0.0,1.0
2892352719,2892352605,-0.062184572,-0.057926036,-0.026608665,0.49079403,0.0,0.0,0.0,1.0
2892402181,2892402069,-0.027832452,-0.015188602,-0.029310688,0.49064344,0.0,0.0,0.0,1.0
2892454647,2892454531,0.0005189383,-0.017797375,-0.02866203,0.48706356,0.0,0.0,0.0,1.0
2892502613,2892502500,0.015883451,-0.019480763,-0.029758543,0.48854184,0.0,0.0,0.0,1.0
2892552073,2892551961,-0.035371196,-0.043175574,-0.02890665,0.48455307,0.0,0.0,0.0,1.0
2892604542,2892604423,-0.03436437,-0.05040518,-0.025761055,0.48438382,0.0,0.0,0.0,1.0
2892654045,2892653934,-0.10912572,-0.074081615,-0.023497371,0.4847335,0.0,0.0,0.0,1.0
2892703478,2892703351,-0.039256487,-0.11971893,-0.02455479,0.48856264,0.0,0.0,0.0,1.0
2892755977,2892755813,-0.010333554,-0.08338963,-0.026119445,0.48882577,0.0,0.0,0.0,1.0
2892803952,2892803830,0.031821225,-0.075177245,-0.026145713,0.48743165,0.0,0.0,0.0,1.0
2892853374,2892853243,0.058961105,-0.0643353,-0.019239238,0.48559293,0.0,0.0,0.0,1.0
2892902817,2892902707,-0.02999936,-0.036507495,-0.017441016,0.48697028,0.0,0.0,0.0,1.0
2892955280,2892955169,-0.08511937,-0.0948329,-0.018793497,0.48826095,0.0,0.0,0.0,1.0
2893003255,2893003134,0.0005465833,-0.09348518,-0.022004776,0.4896545,0.0,0.0,0.0,1.0
2893052714,2893052598,0.0010952598,-0.083008885,-0.019919962,0.49030903,0.0,0.0,0.0,1.0
2893105215,2893105060,0.06454143,-0.058627166,-0.016445586,0.4829744,0.0,0.0,0.0,1.0
2893154648,2893154524,-0.042374365,-0.10499086,-0.013976964,0.48328006,0.0,0.0,0.0,1.0
2893202602,2893202490,-0.013200648,-0.08752773,-0.012792237,0.48307118,0.0,0.0,0.0,1.0
2893252120,2893251954,0.02818926,-0.09011092,-0.01599022,0.48320442,0.0,0.0,0.0,1.0
2893304534,2893304415,0.019301698,-0.08489786,-0.019953817,0.48662537,0.0,0.0,0.0,1.0
2893354001,2893353880,-0.09139238,-0.068761125,-0.022672443,0.48984745,0.0,0.0,0.0,1.0
2893402016,2893401845,-0.023228869,-0.077835724,-0.01900142,0.49555746,0.0,0.0,0.0,1.0
2893451425,2893451309,-0.060414676,-0.087939836,-0.01672974,0.49643332,0.0,0.0,0.0,1.0
2893503892,2893503771,0.013387658,-0.055539668,-0.01806811,0.5023709,0.0,0.0,0.0,1.0
2893553471,2893553282,0.015234516,-0.04651704,-0.024567926,0.5051003,0.0,0.0,0.0,1.0
2893602835,2893602700,-0.037974913,-0.034922965,-0.02530452,0.50861245,0.0,0.0,0.0,1.0
2893655282,2893655161,0.019520555,-0.030592898,-0.022142094,0.5081552,0.0,0.0,0.0,1.0
2893703297,2893703173,0.011127304,-0.066364616,-0.01729667,0.50950176,0.0,0.0,0.0,1.0
2893752707,2893752590,-0.08207449,-0.06488473,-0.016273081,0.5086212,0.0,0.0,0.0,1.0
2893805222,2893805053,-0.043302204,-0.078498505,-0.01821237,0.51037306,0.0,0.0,0.0,1.0
2893854638,2893854517,-0.016866181,-0.020428268,-0.02310572,0.50479555,0.0,0.0,0.0,1.0
2893902593,2893902483,0.009980192,-0.04975243,-0.024293462,0.50404066,0.0,0.0,0.0,1.0
2893952057,2893951946,-0.000452953,-0.047366504,-0.024980335,0.49941564,0.0,0.0,0.0,1.0
2894004520,2894004410,0.0014690717,-0.07418113,-0.026848884,0.49781415,0.0,0.0,0.0,1.0
2894054034,2894053872,-0.0135988165,-0.025610557,-0.023280025,0.4964661,0.0,0.0,0.0,1.0
2894103470,2894103336,-0.041608844,-0.08592736,-0.02127764,0.48967764,0.0,0.0,0.0,1.0
2894155949,2894155799,-0.04563871,-0.08499233,-0.022525394,0.4855119,0.0,0.0,0.0,1.0
2894203890,2894203763,0.008357703,-0.053900816,-0.028690496,0.48106053,0.0,0.0,0.0,1.0
2894253343,2894253233,0.03743422,-0.06832969,-0.026976537,0.48185146,0.0,0.0,0.0,1.0
2894302876,2894302738,-0.0432109,-0.03975183,-0.023792544,0.48198304,0.0,0.0,0.0,1.0
2894355359,2894355200,-0.06528046,-0.03512029,-0.022345444,0.4836173,0.0,0.0,0.0,1.0
2894403245,2894403119,-0.019176912,-0.041283492,-0.01835777,0.48380634,0.0,0.0,0.0,1.0
2894452743,2894452629,-0.051468257,-0.04457816,-0.023228828,0.48094618,0.0,0.0,0.0,1.0
2894502166,2894502046,-0.025589468,-0.053865995,-0.018630376,0.48506767,0.0,0.0,0.0,1.0
2894554663,2894554508,-0.013317968,-0.060912162,-0.015512655,0.4889555,0.0,0.0,0.0,1.0
2894602692,2894602520,-0.097741716,-0.07165829,-0.00986623,0.49167994,0.0,0.0,0.0,1.0
2894652045,2894651937,-0.04001799,-0.059849106,-0.008538389,0.490267,0.0,0.0,0.0,1.0
2894704513,2894704400,-0.006037565,-0.0693882,-0.006239652,0.4920526,0.0,0.0,0.0,1.0
2894753973,2894753863,0.00082220463,-0.031777546,-0.005160051,0.49517545,0.0,0.0,0.0,1.0
2894803459,2894803329,0.044031102,-0.07038269,0.00011897002,0.49400437,0.0,0.0,0.0,1.0
2894851425,2894851293,-0.05700122,-0.0789939,0.006057509,0.49491188,0.0,0.0,0.0,1.0
2894903873,2894903754,-0.036051,-0.055173725,0.005062436,0.4951024,0.0,0.0,0.0,1.0
2894953326,2894953219,0.050697032,-0.05633086,0.0036049788,0.49230796,0.0,0.0,0.0,1.0
2895002845,2895002682,-0.03982089,-0.039771426,0.007539053,0.4874421,0.0,0.0,0.0,1.0
2895055258,2895055146,-0.0515502,-0.06413514,0.012220589,0.48634675,0.0,0.0,0.0,1.0
2895103228,2895103109,-0.08638459,-0.041521415,0.016505286,0.48591977,0.0,0.0,0.0,1.0
2895152688,2895152574,-0.011781946,-0.09927163,0.013893152,0.4838922,0.0,0.0,0.0,1.0
2895205147,2895205035,0.005236589,-0.042895447,0.011032196,0.4848342,0.0,0.0,0.0,1.0
2895254664,2895254546,-0.050093956,0.007979476,0.014880934,0.48769546,0.0,0.0,0.0,1.0
2895302617,2895302465,-0.030921945,-0.076841086,0.016026653,0.491334,0.0,0.0,0.0,1.0
2895352132,2895351976,0.030603018,-0.0264673,0.012336069,0.49089572,0.0,0.0,0.0,1.0
2895404551,2895404437,-0.02568937,-0.042920325,0.015163886,0.48849675,0.0,0.0,0.0,1.0
2895453966,2895453854,-0.018110659,-0.031977266,0.015568853,0.48824173,0.0,0.0,0.0,1.0
2895503444,2895503318,-0.0151169775,-0.030170638,0.016501378,0.489597,0.0,0.0,0.0,1.0
2895555903,2895555780,0.011913921,-0.0738114,0.012711763,0.4947302,0.0,0.0,0.0,1.0
2895603866,2895603745,-0.03735016,-0.042236194,0.0059246905,0.49642637,0.0,0.0,0.0,1.0
2895653320,2895653209,0.0263044,-0.051625904,0.010717879,0.49636233,0.0,0.0,0.0,1.0
2895702782,2895702673,-0.00045303503,-0.06613024,0.013651856,0.49941188,0.0,0.0,0.0,1.0
2895755313,2895755135,-0.033048682,-0.06462272,0.011775228,0.5036814,0.0,0.0,0.0,1.0
2895803303,2895803100,-0.030900331,-0.03416817,0.0046820925,0.49902138,0.0,0.0,0.0,1.0
2895852681,2895852564,0.009100889,0.00021547996,0.0028413206,0.5026268,0.0,0.0,0.0,1.0
2895905139,2895905026,-0.039958917,-0.025153462,0.0009294098,0.49928534,0.0,0.0,0.0,1.0
2895954611,2895954490,-0.010147187,-0.021345342,0.0059439824,0.5023673,0.0,0.0,0.0,1.0
2896002568,2896002455,-0.061437022,-0.04404482,0.0034195932,0.5056569,0.0,0.0,0.0,1.0
2896052060,2896051919,-0.031639893,-0.030051017,-0.0032579673,0.5033853,0.0,0.0,0.0,1.0
2896104494,2896104381,0.0064419443,-0.021232987,-0.0015652768,0.50504166,0.0,0.0,0.0,1.0
2896154000,2896153891,0.017967256,-0.032147374,5.4512817e-05,0.5017303,0.0,0.0,0.0,1.0
2896203430,2896203309,0.006674497,-0.08709373,0.003981096,0.5019224,0.0,0.0,0.0,1.0
2896255897,2896255770,-0.01761444,-0.045512013,0.0035844499,0.5011884,0.0,0.0,0.0,1.0
2896303900,2896303782,-0.036637355,-0.0031320672,0.00732996,0.50069666,0.0,0.0,0.0,1.0
2896353311,2896353199,-0.0032561896,-0.049342122,0.005618782,0.50289506,0.0,0.0,0.0,1.0
2896402775,2896402663,-0.011558617,-0.025850846,0.0063833767,0.5025785,0.0,0.0,0.0,1.0
2896455266,2896455125,0.030645208,-0.056691054,0.0035506396,0.5054255,0.0,0.0,0.0,1.0
2896503275,2896503090,0.048820507,-0.023381546,0.0012717871,0.50241876,0.0,0.0,0.0,1.0
2896552742,2896552554,0.0550579,-0.05299044,0.00162767,0.5056857,0.0,0.0,0.0,1.0
2896605151,2896605021,0.014239129,-0.031104786,0.0028839891,0.49983647,0.0,0.0,0.0,1.0
2896654595,2896654483,0.0348998,-0.035423737,0.008137534,0.49855652,0.0,0.0,0.0,1.0
2896702558,2896702445,-0.020233428,-0.047037117,0.01639973,0.4995673,0.0,0.0,0.0,1.0
2896752026,2896751909,-0.065677896,-0.056295842,0.020861845,0.49911135,0.0,0.0,0.0,1.0
2896801493,2896801373,-0.041255597,-0.044990394,0.01896525,0.49857822,0.0,0.0,0.0,1.0
2896853956,2896853836,-0.04045676,-0.060008682,0.018527087,0.49928623,0.0,0.0,0.0,1.0
2896903466,2896903346,0.012893484,-0.020490713,0.014586539,0.49892047,0.0,0.0,0.0,1.0
2896955976,2896955808,0.003268753,0.0060948483,0.014571236,0.5009262,0.0,0.0,0.0,1.0
2897003847,2897003726,-0.023001747,-0.01113646,0.019135695,0.50074023,0.0,0.0,0.0,1.0
2897053357,2897053237,-0.10425051,-0.027884755,0.02051903,0.5022017,0.0,0.0,0.0,1.0
2897102764,2897102654,-0.103618026,-0.055426043,0.021398697,0.49778804,0.0,0.0,0.0,1.0
2897155230,2897155116,-0.078601696,-0.0646882,0.020157952,0.4993797,0.0,0.0,0.0,1.0
2897203250,2897203128,0.026303124,-0.020729963,0.015749795,0.50114375,0.0,0.0,0.0,1.0
2897252659,2897252545,0.043484077,0.008944307,0.016360361,0.5016761,0.0,0.0,0.0,1.0
2897305126,2897305007,-0.020443387,-0.010709294,0.016791813,0.5021143,0.0,0.0,0.0,1.0
2897354584,2897354471,-0.059929308,-0.028443744,0.019512564,0.49764958,0.0,0.0,0.0,1.0
2897402545,2897402436,-0.025395794,-0.03642767,0.020416697,0.49678925,0.0,0.0,0.0,1.0
2897452047,2897451900,0.073963374,-0.035447326,0.016328976,0.4966376,0.0,0.0,0.0,1.0
2897504472,2897504366,0.0710639,-0.055113133,0.013066421,0.497432,0.0,0.0,0.0,1.0
2897553952,2897553826,0.0757011,-0.026126502,0.013637131,0.50263417,0.0,0.0,0.0,1.0
2897603419,2897603289,-0.03821831,-0.060754593,0.016311659,0.50604427,0.0,0.0,0.0,1.0
2897655897,2897655751,-0.0043069194,-0.05495504,0.016221374,0.50412476,0.0,0.0,0.0,1.0
2897703840,2897703716,-0.04197639,-0.01949977,0.017722674,0.50393504,0.0,0.0,0.0,1.0
2897753404,2897753181,0.0047017853,-0.041993428,0.01198057,0.50140846,0.0,0.0,0.0,1.0
2897802806,2897802691,0.020289918,-0.036479775,0.0092369765,0.50456643,0.0,0.0,0.0,1.0
2897855279,2897855153,0.041416258,-0.039205357,0.0050915596,0.5006981,0.0,0.0,0.0,1.0
2897903181,2897903071,0.03119605,-0.03931377,0.007732784,0.49944884,0.0,0.0,0.0,1.0
2897952697,2897952582,-0.01249839,-0.032670513,0.009905419,0.499543,0.0,0.0,0.0,1.0
2898005157,2898005045,-0.059857775,-0.020958515,0.0117353685,0.49928784,0.0,0.0,0.0,1.0
2898054584,2898054462,-0.076536514,-0.0747114,0.014211818,0.49863258,0.0,0.0,0.0,1.0
2898102588,2898102474,0.021332292,-0.026365392,0.013154982,0.5005587,0.0,0.0,0.0,1.0
2898151998,2898151891,0.10168704,-0.07708035,0.009982716,0.5004975,0.0,0.0,0.0,1.0
2898201461,2898201355,0.06737439,-0.018305434,0.0086124055,0.50202245,0.0,0.0,0.0,1.0
2898253967,2898253817,0.0396819,0.007390779,0.043126438,0.5093531,0.0,0.0,0.0,1.0
2898303400,2898303280,-0.029731194,-0.029560035,0.083465315,0.51048887,0.0,0.0,0.0,1.0
2898355858,2898355742,-0.008306884,-0.026303379,0.13247178,0.5085965,0.0,0.0,0.0,1.0
2898405345,2898405207,-0.008363844,-0.059604574,0.13420168,0.50137055,0.0,0.0,0.0,1.0
2898453278,2898453171,-0.0015688731,-0.034974303,0.105828576,0.494024,0.0,0.0,0.0,1.0
2898502753,2898502635,0.018831946,-0.059565622,0.1068477,0.48752654,0.0,0.0,0.0,1.0
2898555238,2898555100,0.008740855,-0.08681038,0.15079246,0.48028374,0.0,0.0,0.0,1.0
2898603173,2898603062,0.034387596,-0.021445774,0.09905989,0.47819513,0.0,0.0,0.0,1.0
2898652641,2898652527,0.0012098034,-0.0011957551,0.12549463,0.47722414,0.0,0.0,0.0,1.0
2898705120,2898704988,-0.055659764,-0.0075087356,0.07336821,0.47657838,0.0,0.0,0.0,1.0
2898754620,2898754499,-0.032081276,-0.025999315,0.09394866,0.4796137,0.0,0.0,0.0,1.0
2898802540,2898802428,-0.044217035,-0.018210787,0.07247638,0.48145324,0.0,0.0,0.0,1.0
2898852046,2898851928,-0.03344697,-0.0075460067,0.050107796,0.48660278,0.0,0.0,0.0,1.0
2898904514,2898904390,-0.062091336,0.0063917106,0.034984186,0.4914239,0.0,0.0,0.0,1.0
2898953931,2898953807,-0.0015968815,0.03696027,0.030987475,0.4925825,0.0,0.0,0.0,1.0
2899003394,2899003271,-0.043331202,-0.006311702,0.027535617,0.49574143,0.0,0.0,0.0,1.0
2899051411,2899051236,-0.08059074,-0.029596819,-0.008986245,0.4972506,0.0,0.0,0.0,1.0
2899103809,2899103698,-0.08968325,-0.039547574,-0.013301034,0.49791577,0.0,0.0,0.0,1.0
2899153270,2899153162,-0.0793339,-0.033435702,-0.00427405,0.49691388,0.0,0.0,0.0,1.0
2899202747,2899202627,-0.058453944,-0.040052574,0.004955001,0.4953955,0.0,0.0,0.0,1.0
2899255197,2899255088,0.027652338,0.015384129,-0.0040810597,0.49703705,0.0,0.0,0.0,1.0
2899301717,2899301602,-0.07449417,-0.0013020053,0.0046010967,0.4986684,0.0,0.0,0.0,1.0
2899352632,2899352518,-0.00086250564,0.011964921,-0.01594949,0.5033602,0.0,0.0,0.0,1.0
2899405098,2899404979,-0.011941712,-0.005920112,0.011623517,0.49898863,0.0,0.0,0.0,1.0
2899454578,2899454443,0.0073137833,-0.06906326,0.014987339,0.49978268,0.0,0.0,0.0,1.0
2899502609,2899502409,-0.08255502,-0.027558373,0.014125225,0.49720478,0.0,0.0,0.0,1.0
2899551985,2899551873,-0.061003394,-0.029140534,0.016376462,0.4996309,0.0,0.0,0.0,1.0
2899604454,2899604334,-0.108934976,-0.031689003,0.025039624,0.5039733,0.0,0.0,0.0,1.0
2899653959,2899653845,-0.049532857,-0.017767264,0.024925075,0.5065712,0.0,0.0,0.0,1.0
2899703394,2899703262,0.01841611,-0.027032644,0.026241329,0.5071743,0.0,0.0,0.0,1.0
2899755860,2899755729,0.028337393,0.013322421,0.03520432,0.50536054,0.0,0.0,0.0,1.0
2899803892,2899803737,-0.02298279,-0.03251859,0.015706055,0.5031611,0.0,0.0,0.0,1.0
2899853273,2899853154,-0.05194858,-0.055435684,0.03853174,0.50153255,0.0,0.0,0.0,1.0
2899902733,2899902618,-0.014327152,-0.06189465,0.03638781,0.49773353,0.0,0.0,0.0,1.0
2899955192,2899955079,-0.00052743615,-0.0040351083,0.02883458,0.49169186,0.0,0.0,0.0,1.0
2900003161,2900003045,-0.059206326,-0.004834704,0.029273052,0.49209377,0.0,0.0,0.0,1.0
2900052624,2900052509,-0.10435815,-0.01676981,0.046270248,0.49217236,0.0,0.0,0.0,1.0
2900106590,2900106469,-0.0241981,-0.02679166,0.024017904,0.4913283,0.0,0.0,0.0,1.0
2900154553,2900154434,-0.04333212,0.0025814392,0.006004724,0.4912112,0.0,0.0,0.0,1.0
2900204043,2900203905,-0.062834546,0.0019690064,0.037743334,0.48957688,0.0,0.0,0.0,1.0
2900252056,2900251867,-0.092290424,-0.0037429894,0.030315438,0.4886809,0.0,0.0,0.0,1.0
2900304473,2900304326,-0.032545708,-0.0029907122,0.013000878,0.48730958,0.0,0.0,0.0,1.0
2900353898,2900353790,-0.004434982,0.01312645,0.014075966,0.4762939,0.0,0.0,0.0,1.0
2900403435,2900403301,-0.060242858,0.01743425,0.02205585,0.47245315,0.0,0.0,0.0,1.0
2900455883,2900455763,-0.043097395,0.0028804773,0.031978067,0.4598652,0.0,0.0,0.0,1.0
2900503853,2900503686,-0.027251605,0.01609403,0.013083473,0.4510746,0.0,0.0,0.0,1.0
2900553309,2900553192,-0.016965138,0.014628926,0.023041572,0.4450574,0.0,0.0,0.0,1.0
2900602724,2900602609,-0.046614945,0.027253702,0.018158646,0.44156787,0.0,0.0,0.0,1.0
2900655219,2900655071,-0.06595639,-0.0038369538,0.007272867,0.43874103,0.0,0.0,0.0,1.0
2900703254,2900703083,-0.08033394,0.03438421,0.012839107,0.43096218,0.0,0.0,0.0,1.0
2900752622,2900752500,0.063685745,0.038820874,0.013835356,0.42318204,0.0,0.0,0.0,1.0
2900805081,2900804962,0.0067938627,0.028894944,-0.008813046,0.42766145,0.0,0.0,0.0,1.0
2900854552,2900854426,-0.064443424,0.014868934,0.013104272,0.4426594,0.0,0.0,0.0,1.0
2900902503,2900902391,-0.039380293,0.011016866,0.0099380985,0.45687696,0.0,0.0,0.0,1.0
2900951999,2900951857,-0.041016962,0.024823915,-0.0067287944,0.47518933,0.0,0.0,0.0,1.0
2901004444,2901004317,-0.043902624,0.020002669,0.004460511,0.49087015,0.0,0.0,0.0,1.0
2901053902,2901053781,-0.047502846,0.04722759,0.011382625,0.5003242,0.0,0.0,0.0,1.0
2901103362,2901103245,-0.015961217,0.005268145,-0.010337808,0.5101663,0.0,0.0,0.0,1.0
2901155828,2901155707,-0.016576529,0.00024772907,0.011607018,0.51988447,0.0,0.0,0.0,1.0
2901203780,2901203672,0.029748965,0.06989922,-0.0029019725,0.5313116,0.0,0.0,0.0,1.0
2901253254,2901253137,-0.03506671,0.045280322,-0.018195136,0.5401979,0.0,0.0,0.0,1.0
2901302759,2901302647,-0.052489072,0.068513565,-0.00903839,0.5497232,0.0,0.0,0.0,1.0
2901355233,2901355109,-0.034123816,0.037206177,0.004688342,0.55120844,0.0,0.0,0.0,1.0
2901403183,2901403031,-0.033823844,0.029906362,0.016204676,0.54803354,0.0,0.0,0.0,1.0
2901452743,2901452542,-0.04073029,0.043349475,0.028856054,0.5288215,0.0,0.0,0.0,1.0
2901503566,2901503455,0.0369856,0.044241425,0.014915972,0.51321995,0.0,0.0,0.0,1.0
2901554535,2901554417,-0.036576003,0.024254635,0.02524745,0.508135,0.0,0.0,0.0,1.0
2901602544,2901602430,-0.08081889,-0.017405594,0.039501324,0.5091064,0.0,0.0,0.0,1.0
2901651970,2901651847,-0.13455938,0.067254044,0.026160793,0.51138186,0.0,0.0,0.0,1.0
2901704433,2901704309,-0.027582379,0.042933904,0.025240766,0.51210654,0.0,0.0,0.0,1.0
2901753899,2901753773,-0.05640216,0.017155305,0.053903654,0.5151462,0.0,0.0,0.0,1.0
2901803366,2901803244,-0.058879264,-0.011004827,0.03274391,0.51073,0.0,0.0,0.0,1.0
2901855909,2901855700,0.022189068,0.008721495,0.038326457,0.5061839,0.0,0.0,0.0,1.0
2901903843,2901903664,0.024253601,0.031698447,0.03334139,0.50306046,0.0,0.0,0.0,1.0
2901953245,2901953129,0.0061472068,0.0546785,0.025192581,0.5038302,0.0,0.0,0.0,1.0
2902002709,2902002592,-0.087342806,0.051507268,0.01613922,0.50178146,0.0,0.0,0.0,1.0
2902055165,2902055054,-0.07230594,0.020192835,0.046485342,0.49794233,0.0,0.0,0.0,1.0
2902103128,2902103019,-0.022992715,0.024289632,0.043030635,0.5013636,0.0,0.0,0.0,1.0
2902152601,2902152483,-0.013320957,0.044813946,0.01809641,0.4949938,0.0,0.0,0.0,1.0
2902205078,2902204945,0.004956191,0.03494681,0.03785139,0.49909788,0.0,0.0,0.0,1.0
2902254568,2902254456,0.050441016,0.03294219,0.027053261,0.49623555,0.0,0.0,0.0,1.0
2902302482,2902302375,0.024869233,0.0821292,-0.010976127,0.4933106,0.0,0.0,0.0,1.0
2902351997,2902351886,0.025785688,0.06377992,-0.0399988,0.49139357,0.0,0.0,0.0,1.0
2902404463,2902404347,0.008723902,0.02385768,-0.09684384,0.49119347,0.0,0.0,0.0,1.0
2902453884,2902453765,0.04776627,0.010957568,-0.08626442,0.48929757,0.0,0.0,0.0,1.0
2902503366,2902503229,0.008095235,-0.025461279,-0.118129365,0.48580447,0.0,0.0,0.0,1.0
2902555858,2902555691,-0.012663879,-0.002669745,-0.10082611,0.47982237,0.0,0.0,0.0,1.0
2902603779,2902603659,-0.03633048,0.061354864,-0.121903926,0.4754179,0.0,0.0,0.0,1.0
2902653293,2902653120,-0.023163866,0.019220414,-0.10824784,0.4724402,0.0,0.0,0.0,1.0
2902702705,2902702584,0.018455017,-0.01399138,-0.09999078,0.4723981,0.0,0.0,0.0,1.0
2902755156,2902755046,-0.08032701,0.020773686,-0.08038875,0.47278044,0.0,0.0,0.0,1.0
2902803125,2902803012,-0.111210585,0.024699904,-0.07753043,0.47531858,0.0,0.0,0.0,1.0
2902852588,2902852475,-0.0065290523,0.020709034,-0.060717292,0.47934186,0.0,0.0,0.0,1.0
2902905059,2902904937,-0.0040042554,0.0026275911,-0.048280932,0.48066592,0.0,0.0,0.0,1.0
2902954513,2902954402,0.041041143,0.0028191933,-0.041414995,0.4825664,0.0,0.0,0.0,1.0
2903002481,2903002367,-0.0320021,0.02476284,-0.020554872,0.48324594,0.0,0.0,0.0,1.0
2903051946,2903051834,-0.0033190825,0.028554888,-0.011083124,0.48396847,0.0,0.0,0.0,1.0
2903104418,2903104293,-0.014349152,0.032186355,-0.0014876631,0.480208,0.0,0.0,0.0,1.0
2903153918,2903153804,-0.0703101,-0.0072777835,0.016827796,0.47727922,0.0,0.0,0.0,1.0
2903203376,2903203221,-0.09652985,0.0016976391,0.031475406,0.47459936,0.0,0.0,0.0,1.0
2903255805,2903255683,-0.09052535,-0.014063454,0.04036889,0.47677067,0.0,0.0,0.0,1.0
2903303812,2903303695,0.010189874,-0.0060689086,0.03664907,0.47539824,0.0,0.0,0.0,1.0
2903353230,2903353112,0.007998075,0.042423338,0.05043047,0.4755914,0.0,0.0,0.0,1.0
2903402697,2903402576,-0.009353425,0.010482736,0.053229403,0.4780792,0.0,0.0,0.0,1.0
2903455154,2903455038,-0.08392069,-0.014663471,0.05857427,0.4757048,0.0,0.0,0.0,1.0
2903503121,2903503004,0.0011766334,-0.0045850994,0.051568188,0.47375977,0.0,0.0,0.0,1.0
2903552575,2903552468,-0.07363549,-0.0001661026,0.05412633,0.47238302,0.0,0.0,0.0,1.0
2903605038,2903604929,-0.062442902,-0.0029354775,0.051053453,0.47349945,0.0,0.0,0.0,1.0
2903654513,2903654393,-0.026730612,-0.0069513735,0.036948696,0.4727556,0.0,0.0,0.0,1.0
2903703972,2903703858,-0.021661012,0.028093733,0.03313015,0.4714718,0.0,0.0,0.0,1.0
2903751936,2903751823,-0.045850985,0.010432191,0.03526069,0.4770055,0.0,0.0,0.0,1.0
2903804411,2903804286,-0.046968456,0.008596543,0.032768168,0.48886213,0.0,0.0,0.0,1.0
2903853877,2903853749,0.0051587746,0.0097285835,0.023329617,0.4981497,0.0,0.0,0.0,1.0
2903903377,2903903260,0.015599486,0.0066534835,0.018803177,0.51106447,0.0,0.0,0.0,1.0
2903951336,2903951178,-0.039609086,0.0063532824,0.016928859,0.51973295,0.0,0.0,0.0,1.0
2904003775,2904003640,-0.074523844,0.0071413224,0.010671008,0.52902704,0.0,0.0,0.0,1.0
2904053269,2904053151,-0.0492465,-0.0036252285,0.0063404464,0.5282882,0.0,0.0,0.0,1.0
2904102686,2904102568,-0.045848787,0.021690888,0.0036873077,0.53319794,0.0,0.0,0.0,1.0
2904155144,2904155031,-0.020227162,-0.012977421,-0.00042513083,0.51943225,0.0,0.0,0.0,1.0
2904203207,2904203043,-0.01612422,-0.017379535,-0.0032163342,0.49677777,0.0,0.0,0.0,1.0
2904252572,2904252460,-0.013953859,-0.026077839,-0.0043896055,0.48172697,0.0,0.0,0.0,1.0
2904302038,2904301924,-0.027427947,-0.029181471,-0.0065013547,0.47268108,0.0,0.0,0.0,1.0
2904354524,2904354386,-0.024923038,-0.012588751,-0.009554346,0.46673086,0.0,0.0,0.0,1.0
2904403970,2904403850,-0.019119758,-0.018347507,-0.0152037535,0.46236882,0.0,0.0,0.0,1.0
2904451930,2904451815,-0.0135718845,-0.015497966,-0.02197658,0.45396852,0.0,0.0,0.0,1.0
2904504403,2904504277,-0.0016625609,0.014461154,-0.025171842,0.4594883,0.0,0.0,0.0,1.0
2904553870,2904553741,0.036420345,0.0066135153,-0.024202136,0.4632708,0.0,0.0,0.0,1.0
2904603320,2904603205,0.021637179,0.023750404,-0.023088146,0.4675399,0.0,0.0,0.0,1.0
2904655776,2904655667,-0.0021572246,0.021065164,-0.024336956,0.47182083,0.0,0.0,0.0,1.0
2904703767,2904703633,0.04150552,0.023792764,-0.024964115,0.47294798,0.0,0.0,0.0,1.0
2904753225,2904753097,-0.0023943,-0.004177072,-0.022319168,0.47511685,0.0,0.0,0.0,1.0
2904804191,2904804060,-0.006474852,-0.010354294,-0.0228136,0.47750974,0.0,0.0,0.0,1.0
2904855195,2904855069,-0.03069337,0.004162545,-0.02138402,0.4795631,0.0,0.0,0.0,1.0
2904903100,2904902988,-0.036899943,0.0040609557,-0.022490177,0.4827923,0.0,0.0,0.0,1.0
2904955563,2904955450,-0.007857937,0.011300638,-0.020388778,0.48054683,0.0,0.0,0.0,1.0
2905005091,2905004961,-0.022478793,0.0027307693,-0.019351585,0.4796254,0.0,0.0,0.0,1.0
2905054486,2905054379,-0.024286754,0.0114800725,-0.017588586,0.48104066,0.0,0.0,0.0,1.0
2905103968,2905103842,-0.001004004,0.01380729,-0.014835355,0.4811119,0.0,0.0,0.0,1.0
2905152033,2905151807,-0.01858073,0.007874278,-0.010420943,0.47957665,0.0,0.0,0.0,1.0
2905202891,2905202770,-0.038898498,0.012284748,-0.007248964,0.47721928,0.0,0.0,0.0,1.0
2905256897,2905256732,0.0028396812,0.028936028,-0.008280632,0.48042354,0.0,0.0,0.0,1.0
2905303312,2905303197,-0.08782755,0.02356921,-0.0024919333,0.48131916,0.0,0.0,0.0,1.0
2905355769,2905355659,-0.052781094,0.02784826,-0.001043774,0.48019233,0.0,0.0,0.0,1.0
2905403736,2905403624,-0.035108775,0.0148667125,0.0030003814,0.4806977,0.0,0.0,0.0,1.0
2905453209,2905453088,-0.042498883,-0.029326197,0.005895368,0.48150837,0.0,0.0,0.0,1.0
2905502676,2905502553,-0.05920048,0.007937188,0.011134016,0.48024306,0.0,0.0,0.0,1.0
2905555153,2905555014,-0.051944,-0.012665112,0.012332995,0.47992387,0.0,0.0,0.0,1.0
2905603182,2905602979,-0.00022911739,0.008910205,0.010948176,0.47791028,0.0,0.0,0.0,1.0
2905652569,2905652444,0.059659265,0.030945275,0.008564233,0.47671273,0.0,0.0,0.0,1.0
2905705019,2905704906,0.021359624,0.021875286,0.007747691,0.47585243,0.0,0.0,0.0,1.0
2905754541,2905754416,-0.025417622,0.031694442,0.0077700666,0.47702426,0.0,0.0,0.0,1.0
2905803982,2905803834,-0.038885538,0.044850543,0.008596069,0.4734134,0.0,0.0,0.0,1.0
2905851999,2905851846,-0.0060499622,0.009038971,0.008586843,0.47250527,0.0,0.0,0.0,1.0
2905902891,2905902762,-0.040800396,0.015619006,0.0076399427,0.47309986,0.0,0.0,0.0,1.0
2905953880,2905953725,-0.060477942,-0.017273355,0.005901118,0.47123247,0.0,0.0,0.0,1.0
2906003311,2906003189,-0.0077276607,-0.013678541,0.0024726137,0.46952176,0.0,0.0,0.0,1.0
2906055780,2906055651,0.023941929,-0.001277743,-0.0048735566,0.4673925,0.0,0.0,0.0,1.0
2906103725,2906103616,0.00049878226,-0.006719722,-0.0069188303,0.46760488,0.0,0.0,0.0,1.0
2906153192,2906153081,-0.030884396,0.011772428,-0.009778849,0.46669003,0.0,0.0,0.0,1.0
2906202677,2906202545,0.00073875615,0.013015682,-0.009754974,0.46685064,0.0,0.0,0.0,1.0
2906255178,2906255007,-0.05085699,0.034432147,-0.017273095,0.46250823,0.0,0.0,0.0,1.0
2906304614,2906304471,-0.10011183,0.04122879,-0.02711581,0.4545285,0.0,0.0,0.0,1.0
2906352625,2906352436,-0.09229005,-0.00081850815,-0.036848437,0.44783205,0.0,0.0,0.0,1.0
2906405010,2906404898,-0.107340656,-0.0022274754,-0.045522492,0.4437428,0.0,0.0,0.0,1.0
2906454476,2906454369,-0.08688283,0.018796107,-0.061709546,0.44208124,0.0,0.0,0.0,1.0
2906504009,2906503873,-0.04289891,0.036709018,-0.08031,0.43949565,0.0,0.0,0.0,1.0
2906551913,2906551792,-0.04265309,0.033374958,-0.08867924,0.43263584,0.0,0.0,0.0,1.0
2906604378,2906604253,-0.042875435,0.011368615,-0.09359314,0.42261964,0.0,0.0,0.0,1.0
2906653895,2906653764,-0.085462615,0.041955967,-0.090745926,0.40453264,0.0,0.0,0.0,1.0
2906703294,2906703183,-0.04733524,0.045571174,-0.09051534,0.40038568,0.0,0.0,0.0,1.0
2906755859,2906755643,-0.06414216,0.03120758,-0.09657492,0.40432364,0.0,0.0,0.0,1.0
2906803868,2906803658,-0.117788985,0.03421127,-0.0936452,0.40786922,0.0,0.0,0.0,1.0
2906853185,2906853073,-0.13371193,0.040429097,-0.10680301,0.40764865,0.0,0.0,0.0,1.0
2906902693,2906902537,-0.10994984,0.016973227,-0.10928157,0.40261176,0.0,0.0,0.0,1.0
2906955119,2906955001,-0.066122316,0.046449352,-0.1123347,0.39360878,0.0,0.0,0.0,1.0
2907003074,2907002964,-0.09154953,0.04878725,-0.12091787,0.3863519,0.0,0.0,0.0,1.0
2907052569,2907052428,-0.043318115,0.045560956,-0.12762581,0.38451958,0.0,0.0,0.0,1.0
2907104997,2907104890,-0.063814275,0.04361426,-0.13245438,0.38205314,0.0,0.0,0.0,1.0
2907151486,2907151356,-0.08954805,0.0658757,-0.14071056,0.37502584,0.0,0.0,0.0,1.0
2907203981,2907203818,-0.09087031,0.052421015,-0.13943575,0.3724933,0.0,0.0,0.0,1.0
2907251918,2907251783,-0.087725006,0.0686738,-0.14147192,0.36832896,0.0,0.0,0.0,1.0
2907304374,2907304253,-0.08919453,0.091596164,-0.14721064,0.36349398,0.0,0.0,0.0,1.0
2907353826,2907353709,-0.11048519,0.06954308,-0.14463915,0.36011755,0.0,0.0,0.0,1.0
2907403333,2907403221,-0.15235113,0.08717043,-0.14407139,0.35681394,0.0,0.0,0.0,1.0
2907455806,2907455682,-0.099391244,0.104136325,-0.1442926,0.3535681,0.0,0.0,0.0,1.0
2907503717,2907503601,-0.10652813,0.11393267,-0.15585576,0.3432096,0.0,0.0,0.0,1.0
2907553289,2907553117,-0.12569699,0.09817443,-0.15544777,0.3397727,0.0,0.0,0.0,1.0
2907602659,2907602529,-0.12006466,0.09409867,-0.15083897,0.33359748,0.0,0.0,0.0,1.0
2907655107,2907654991,-0.14237274,0.10381427,-0.14571752,0.32694888,0.0,0.0,0.0,1.0
2907704579,2907704455,-0.13211827,0.09785947,-0.14301871,0.3247594,0.0,0.0,0.0,1.0
2907752533,2907752420,-0.13248585,0.10486458,-0.15335108,0.3198152,0.0,0.0,0.0,1.0
2907804994,2907804882,-0.1190111,0.07100667,-0.16514347,0.31485784,0.0,0.0,0.0,1.0
2907854475,2907854350,-0.09944342,0.12310495,-0.16424003,0.30964193,0.0,0.0,0.0,1.0
2907903933,2907903811,-0.08996563,0.12834558,-0.16813664,0.3024656,0.0,0.0,0.0,1.0
2907951899,2907951776,-0.1303113,0.11782408,-0.16212636,0.3026641,0.0,0.0,0.0,1.0
2908005898,2908005737,-0.14038558,0.048473477,-0.14435826,0.12,0.0,0.0,0.0,1.0
2908053815,2908053702,-0.13267295,0.09514477,-0.1599213,0.12,0.0,0.0,0.0,1.0
2908103286,2908103167,-0.12883185,0.09834573,-0.1487421,0.12,0.0,0.0,0.0,1.0
2908155741,2908155628,-0.10515555,0.09797519,-0.13018236,0.12,0.0,0.0,0.0,1.0
2908203701,2908203593,-0.13084339,0.110285014,-0.13210428,0.12,0.0,0.0,0.0,1.0
2908253177,2908253057,-0.1283067,0.09477729,-0.1499429,0.12,0.0,0.0,0.0,1.0
2908302755,2908302568,-0.113816634,0.06868455,-0.1435455,0.12,0.0,0.0,0.0,1.0
2908355142,2908355031,-0.114449404,0.07542967,-0.13321497,0.12,0.0,0.0,0.0,1.0
2908403114,2908402949,-0.13468643,0.09208611,-0.13787612,0.12,0.0,0.0,0.0,1.0
2908452571,2908452459,-0.13536738,0.09848195,-0.14477858,0.12,0.0,0.0,0.0,1.0
2908505033,2908504921,-0.12270666,0.09561739,-0.14098221,0.12,0.0,0.0,0.0,1.0
2908554465,2908554339,-0.113009274,0.08645847,-0.13743098,0.12,0.0,0.0,0.0,1.0
2908603925,2908603803,-0.13940783,0.09647494,-0.14427087,0.12,0.0,0.0,0.0,1.0
2908651895,2908651768,-0.14274198,0.079228036,-0.14302647,0.12,0.0,0.0,0.0,1.0
2908704430,2908704234,-0.11467543,0.08846161,-0.14091076,0.001,0.0,0.0,0.0,1.0
2908753809,2908753694,-0.116969,0.089561485,-0.13741349,0.001,0.0,0.0,0.0,1.0
2908803268,2908803159,-0.10943372,0.10146309,-0.14236681,0.001,0.0,0.0,0.0,1.0
2908855734,2908855620,-0.14393114,0.09008804,-0.14233981,0.001,0.0,0.0,0.0,1.0
2908903693,2908903586,-0.12658174,0.096615404,-0.14182422,0.001,0.0,0.0,0.0,1.0
2908953161,2908953050,-0.12155327,0.09095388,-0.13930686,0.001,0.0,0.0,0.0,1.0
2909002639,2909002514,-0.13010739,0.077251494,-0.14112926,0.001,0.0,0.0,0.0,1.0
2909055084,2909054976,-0.12042286,0.08351125,-0.14136256,0.001,0.0,0.0,0.0,1.0
2909103054,2909102941,-0.12319023,0.08454099,-0.1410823,0.001,0.0,0.0,0.0,1.0
2909152526,2909152412,-0.11989251,0.098975636,-0.13951917,0.001,0.0,0.0,0.0,1.0
2909204996,2909204868,-0.123748496,0.095463105,-0.1419249,0.001,0.0,0.0,0.0,1.0
2909254494,2909254378,-0.1265799,0.10460619,-0.14244454,0.001,0.0,0.0,0.0,1.0
2909303912,2909303795,-0.12763016,0.09411861,-0.1400064,0.001,0.0,0.0,0.0,1.0
2909351922,2909351808,-0.13364571,0.09163223,-0.14143728,0.001,0.0,0.0,0.0,1.0
2909404386,2909404269,-0.12743923,0.08328574,-0.14096016,0.001,0.0,0.0,0.0,1.0
2909453831,2909453687,-0.1315819,0.084918045,-0.14179277,0.001,0.0,0.0,0.0,1.0
2909503265,2909503151,-0.123619765,0.094228044,-0.13831304,0.001,0.0,0.0,0.0,1.0
2909555719,2909555613,-0.12887765,0.091888286,-0.14253967,0.001,0.0,0.0,0.0,1.0
2909603691,2909603578,-0.122251146,0.10171836,-0.14142519,0.001,0.0,0.0,0.0,1.0
2909653199,2909653042,-0.11604179,0.09382799,-0.14158727,0.001,0.0,0.0,0.0,1.0
2909702617,2909702506,-0.11321229,0.090288095,-0.13820092,0.001,0.0,0.0,0.0,1.0
2909755100,2909754968,-0.12164987,0.08520985,-0.14313963,0.001,0.0,0.0,0.0,1.0
2909804555,2909804432,-0.11698637,0.09187066,-0.1392846,0.001,0.0,0.0,0.0,1.0
2909852508,2909852397,-0.12371745,0.09518376,-0.14155655,0.001,0.0,0.0,0.0,1.0
2909904970,2909904859,-0.11811072,0.099087685,-0.14000835,0.001,0.0,0.0,0.0,1.0
2909954447,2909954324,-0.12493018,0.097568646,-0.14359728,0.001,0.0,0.0,0.0,1.0
2910003953,2910003834,-0.11823163,0.089966565,-0.13731492,0.001,0.0,0.0,0.0,1.0
2910051940,2910051753,-0.1308584,0.089602105,-0.14229125,0.001,0.0,0.0,0.0,1.0
2910104338,2910104215,-0.1238392,0.08327376,-0.13985567,0.001,0.0,0.0,0.0,1.0
2910153844,2910153726,-0.12827262,0.08696854,-0.14248838,0.001,0.0,0.0,0.0,1.0
2910203267,2910203143,-0.12906224,0.08963151,-0.13792568,0.001,0.0,0.0,0.0,1.0
2910255710,2910255605,-0.12567653,0.095761456,-0.1427009,0.001,0.0,0.0,0.0,1.0
2910303729,2910303617,-0.1206779,0.091907084,-0.13970353,0.001,0.0,0.0,0.0,1.0
2910353140,2910353034,-0.12841588,0.097250134,-0.14196828,0.001,0.0,0.0,0.0,1.0
2910402632,2910402504,-0.12334078,0.08669617,-0.13913676,0.001,0.0,0.0,0.0,1.0
2910455126,2910454960,-0.12951821,0.087309696,-0.14281683,0.001,0.0,0.0,0.0,1.0
2910504541,2910504425,-0.12190775,0.08460325,-0.1388389,0.001,0.0,0.0,0.0,1.0
2910552499,2910552390,-0.1301501,0.08330449,-0.14170909,0.001,0.0,0.0,0.0,1.0
2910604971,2910604852,-0.1213766,0.09230702,-0.14010364,0.001,0.0,0.0,0.0,1.0
2910654430,2910654316,-0.12895797,0.09527422,-0.14187369,0.001,0.0,0.0,0.0,1.0
2910703935,2910703780,-0.01344854,0.011011649,0.0011337051,0.001,0.0,0.0,0.0,1.0
2910751902,2910751745,-0.025453992,0.011505141,-0.0013666772,0.001,0.0,0.0,0.0,1.0
2910804326,2910804207,-0.016698234,0.0061936607,0.00073347054,0.001,0.0,0.0,0.0,1.0
2910853789,2910853671,-0.020832332,0.004939627,-0.0009598875,0.001,0.0,0.0,0.0,1.0
2910903373,2910903182,-0.01969162,0.003943695,0.0016436698,0.001,0.0,0.0,0.0,1.0
2910955756,2910955644,-0.023994908,0.00902066,-0.0016192595,0.001,0.0,0.0,0.0,1.0
2911003682,2911003562,-0.025678672,0.011725832,-0.00038516187,0.001,0.0,0.0,0.0,1.0
