timestamp,timestamp_sample,gyro_device_id,gyro_bias[0],gyro_bias[1],gyro_bias[2],gyro_bias_limit,gyro_bias_variance[0],gyro_bias_variance[1],gyro_bias_variance[2],accel_device_id,accel_bias[0],accel_bias[1],accel_bias[2],accel_bias_limit,accel_bias_variance[0],accel_bias_variance[1],accel_bias_variance[2],mag_device_id,mag_bias[0],mag_bias[1],mag_bias[2],mag_bias_limit,mag_bias_variance[0],mag_bias_variance[1],mag_bias_variance[2],gyro_bias_valid,accel_bias_valid,mag_bias_valid
2873978564,2873977382,6684698,-0.0030960625,-0.0019326371,0.0011615668,0.34906584,1.7974114e-09,1.8001497e-09,3.943457e-09,6946842,-0.04558393,-0.013527561,0.0029086764,0.4,4.984203e-06,4.984203e-06,4.984278e-06,8943875,0.03151322,0.0069357255,-0.012525029,0.5,1.0942143e-05,1.0916877e-05,0.00025474178,1,1,1
2874045801,2874040292,6684698,-0.0031323559,-0.001936116,0.0011605215,0.34906584,1.7926423e-09,1.7953979e-09,3.9287924e-09,6946842,-0.04507934,-0.015421125,0.0030686231,0.4,4.9706823e-06,4.9706823e-06,4.9707205e-06,8943875,0.03151322,0.0069357255,-0.012525029,0.5,1.0942143e-05,1.0916877e-05,0.00025474178,1,1,1
2874122332,2874121231,6684698,-0.003173899,-0.0019449478,0.001166025,0.34906584,1.801044e-09,1.8037923e-09,3.9457593e-09,6946842,-0.04514249,-0.016976332,0.0030974406,0.4,4.988383e-06,4.988383e-06,4.9884034e-06,8943875,0.03151322,0.0069357255,-0.012525029,0.5,1.0942143e-05,1.0916877e-05,0.00025474178,1,1,1
2874182224,2874181188,6684698,-0.0031949796,-0.0019446037,0.0011658384,0.34906584,1.8021128e-09,1.8048186e-09,3.9462282e-09,6946842,-0.04514189,-0.018115694,0.0031229244,0.4,4.987737e-06,4.987737e-06,4.9878045e-06,8943875,0.03151322,0.0069357255,-0.012525029,0.5,1.0942143e-05,1.0916877e-05,0.00025474178,1,1,1
2874326244,2874320588,6684698,-0.0031969526,-0.0019271218,0.0011638363,0.34906584,1.8041436e-09,1.8068574e-09,3.9458734e-09,6946842,-0.04619397,-0.018197455,0.002887512,0.4,4.988591e-06,4.988591e-06,4.9886107e-06,8943875,0.03151322,0.0069357255,-0.012525029,0.5,1.0942143e-05,1.0916877e-05,0.00025474178,1,1,1
2874444744,2874439002,6684698,-0.0031853209,-0.0019116671,0.0011653719,0.34906584,1.8057652e-09,1.8085746e-09,3.9444936e-09,6946842,-0.047261585,-0.017360244,0.002822717,0.4,4.9907167e-06,4.9907167e-06,4.9907444e-06,8943875,0.03151322,0.0069357255,-0.012525029,0.5,1.0942143e-05,1.0916877e-05,0.00025474178,1,1,1
2874581322,2874579901,6684698,-0.0031746912,-0.0019012814,0.0011642657,0.34906584,1.810134e-09,1.8130921e-09,3.955417e-09,6946842,-0.048326805,-0.016264226,0.002560917,0.4,4.999666e-06,4.999666e-06,4.999666e-06,8943875,0.03151322,0.0069357255,-0.012525029,0.5,1.0942143e-05,1.0916877e-05,0.00025474178,1,1,1
2874769715,2874768765,6684698,-0.0031745515,-0.0018914009,0.0011615452,0.34906584,1.8205416e-09,1.8236083e-09,3.9595323e-09,6946842,-0.049310636,-0.015975378,0.0024976546,0.4,5.006315e-06,5.006315e-06,5.0063345e-06,8943875,0.03151322,0.0069357255,-0.012525029,0.5,1.0942143e-05,1.0916877e-05,0.00025474178,1,1,1
2874933057,2874932148,6684698,-0.003161046,-0.0018859209,0.0011643284,0.34906584,1.8181062e-09,1.8213742e-09,3.958805e-09,6946842,-0.04965377,-0.01506019,0.0022417342,0.4,5.004467e-06,5.004467e-06,5.0044996e-06,8943875,0.03151322,0.0069357255,-0.012525029,0.5,1.0942143e-05,1.0916877e-05,0.00025474178,1,1,1
2875181865,2875180968,6684698,-0.0031740456,-0.0018805409,0.0011641963,0.34906584,1.8156882e-09,1.8193032e-09,3.9454835e-09,6946842,-0.04941958,-0.01669612,0.0024216848,0.4,4.98884e-06,4.98884e-06,4.9888986e-06,8943875,0.03151322,0.0069357255,-0.012525029,0.5,1.0942143e-05,1.0916877e-05,0.00025474178,1,1,1
2875287586,2875285893,6684698,-0.0031878727,-0.0018701155,0.0011539301,0.34906584,1.8209444e-09,1.8247115e-09,3.9455874e-09,6946842,-0.050389197,-0.017470624,0.002421927,0.4,4.9945656e-06,4.9945656e-06,4.9945656e-06,8943875,0.03151322,0.0069357255,-0.012525029,0.5,1.0942143e-05,1.0916877e-05,0.00025474178,1,1,1
2875388074,2875386367,6684698,-0.0032198236,-0.0018690362,0.0011515134,0.34906584,1.8312574e-09,1.8352255e-09,3.9639247e-09,6946842,-0.051338162,-0.018765775,0.0023934399,0.4,5.0184876e-06,5.0184876e-06,5.0185295e-06,8943875,0.03151322,0.0069357255,-0.012525029,0.5,1.0942143e-05,1.0916877e-05,0.00025474178,1,1,1
2875584126,2875581234,6684698,-0.0031938378,-0.0018515754,0.0011380933,0.34906584,1.8293451e-09,1.8335327e-09,3.9477595e-09,6946842,-0.051914975,-0.017782943,0.0027720684,0.4,4.9986743e-06,4.9986743e-06,4.9987375e-06,8943875,0.03151322,0.0069357255,-0.012525029,0.5,1.0942143e-05,1.0916877e-05,0.00025474178,1,1,1
2875670761,2875669616,6684698,-0.0032055853,-0.0018554206,0.0011442271,0.34906584,1.8438625e-09,1.8481384e-09,3.9759227e-09,6946842,-0.052847933,-0.017308254,0.0024902227,0.4,5.0306253e-06,5.0306253e-06,5.030675e-06,8943875,0.03151322,0.0069357255,-0.012525029,0.5,1.0942143e-05,1.0916877e-05,0.00025474178,1,1,1
2875790783,2875789530,6684698,-0.0031611335,-0.0018359431,0.0011328078,0.34906584,1.8322932e-09,1.8366181e-09,3.9442507e-09,6946842,-0.052986443,-0.01570521,0.0025706077,0.4,4.9944133e-06,4.9944133e-06,4.9944133e-06,8943875,0.03151322,0.0069357255,-0.012525029,0.5,1.0942143e-05,1.0916877e-05,0.00025474178,1,1,1
2875919501,2875918484,6684698,-0.0031445057,-0.0018296757,0.0011331936,0.34906584,1.8382555e-09,1.8426219e-09,3.9498183e-09,6946842,-0.05361989,-0.014448526,0.0029114294,0.4,4.997691e-06,4.997691e-06,4.9977093e-06,8943875,0.03151322,0.0069357255,-0.012525029,0.5,1.0942143e-05,1.0916877e-05,0.00025474178,1,1,1
2876072552,2876066830,6684698,-0.0031357869,-0.00181852,0.0011319771,0.34906584,1.846606e-09,1.8509759e-09,3.9527515e-09,6946842,-0.054572,-0.013757991,0.0025870774,0.4,5.0013778e-06,5.0013778e-06,5.0014423e-06,8943875,0.03151322,0.0069357255,-0.012525029,0.5,1.0942143e-05,1.0916877e-05,0.00025474178,1,1,1
2876188901,2876186748,6684698,-0.0031430507,-0.0018064854,0.00112847,0.34906584,1.8506937e-09,1.8550377e-09,3.9537644e-09,6946842,-0.05556476,-0.014113202,0.0022599278,0.4,5.0064305e-06,5.0064305e-06,5.0064305e-06,8943875,0.03151322,0.0069357255,-0.012525029,0.5,1.0942143e-05,1.0916877e-05,0.00025474178,1,1,1
2876388333,2876381604,6684698,-0.0031238785,-0.0017789747,0.0011216296,0.34906584,1.8463461e-09,1.8505147e-09,3.9386365e-09,6946842,-0.0563579,-0.01410118,0.0015298638,0.4,4.9760824e-06,4.9760824e-06,4.9760824e-06,8943875,0.03151322,0.0069357255,-0.012525029,0.5,1.0942143e-05,1.0916877e-05,0.00025474178,1,1,1
2876666058,2876660450,6684698,-0.0031266115,-0.0017804219,0.0011255601,0.34906584,1.871764e-09,1.8758475e-09,3.9798502e-09,6946842,-0.056986228,-0.013310935,0.001726703,0.4,4.9931027e-06,4.9931027e-06,4.993154e-06,8943875,0.03151322,0.0069357255,-0.012525029,0.5,1.0942143e-05,1.0916877e-05,0.00025474178,1,1,1
2876887194,2876885288,6684698,-0.0031472542,-0.0017870321,0.0011336271,0.34906584,1.9021382e-09,1.906242e-09,4.0286117e-09,6946842,-0.058163214,-0.013368714,0.0015236706,0.4,5.0254653e-06,5.0254653e-06,5.0254653e-06,8943875,0.03151322,0.0069357255,-0.012525029,0.5,1.0942143e-05,1.0916877e-05,0.00025474178,1,1,1
2877049719,2877044127,6684698,-0.0031418083,-0.0017781808,0.0011333288,0.34906584,1.9140143e-09,1.9181174e-09,4.039889e-09,6946842,-0.059525248,-0.01297504,0.0015304782,0.4,5.0195895e-06,5.0195895e-06,5.0196013e-06,8943875,0.03151322,0.0069357255,-0.012525029,0.5,1.0942143e-05,1.0916877e-05,0.00025474178,1,1,1
2877187368,2877185072,6684698,-0.0031466829,-0.0017719901,0.0011347444,0.34906584,1.9267556e-09,1.9308564e-09,4.054261e-09,6946842,-0.061130084,-0.014003477,0.0011932647,0.4,5.0200547e-06,5.0200547e-06,5.0200547e-06,8943875,0.03151322,0.0069357255,-0.012525029,0.5,1.0942143e-05,1.0916877e-05,0.00025474178,1,1,1
2877328836,2877327470,6684698,-0.0031463054,-0.0017672761,0.0011342413,0.34906584,1.9381672e-09,1.9422586e-09,4.064347e-09,6946842,-0.06199204,-0.014699771,0.0012144337,0.4,5.0152003e-06,5.0152003e-06,5.0152003e-06,8943875,0.03151322,0.0069357255,-0.012525029,0.5,1.0942143e-05,1.0916877e-05,0.00025474178,1,1,1
2877492623,2877490806,6684698,-0.0031289624,-0.0017526683,0.0011270547,0.34906584,1.9399455e-09,1.9439919e-09,4.0523545e-09,6946842,-0.06249067,-0.015881104,0.00066075823,0.4,4.9807977e-06,4.9807977e-06,4.9807977e-06,8943875,0.03151322,0.0069357255,-0.012525029,0.5,1.0942143e-05,1.0916877e-05,0.00025474178,1,1,1
2877592951,2877591233,6684698,-0.0031353498,-0.001753291,0.0011286277,0.34906584,1.9517579e-09,1.9558006e-09,4.0670702e-09,6946842,-0.063215666,-0.016877852,0.00043764844,0.4,4.986665e-06,4.986665e-06,4.986665e-06,8943875,0.03151322,0.0069357255,-0.012525029,0.5,1.0942143e-05,1.0916877e-05,0.00025474178,1,1,1
2877734775,2877729134,6684698,-0.0031416367,-0.0017549914,0.0011302092,0.34906584,1.9678803e-09,1.9719217e-09,4.086294e-09,6946842,-0.06358821,-0.017730417,1.3436603e-05,0.4,4.993132e-06,4.993132e-06,4.993132e-06,8943875,0.03151322,0.0069357255,-0.012525029,0.5,1.0942143e-05,1.0916877e-05,0.00025474178,1,1,1
2877863616,2877858041,6684698,-0.0031438011,-0.0017538586,0.001130236,0.34906584,1.9804798e-09,1.9845097e-09,4.0991686e-09,6946842,-0.06422918,-0.018606616,-0.00018967042,0.4,4.993055e-06,4.993055e-06,4.993073e-06,8943875,0.03151322,0.0069357255,-0.012525029,0.5,1.0942143e-05,1.0916877e-05,0.00025474178,1,1,1
2877990312,2877988447,6684698,-0.0031504445,-0.001754095,0.0011314659,0.34906584,1.994887e-09,1.9989084e-09,4.116095e-09,6946842,-0.06522988,-0.019985609,-0.0007947045,0.4,4.9979085e-06,4.9979085e-06,4.9979085e-06,8943875,0.03151322,0.0069357255,-0.012525029,0.5,1.0942143e-05,1.0916877e-05,0.00025474178,1,1,1
2878131858,2878126348,6684698,-0.0031578206,-0.0017564171,0.0011329883,0.34906584,2.011789e-09,2.015809e-09,4.1366635e-09,6946842,-0.06567787,-0.021015305,-0.0012800099,0.4,5.0059134e-06,5.0059134e-06,5.0059134e-06,8943875,0.03151322,0.0069357255,-0.012525029,0.5,1.0942143e-05,1.0916877e-05,0.00025474178,1,1,1
2878266967,2878265753,6684698,-0.0031643838,-0.0017576106,0.0011335796,0.34906584,2.0276831e-09,2.031697e-09,4.1551624e-09,6946842,-0.066188805,-0.022326374,-0.0013587943,0.4,5.011398e-06,5.011398e-06,5.0114313e-06,8943875,0.03151322,0.0069357255,-0.012525029,0.5,1.0942143e-05,1.0916877e-05,0.00025474178,1,1,1
2878591294,2878589515,6684698,-0.0031567204,-0.0017497938,0.0011280267,0.34906584,2.0503008e-09,2.054275e-09,4.170681e-09,6946842,-0.06638871,-0.023439992,-0.0016320737,0.4,4.991825e-06,4.991825e-06,4.991825e-06,8943875,0.03151322,0.0069357255,-0.012525029,0.5,1.0942143e-05,1.0916877e-05,0.00025474178,1,1,1
2878925007,2878923825,6684698,-0.0031825695,-0.0017620714,0.0011355225,0.34906584,2.0974757e-09,2.1014495e-09,4.2345616e-09,6946842,-0.06706183,-0.024279915,-0.001845937,0.4,5.027645e-06,5.027645e-06,5.0276512e-06,8943875,0.03151322,0.0069357255,-0.012525029,0.5,1.0942143e-05,1.0916877e-05,0.00025474178,1,1,1
2879331133,2879329982,6684698,-0.0031748258,-0.001756851,0.0011291284,0.34906584,2.1253828e-09,2.1292839e-09,4.256508e-09,6946842,-0.06640197,-0.025142057,-0.002074169,0.4,5.0066456e-06,5.0066456e-06,5.0066615e-06,8943875,0.03151322,0.0069357255,-0.012525029,0.5,1.0942143e-05,1.0916877e-05,0.00025474178,1,1,1
2879601327,2879595291,6684698,-0.003170121,-0.00175098,0.0011226063,0.34906584,2.140892e-09,2.1447433e-09,4.2670316e-09,6946842,-0.066084825,-0.026088044,-0.0021439483,0.4,4.9878126e-06,4.9878126e-06,4.9878126e-06,8943875,0.03151322,0.0069357255,-0.012525029,0.5,1.0942143e-05,1.0916877e-05,0.00025474178,1,1,1
2880128534,2880122959,6684698,-0.003193595,-0.0017733244,0.0011262599,0.34906584,2.196581e-09,2.2004794e-09,4.3436796e-09,6946842,-0.065402426,-0.026926575,-0.0020231986,0.4,5.016292e-06,5.016292e-06,5.016319e-06,8943875,0.03151322,0.0069357255,-0.012525029,0.5,1.0942143e-05,1.0916877e-05,0.00025474178,1,1,1
2880412441,2880406208,6684698,-0.0031752149,-0.0017760593,0.0011218118,0.34906584,2.2080782e-09,2.2119746e-09,4.3532307e-09,6946842,-0.06445546,-0.026526324,-0.0020092875,0.4,4.9957525e-06,4.9957525e-06,4.9957525e-06,8943875,0.03151322,0.0069357255,-0.012525029,0.5,1.0942143e-05,1.0916877e-05,0.00025474178,1,1,1
2881129752,2881128688,6684698,-0.0031633067,-0.0017931295,0.0011242629,0.34906584,2.25751e-09,2.2612885e-09,4.433282e-09,6946842,-0.06395767,-0.025866736,-0.0025913492,0.4,5.006988e-06,5.006988e-06,5.0070207e-06,8943875,0.03151322,0.0069357255,-0.012525029,0.5,1.0942143e-05,1.0916877e-05,0.00025474178,1,1,1
2881901630,2881900632,6684698,-0.0031193385,-0.0017865531,0.001110014,0.34906584,2.2679387e-09,2.2714646e-09,4.4640376e-09,6946842,-0.06302461,-0.025388487,-0.0030744884,0.4,4.958477e-06,4.958477e-06,4.958477e-06,8943875,0.03151322,0.0069357255,-0.012525029,0.5,1.0942143e-05,1.0916877e-05,0.00025474178,1,1,1
2883935585,2883934671,6684698,-0.0031126651,-0.0018575175,0.0011180871,0.34906584,2.2996178e-09,2.30231e-09,4.709569e-09,6946842,-0.06344968,-0.025780363,-0.0022433638,0.4,5.0166764e-06,5.016672e-06,5.016693e-06,8943875,0.03151322,0.0069357255,-0.012525029,0.5,1.0942143e-05,1.0916877e-05,0.00025474178,1,1,1
2884722715,2884721602,6684698,-0.0030554808,-0.0018207052,0.0011067889,0.34906584,2.251302e-09,2.253795e-09,4.7303725e-09,6946842,-0.06267765,-0.025635306,-0.0016042284,0.4,4.9628634e-06,4.9628634e-06,4.9628898e-06,8943875,0.03151322,0.0069357255,-0.012525029,0.5,1.0942143e-05,1.0916877e-05,0.00025474178,1,1,1
2885834914,2885833848,6684698,-0.0030864398,-0.0018205765,0.0011214376,0.34906584,2.247344e-09,2.2498285e-09,4.8979563e-09,6946842,-0.06336985,-0.026055489,-0.0022321602,0.4,5.032576e-06,5.0325734e-06,5.0325834e-06,8943875,0.03151322,0.0069357255,-0.012525029,0.5,1.0942143e-05,1.0916877e-05,0.00025474178,1,1,1
2885908136,2885902752,6684698,-0.0030816013,-0.0018208702,0.0011207748,0.34906584,2.241e-09,2.2435496e-09,4.9007656e-09,6946842,-0.06345098,-0.025982348,-0.0022530062,0.4,5.028768e-06,5.028768e-06,5.028768e-06,8943875,0.02064169,0.012750103,-0.0063836584,0.5,0.0015991417,0.0013308448,0.0016666601,1,1,1
2885948648,2885947722,6684698,-0.0030768001,-0.0018183388,0.0011198501,0.34906584,2.2385798e-09,2.2411684e-09,4.902742e-09,6946842,-0.063436255,-0.026019257,-0.0022541336,0.4,5.026833e-06,5.026833e-06,5.026876e-06,8943875,0.018381836,0.010593353,-0.006015536,0.5,0.0013958457,0.00096058584,0.001499987,1,1,1
2885998072,2885997184,6684698,-0.0030723056,-0.0018189586,0.0011194332,0.34906584,2.2321875e-09,2.2347746e-09,4.907633e-09,6946842,-0.0634525,-0.026068011,-0.002208933,0.4,5.026791e-06,5.026791e-06,5.0267904e-06,8943875,0.01752811,0.008394755,-0.0052518775,0.5,0.0013077294,0.00077451055,0.0014285705,1,1,1
2886052054,2886046648,6684698,-0.003072245,-0.001819382,0.001119121,0.34906584,2.2372508e-09,2.2398563e-09,4.9127706e-09,6946842,-0.06347558,-0.026078373,-0.0022094047,0.4,5.026962e-06,5.026962e-06,5.0270073e-06,8943875,0.015922531,0.007033187,-0.004839393,0.5,0.0012604827,0.0006602188,0.0013889063,1,1,1
2886098592,2886097611,6684698,-0.0030565257,-0.0018109189,0.0011145155,0.34906584,2.2218245e-09,2.2244038e-09,4.89827e-09,6946842,-0.063217804,-0.026009994,-0.0022066107,0.4,5.007049e-06,5.007049e-06,5.007049e-06,8943875,0.015830653,0.005995594,-0.0049796216,0.5,0.0012324302,0.00058093085,0.001363658,1,1,1
2886197531,2886196540,6684698,-0.0030491743,-0.0018090716,0.0011138378,0.34906584,2.2194182e-09,2.221988e-09,4.906557e-09,6946842,-0.06319945,-0.026065283,-0.002312975,0.4,5.0053604e-06,5.0053604e-06,5.005361e-06,8943875,0.015795883,0.004525681,-0.0045988867,0.5,0.0012021018,0.0004746322,0.0013332893,1,1,1
2886400339,2886398895,6684698,-0.0030276827,-0.0018122185,0.0011111128,0.34906584,2.2051196e-09,2.2076454e-09,4.9136304e-09,6946842,-0.063147195,-0.026080033,-0.0023260543,0.4,4.9923556e-06,4.9923556e-06,4.9923556e-06,8943875,0.015816072,0.003415972,-0.005410922,0.5,0.0011687666,0.00034725436,0.0013035696,1,1,1
2886498033,2886496325,6684698,-0.003020597,-0.0018244728,0.0011125276,0.34906584,2.2011744e-09,2.2036875e-09,4.930119e-09,6946842,-0.06338389,-0.026171524,-0.0023287057,0.4,4.9990726e-06,4.9990726e-06,4.9990726e-06,8943875,0.016430367,0.0025178634,-0.0054389667,0.5,0.0011470184,0.00030188178,0.001294725,1,1,1
2886598267,2886596752,6684698,-0.0030106644,-0.0018281612,0.0011102777,0.34906584,2.195971e-09,2.1984896e-09,4.9319784e-09,6946842,-0.06338484,-0.026139239,-0.0023377533,0.4,4.990977e-06,4.990977e-06,4.9909763e-06,8943875,0.017487234,0.0014749666,-0.0054608323,0.5,0.0011156787,0.00026349165,0.0012878276,1,1,1
2886801031,2886799107,6684698,-0.0029855322,-0.0018536444,0.0011131371,0.34906584,2.191488e-09,2.1940605e-09,4.9605053e-09,6946842,-0.06399758,-0.02625488,-0.002600572,0.4,5.0000217e-06,5.0000217e-06,5.0000217e-06,8943875,0.018177498,0.00075463345,-0.0059911874,0.5,0.0010188334,0.00020274497,0.0012785541,1,1,1
2886856911,2886851569,6684698,-0.0029762571,-0.0018616946,0.0011134198,0.34906584,2.1917115e-09,2.194309e-09,4.967037e-09,6946842,-0.064230114,-0.026290363,-0.0026098273,0.4,5.001698e-06,5.001698e-06,5.0017325e-06,8943875,0.019155884,0.00019897998,-0.006089546,0.5,0.0009875073,0.00019050174,0.0012769265,1,1,1
2886949958,2886948999,6684698,-0.0029404568,-0.0018694431,0.0011087825,0.34906584,2.175466e-09,2.178092e-09,4.9561115e-09,6946842,-0.06447297,-0.026260484,-0.0026887504,0.4,4.9809946e-06,4.9809946e-06,4.9810365e-06,8943875,0.020396706,-0.00029591413,-0.005929786,0.5,0.00091908104,0.00016933896,0.0012741617,1,1,1
2887053198,2887047974,6684698,-0.002929459,-0.0018799747,0.001109671,0.34906584,2.1753483e-09,2.1780442e-09,4.9693583e-09,6946842,-0.06486864,-0.026299793,-0.0027141066,0.4,4.984675e-06,4.984675e-06,4.9847067e-06,8943875,0.021553034,-0.00077215646,-0.0060220025,0.5,0.0008433996,0.00015220096,0.0012718635,1,1,1
2887153838,2887152899,6684698,-0.00291735,-0.0019066727,0.0011127266,0.34906584,2.1743058e-09,2.1770712e-09,4.9929034e-09,6946842,-0.06575219,-0.026274417,-0.002810022,0.4,4.9987602e-06,4.9987602e-06,4.998792e-06,8943875,0.022709709,-0.0010558736,-0.0061049997,0.5,0.000765024,0.00013869638,0.0012699066,1,1,1
2887245203,2887244286,6684698,-0.0029144033,-0.0019172074,0.001112509,0.34906584,2.1744269e-09,2.1772872e-09,5.0065787e-09,6946842,-0.06609237,-0.026220415,-0.002838487,0.4,5.0029917e-06,5.0029917e-06,5.003031e-06,8943875,0.024386754,-0.0014350563,-0.0061440673,0.5,0.00068781304,0.00012834124,0.0012681959,1,1,1
2887362089,2887356705,6684698,-0.002915162,-0.0019522517,0.0011157945,0.34906584,2.1774542e-09,2.1804012e-09,5.038393e-09,6946842,-0.067149214,-0.025933703,-0.0028689215,0.4,5.0244353e-06,5.0244353e-06,5.024463e-06,8943875,0.025363844,-0.0014202462,-0.0062313923,0.5,0.00061440474,0.00012046436,0.0012666688,1,1,1
2887452142,2887446641,6684698,-0.002915714,-0.001964747,0.0011139219,0.34906584,2.1755537e-09,2.1786135e-09,5.048233e-09,6946842,-0.06743064,-0.025680095,-0.0031182284,0.4,5.0259687e-06,5.0259687e-06,5.026014e-06,8943875,0.02712107,-0.0016066025,-0.0062414007,0.5,0.0005458062,0.00011450666,0.0012652263,1,1,1
2887612692,2887611522,6684698,-0.0028952435,-0.0019971249,0.0011051616,0.34906584,2.152779e-09,2.155943e-09,5.040062e-09,6946842,-0.06833166,-0.024569957,-0.0030671128,0.4,5.0032963e-06,5.0032963e-06,5.0032963e-06,8943875,0.027525106,-0.0012981142,-0.0064222673,0.5,0.0004544807,0.00010801745,0.0012629188,1,1,1
2887792657,2887791402,6684698,-0.0028813968,-0.00201988,0.0010995325,0.34906584,2.135701e-09,2.1390432e-09,5.0391527e-09,6946842,-0.069088995,-0.023584768,-0.0034293449,0.4,4.98571e-06,4.98571e-06,4.98571e-06,8943875,0.027927203,-0.0011483093,-0.006650067,0.5,0.00035409405,0.00010206914,0.0012599505,1,1,1
2887926154,2887920300,6684698,-0.0029212793,-0.002056263,0.0011097651,0.34906584,2.1541928e-09,2.1576165e-09,5.1034554e-09,6946842,-0.069984525,-0.022929544,-0.0033748837,0.4,5.037599e-06,5.037599e-06,5.0376198e-06,8943875,0.0287394,-0.001249186,-0.00689605,0.5,0.00031289115,9.966316e-05,0.0012587016,1,1,1
2887989537,2887987751,6684698,-0.002919514,-0.0020401878,0.0011038077,0.34906584,2.1468414e-09,2.1503754e-09,5.0893805e-09,6946842,-0.06912014,-0.022840885,-0.0032597359,0.4,5.0180142e-06,5.0180142e-06,5.0180142e-06,8943875,0.030086473,-0.0013059453,-0.0070916913,0.5,0.00027684966,9.743152e-05,0.0012578147,1,1,1
2888060623,2888055210,6684698,-0.0029381488,-0.0020680318,0.0011055339,0.34906584,2.1507944e-09,2.154325e-09,5.113271e-09,6946842,-0.06973787,-0.021776088,-0.0032614495,0.4,5.0353415e-06,5.0353415e-06,5.0353865e-06,8943875,0.031069502,-0.001286389,-0.007140361,0.5,0.0002605316,9.633547e-05,0.0012574462,1,1,1
2888196583,2888194649,6684698,-0.0029925727,-0.00209118,0.0011049814,0.34906584,2.1586601e-09,2.1622317e-09,5.159678e-09,6946842,-0.06912907,-0.020181023,-0.0033926135,0.4,5.068356e-06,5.068356e-06,5.068356e-06,8943875,0.03195627,-0.0009462819,-0.0072136046,0.5,0.00021806094,9.304704e-05,0.0012564764,1,1,1
2888326025,2888325008,6684698,-0.0030396369,-0.0021186327,0.0011057338,0.34906584,2.1705233e-09,2.1740807e-09,5.2041087e-09,6946842,-0.068903305,-0.018455945,-0.003407059,0.4,5.1006746e-06,5.1006746e-06,5.1006955e-06,8943875,0.032808173,-0.0007806301,-0.0072969017,0.5,0.00019429199,9.077957e-05,0.0012558517,1,1,1
2888405658,2888404501,6684698,-0.0030514146,-0.0021211093,0.0010993482,0.34906584,2.1637805e-09,2.1673425e-09,5.19834e-09,6946842,-0.06821404,-0.017170593,-0.0033330221,0.4,5.08878e-06,5.08878e-06,5.0887834e-06,8943875,0.032826647,-0.0007080862,-0.0073010786,0.5,0.00017356689,8.8460525e-05,0.0012553387,1,1,1
2888459428,2888453916,6684698,-0.0030475406,-0.0021236131,0.0010919922,0.34906584,2.154519e-09,2.1580695e-09,5.179194e-09,6946842,-0.06796442,-0.01602774,-0.0033113493,0.4,5.065983e-06,5.065983e-06,5.0660155e-06,8943875,0.032666784,-0.00061850925,-0.0073047755,0.5,0.00016420548,8.7267814e-05,0.0012551051,1,1,1
2888546412,2888545350,6684698,-0.0030763152,-0.0021324526,0.0010910297,0.34906584,2.16048e-09,2.164037e-09,5.20132e-09,6946842,-0.06733551,-0.014924993,-0.0030083386,0.4,5.0805747e-06,5.0805747e-06,5.0806043e-06,8943875,0.03222451,-0.0005590049,-0.007253747,0.5,0.0001472568,8.4810104e-05,0.0012546437,1,1,1
2888601908,2888600810,6684698,-0.0030774965,-0.0021233512,0.0010822566,0.34906584,2.1466908e-09,2.150146e-09,5.1799973e-09,6946842,-0.06626212,-0.013854894,-0.0030657742,0.4,5.0548874e-06,5.0548874e-06,5.05489e-06,8943875,0.03207507,-0.00053758675,-0.0071884682,0.5,0.00013961406,8.3548795e-05,0.0012544057,1,1,1
2888664746,2888659315,6684698,-0.0030994336,-0.0021433567,0.0010843087,0.34906584,2.1559625e-09,2.1594198e-09,5.2031184e-09,6946842,-0.06654038,-0.01259908,-0.0030701295,0.4,5.07253e-06,5.07253e-06,5.072571e-06,8943875,0.031811595,-0.000572417,-0.0071408157,0.5,0.00013244365,8.22685e-05,0.001254183,1,1,1
2888754903,2888753700,6684698,-0.0031282199,-0.002151179,0.0010843746,0.34906584,2.163944e-09,2.1673894e-09,5.2280136e-09,6946842,-0.06587374,-0.011543967,-0.002934139,0.4,5.0899753e-06,5.0899753e-06,5.090015e-06,8943875,0.03158841,-0.0005600466,-0.007110603,0.5,0.000119513104,7.9664846e-05,0.0012537818,1,1,1
2888801980,2888800166,6684698,-0.0031470836,-0.0021481114,0.0010795388,0.34906584,2.1595679e-09,2.1629138e-09,5.2286007e-09,6946842,-0.06461128,-0.010367961,-0.0026321514,0.4,5.086765e-06,5.086765e-06,5.086765e-06,8943875,0.031494588,-0.0005400048,-0.007037368,0.5,0.000113661605,7.8333025e-05,0.0012535517,1,1,1
2888856747,2888855626,6684698,-0.0031407082,-0.0021444263,0.0010704689,0.34906584,2.150081e-09,2.1533932e-09,5.205156e-09,6946842,-0.064073265,-0.009190937,-0.0026075405,0.4,5.059146e-06,5.059146e-06,5.0591852e-06,8943875,0.03150931,-0.00040258735,-0.006938792,0.5,0.00010820627,7.699881e-05,0.0012533125,1,1,1
2888919691,2888918581,6684698,-0.0031680241,-0.0021493568,0.0010720866,0.34906584,2.1560367e-09,2.1592628e-09,5.2279283e-09,6946842,-0.06325914,-0.008256149,-0.0025463845,0.4,5.076541e-06,5.076541e-06,5.0765534e-06,8943875,0.031519122,-0.0004933226,-0.006897989,0.5,0.00010313601,7.566859e-05,0.0012530911,1,1,1
2889018628,2889013013,6684698,-0.0031782193,-0.0021437104,0.0010674276,0.34906584,2.1569535e-09,2.1601436e-09,5.2322777e-09,6946842,-0.062293705,-0.007711901,-0.0026051197,0.4,5.0741687e-06,5.0741687e-06,5.074182e-06,8943875,0.031107225,-0.00039714295,-0.0068072514,0.5,9.390407e-05,7.299123e-05,0.001252724,1,1,1
2889068165,2889066975,6684698,-0.0031750612,-0.0021423886,0.0010624839,0.34906584,2.1503703e-09,2.15353e-09,5.2160836e-09,6946842,-0.061939795,-0.0066172807,-0.002589128,0.4,5.0547196e-06,5.0547196e-06,5.0547646e-06,8943875,0.030865457,-0.00051218964,-0.0067429096,0.5,8.973477e-05,7.165977e-05,0.00125251,1,1,1
2889131075,2889129931,6684698,-0.0031809753,-0.002135897,0.0010580433,0.34906584,2.145517e-09,2.1485755e-09,5.210318e-09,6946842,-0.060978364,-0.005790475,-0.002401137,0.4,5.04451e-06,5.04451e-06,5.044534e-06,8943875,0.030846953,-0.0005193632,-0.006657831,0.5,8.5827705e-05,7.033128e-05,0.0012522582,1,1,1
2889201766,2889200379,6684698,-0.0031665955,-0.0021156112,0.0010462981,0.34906584,2.1285576e-09,2.1315454e-09,5.172013e-09,6946842,-0.05958461,-0.004973463,-0.0023569907,0.4,5.0029894e-06,5.0029894e-06,5.0029894e-06,8943875,0.030758087,-0.00048156135,-0.0065104575,0.5,7.879545e-05,6.772657e-05,0.0012516069,1,1,1
2889275009,2889273872,6684698,-0.003179184,-0.0021235251,0.001044655,0.34906584,2.134894e-09,2.137861e-09,5.1832925e-09,6946842,-0.05942685,-0.0038844103,-0.0023548598,0.4,5.008314e-06,5.008314e-06,5.0083677e-06,8943875,0.031000383,-0.00030143798,-0.0065760533,0.5,7.560156e-05,6.6437395e-05,0.0012511996,1,1,1
2889350213,2889342776,6684698,-0.0031874147,-0.002117643,0.0010406147,0.34906584,2.134987e-09,2.1379063e-09,5.1849676e-09,6946842,-0.05843304,-0.0033189023,-0.0022188032,0.4,5.005553e-06,5.005553e-06,5.0055996e-06,8943875,0.031047588,-0.00020624867,-0.006540566,0.5,7.259918e-05,6.515795e-05,0.0012507475,1,1,1
2889408987,2889402733,6684698,-0.003189675,-0.0021065332,0.0010351285,0.34906584,2.1289892e-09,2.131798e-09,5.1738747e-09,6946842,-0.057165675,-0.0025667406,-0.0021437658,0.4,4.990355e-06,4.990355e-06,4.990355e-06,8943875,0.031353306,-9.225749e-05,-0.0065996666,0.5,6.719507e-05,6.267406e-05,0.0012497413,1,1,1
2889468432,2889467186,6684698,-0.0032101972,-0.0021163025,0.0010367834,0.34906584,2.1401017e-09,2.1428976e-09,5.197095e-09,6946842,-0.056846492,-0.0016107135,-0.0021472736,0.4,5.0081594e-06,5.0081594e-06,5.0082085e-06,8943875,0.031328905,-7.794331e-05,-0.0064721038,0.5,6.474369e-05,6.146351e-05,0.0012492364,1,1,1
2889508655,2889507657,6684698,-0.0031994046,-0.0020997333,0.0010315407,0.34906584,2.1335333e-09,2.1362931e-09,5.180587e-09,6946842,-0.055929843,-0.0020445213,-0.0020025368,0.4,4.989625e-06,4.989621e-06,4.98963e-06,8943875,0.031421345,-2.5961082e-05,-0.0064386316,0.5,6.243434e-05,6.026515e-05,0.0012487674,1,1,1
2889528536,2889527143,6684698,-0.0032106317,-0.002101915,0.001030287,0.34906584,2.1339568e-09,2.1366544e-09,5.1841096e-09,6946842,-0.055315185,-0.0010231652,-0.0019999514,0.4,4.9911687e-06,4.9911687e-06,4.9912005e-06,8943875,0.031421345,-2.5961082e-05,-0.0064386316,0.5,6.243434e-05,6.026515e-05,0.0012487674,1,1,1
2889612439,2889606586,6684698,-0.0032090703,-0.0020884306,0.0010221505,0.34906584,2.129812e-09,2.1324562e-09,5.171463e-09,6946842,-0.053897966,-0.00045278465,-0.0019077284,0.4,4.973746e-06,4.973746e-06,4.9737605e-06,8943875,0.031452622,0.00016040914,-0.006340109,0.5,5.825045e-05,5.7937938e-05,0.0012479874,1,1,1
2889671940,2889671086,6684698,-0.0032202853,-0.0020900315,0.0010187776,0.34906584,2.1337259e-09,2.1363502e-09,5.176282e-09,6946842,-0.053121597,0.00075909233,-0.0019082632,0.4,4.9738615e-06,4.9738615e-06,4.9739265e-06,8943875,0.031532425,0.0003075614,-0.006293061,0.5,5.6343135e-05,5.6802113e-05,0.0012476258,1,1,1
2889727637,2889726499,6684698,-0.0032337501,-0.0020862583,0.0010164077,0.34906584,2.1367685e-09,2.1393187e-09,5.183856e-09,6946842,-0.0518554,0.0016641553,-0.0017091231,0.4,4.9767054e-06,4.9767054e-06,4.9767386e-06,8943875,0.03159088,0.00034044601,-0.006203462,0.5,5.4543158e-05,5.5688215e-05,0.0012472271,1,1,1
2889800970,2889799947,6684698,-0.0032331857,-0.0020742842,0.0010090341,0.34906584,2.1332949e-09,2.1358044e-09,5.1724878e-09,6946842,-0.050457347,0.0023044636,-0.0015319019,0.4,4.961551e-06,4.961551e-06,4.961558e-06,8943875,0.031904545,0.000638547,-0.0062947483,0.5,5.125204e-05,5.352944e-05,0.0012462364,1,1,1
2889874708,2889873440,6684698,-0.0032460333,-0.0020775693,0.0010066349,0.34906584,2.1409454e-09,2.1434448e-09,5.184161e-09,6946842,-0.04981207,0.0033682173,-0.001540311,0.4,4.9672867e-06,4.9672867e-06,4.9673536e-06,8943875,0.031994253,0.0008280401,-0.0063598757,0.5,4.9749193e-05,5.248795e-05,0.0012456983,1,1,1
2889928722,2889927355,6684698,-0.0032562548,-0.002073999,0.0010050121,0.34906584,2.1437387e-09,2.1461815e-09,5.1908877e-09,6946842,-0.048734266,0.004025097,-0.0015127753,0.4,4.970272e-06,4.970272e-06,4.9703053e-06,8943875,0.032058015,0.0008592731,-0.006325751,0.5,4.8324695e-05,5.1468833e-05,0.0012451282,1,1,1
2890005078,2890003800,6684698,-0.0032546325,-0.0020632907,0.0009996924,0.34906584,2.1422009e-09,2.144616e-09,5.181324e-09,6946842,-0.04746586,0.004666863,-0.0013840497,0.4,4.955932e-06,4.955932e-06,4.9559376e-06,8943875,0.03219204,0.00095479295,-0.0063084476,0.5,4.572447e-05,4.9513314e-05,0.0012439153,1,1,1
2890064913,2890063757,6684698,-0.0032546045,-0.0020584473,0.0009941371,0.34906584,2.141686e-09,2.1440891e-09,5.1739177e-09,6946842,-0.04663034,0.0055664354,-0.0013925774,0.4,4.9443606e-06,4.9443606e-06,4.9444157e-06,8943875,0.032143768,0.0010615409,-0.006277575,0.5,4.4533535e-05,4.857533e-05,0.0012431872,1,1,1
2890148916,2890147696,6684698,-0.0032696826,-0.0020591859,0.0009950434,0.34906584,2.1531859e-09,2.155582e-09,5.195044e-09,6946842,-0.045699496,0.0059355046,-0.0013102146,0.4,4.9593373e-06,4.9593373e-06,4.9593773e-06,8943875,0.03215308,0.0010904826,-0.0061504534,0.5,4.2348394e-05,4.6774487e-05,0.0012418994,1,1,1
2890204399,2890203203,6684698,-0.0032769253,-0.002054531,0.0009940327,0.34906584,2.158155e-09,2.1605189e-09,5.203723e-09,6946842,-0.04458264,0.006154728,-0.0010042251,0.4,4.963204e-06,4.963204e-06,4.963216e-06,8943875,0.032271646,0.0011377594,-0.006100675,0.5,4.133672e-05,4.5905676e-05,0.0012415526,1,1,1
2890268852,2890267610,6684698,-0.0032740354,-0.002047198,0.0009887707,0.34906584,2.1560758e-09,2.1584317e-09,5.191925e-09,6946842,-0.043548077,0.007087442,-0.0010197321,0.4,4.9474643e-06,4.9474643e-06,4.947523e-06,8943875,0.03240858,0.0012489026,-0.0060903686,0.5,4.0382165e-05,4.5059656e-05,0.0012413356,1,1,1
2890377948,2890377031,6684698,-0.0032791223,-0.0020420025,0.0009869306,0.34906584,2.1661697e-09,2.168525e-09,5.2041718e-09,6946842,-0.04244869,0.0070662713,-0.00072731584,0.4,4.951096e-06,4.951096e-06,4.9511327e-06,8943875,0.032390952,0.0012591587,-0.0059192204,0.5,3.8617447e-05,4.344966e-05,0.0012409051,1,1,1
2890468246,2890466969,6684698,-0.0032884332,-0.0020386975,0.0009859804,0.34906584,2.1738722e-09,2.1762117e-09,5.215059e-09,6946842,-0.041111454,0.007725002,-0.00087547663,0.4,4.9553128e-06,4.9553128e-06,4.955355e-06,8943875,0.032302946,0.0011583293,-0.0057403594,0.5,3.70456e-05,4.1966836e-05,0.0012402874,1,1,1
2890593550,2890585428,6684698,-0.0032920802,-0.002034106,0.0009850587,0.34906584,2.1881101e-09,2.1904583e-09,5.235863e-09,6946842,-0.040370286,0.00658959,-0.00037993654,0.4,4.9670693e-06,4.9670693e-06,4.9670693e-06,8943875,0.032166168,0.0012196762,-0.0055978224,0.5,3.563394e-05,4.0593226e-05,0.0012397924,1,1,1
2890665997,2890660374,6684698,-0.0033014992,-0.0020359396,0.0009836038,0.34906584,2.1963713e-09,2.1987159e-09,5.2466627e-09,6946842,-0.039492067,0.007814609,-0.0004138635,0.4,4.9709365e-06,4.9709365e-06,4.970979e-06,8943875,0.0321714,0.0012738192,-0.0054195994,0.5,3.437435e-05,3.932423e-05,0.0012394701,1,1,1
2890796103,2890787782,6684698,-0.0033185177,-0.0020406565,0.0009874507,0.34906584,2.220853e-09,2.2232158e-09,5.2891194e-09,6946842,-0.038951524,0.0067792223,0.00025793439,0.4,5.001939e-06,5.001939e-06,5.001939e-06,8943875,0.032171514,0.0013215358,-0.0052978126,0.5,3.324054e-05,3.8148788e-05,0.0012392825,1,1,1
2890871512,2890870222,6684698,-0.0033287415,-0.0020431294,0.0009871218,0.34906584,2.2311861e-09,2.2335507e-09,5.3039932e-09,6946842,-0.038049005,0.0076916562,0.00022864423,0.4,5.009498e-06,5.009498e-06,5.0095455e-06,8943875,0.032225978,0.0013873219,-0.00516167,0.5,3.222212e-05,3.705213e-05,0.0012389722,1,1,1
2890892870,2890889661,6684698,-0.0033234968,-0.0020378814,0.000985448,0.34906584,2.2314195e-09,2.2337818e-09,5.302321e-09,6946842,-0.037906643,0.006678755,0.000847348,0.4,5.0069857e-06,5.0069857e-06,5.0069857e-06,8943875,0.03224221,0.001389148,-0.0051594833,0.5,3.2218715e-05,3.705209e-05,0.0012389715,1,1,1
2891064737,2891059040,6684698,-0.00330463,-0.0020226003,0.0009771835,0.34906584,2.2342177e-09,2.2365574e-09,5.2870486e-09,6946842,-0.03693083,0.006388461,0.0012743688,0.4,4.979324e-06,4.979324e-06,4.979368e-06,8943875,0.032231413,0.0015802722,-0.004705499,0.5,3.0463954e-05,3.507707e-05,0.0012365805,1,1,1
2891150099,2891148974,6684698,-0.003314741,-0.0020279472,0.0009813526,0.34906584,2.2518827e-09,2.2542224e-09,5.316804e-09,6946842,-0.037299387,0.005403515,0.0015601637,0.4,5.000541e-06,5.000541e-06,5.0005874e-06,8943875,0.03212571,0.001551424,-0.0046537598,0.5,2.9707322e-05,3.420493e-05,0.0012351361,1,1,1
2891196035,2891187946,6684698,-0.003311751,-0.0020238725,0.0009817792,0.34906584,2.2550273e-09,2.2573599e-09,5.319034e-09,6946842,-0.037124477,0.004520868,0.002049701,0.4,4.999685e-06,4.999685e-06,4.999685e-06,8943875,0.03211866,0.0015491644,-0.0046531404,0.5,2.9705048e-05,3.4204688e-05,0.0012351357,1,1,1
2891298924,2891292870,6684698,-0.00331275,-0.0020219316,0.0009821894,0.34906584,2.2679065e-09,2.2702205e-09,5.3350795e-09,6946842,-0.037283905,0.0033141042,0.0027174347,0.4,5.0060135e-06,5.0060135e-06,5.0060135e-06,8943875,0.03218342,0.0016345516,-0.0043949904,0.5,2.869322e-05,3.302142e-05,0.0012331262,1,1,1
2891404322,2891397795,6684698,-0.0033257997,-0.002025921,0.00098861,0.34906584,2.2890216e-09,2.2913245e-09,5.3702416e-09,6946842,-0.037408695,0.0016994547,0.0028498445,0.4,5.03016e-06,5.03016e-06,5.03016e-06,8943875,0.032144234,0.0015429144,-0.004393604,0.5,2.8083898e-05,3.2300213e-05,0.0012316278,1,1,1
2891496543,2891495224,6684698,-0.0033358545,-0.0020294436,0.0009921398,0.34906584,2.3071023e-09,2.309395e-09,5.3989524e-09,6946842,-0.03767849,0.00068289833,0.0032781735,0.4,5.0491044e-06,5.0491044e-06,5.0491044e-06,8943875,0.03208596,0.0015538494,-0.0042133173,0.5,2.7517843e-05,3.161914e-05,0.0012294797,1,1,1
2891594356,2891591155,6684698,-0.003345037,-0.0020314162,0.0009955739,0.34906584,2.3229552e-09,2.3252347e-09,5.4236917e-09,6946842,-0.037708845,-0.00043025144,0.0037622694,0.4,5.0652247e-06,5.0652247e-06,5.0652247e-06,8943875,0.03207049,0.0015929325,-0.0040652542,0.5,2.7249378e-05,3.129228e-05,0.0012281134,1,1,1
2891692001,2891688585,6684698,-0.003314481,-0.002008275,0.0009876654,0.34906584,2.3115425e-09,2.3137752e-09,5.383993e-09,6946842,-0.03730798,-0.001775612,0.0040078354,0.4,5.0202975e-06,5.0202975e-06,5.0202975e-06,8943875,0.0320432,0.0016025273,-0.0038902771,0.5,2.6741864e-05,3.0663155e-05,0.0012243243,1,1,1
2891863578,2891857965,6684698,-0.0033108846,-0.002001221,0.0009886735,0.34906584,2.325816e-09,2.3280164e-09,5.394908e-09,6946842,-0.03754303,-0.0030685202,0.004144319,0.4,5.0170056e-06,5.0170056e-06,5.017074e-06,8943875,0.032006595,0.0015125796,-0.0038744842,0.5,2.582945e-05,2.9497776e-05,0.0012102785,1,1,1
2891946038,2891940408,6684698,-0.0033067055,-0.0019946005,0.0009884561,0.34906584,2.3313682e-09,2.333552e-09,5.3972733e-09,6946842,-0.038168963,-0.0040881354,0.0043741106,0.4,5.0134227e-06,5.0134227e-06,5.013462e-06,8943875,0.03192719,0.001474098,-0.0039103683,0.5,2.5419246e-05,2.8971344e-05,0.0012026578,1,1,1
2892016364,2892015349,6684698,-0.0033227084,-0.0019996283,0.0009940758,0.34906584,2.3489948e-09,2.3511868e-09,5.4295297e-09,6946842,-0.038768996,-0.005137866,0.004427081,0.4,5.0379017e-06,5.0379017e-06,5.0379113e-06,8943875,0.031846233,0.0014485434,-0.0039339075,0.5,2.5222736e-05,2.872208e-05,0.0011993408,1,1,1
2892101056,2892097789,6684698,-0.0033080357,-0.0019858514,0.0009926434,0.34906584,2.3453237e-09,2.3474964e-09,5.4108398e-09,6946842,-0.038756955,-0.0061974097,0.0041523227,0.4,5.014933e-06,5.014933e-06,5.014933e-06,8943875,0.031783033,0.0013475238,-0.004191504,0.5,2.5032637e-05,2.8481894e-05,0.0011963104,1,1,1
2892186380,2892180229,6684698,-0.0032880888,-0.0019680292,0.0009878062,0.34906584,2.3377613e-09,2.339929e-09,5.3839946e-09,6946842,-0.038920626,-0.0071877553,0.0040023904,0.4,4.9838845e-06,4.9838845e-06,4.9838845e-06,8943875,0.031711303,0.0012719521,-0.004290958,0.5,2.4674076e-05,2.8027825e-05,0.0011910034,1,1,1
2892269851,2892264215,6684698,-0.00328,-0.0019552016,0.000988352,0.34906584,2.3379658e-09,2.340129e-09,5.374691e-09,6946842,-0.03943211,-0.008431544,0.0039486657,0.4,4.969852e-06,4.969852e-06,4.9698883e-06,8943875,0.031697396,0.0011667428,-0.0044732722,0.5,2.4337325e-05,2.7604958e-05,0.001187163,1,1,1
2892355067,2892354151,6684698,-0.003280722,-0.001949633,0.00099102,0.34906584,2.3462157e-09,2.3483835e-09,5.3829634e-09,6946842,-0.039950985,-0.009288089,0.003830725,0.4,4.9712403e-06,4.9712403e-06,4.971274e-06,8943875,0.031675972,0.0010511826,-0.004649203,0.5,2.4017269e-05,2.7207816e-05,0.0011844817,1,1,1
2892472373,2892466569,6684698,-0.0032764783,-0.0019367906,0.000991467,0.34906584,2.3505355e-09,2.3527258e-09,5.3812133e-09,6946842,-0.04055352,-0.010568125,0.0036065318,0.4,4.9619316e-06,4.9619316e-06,4.9619625e-06,8943875,0.031639002,0.0009892358,-0.004689994,0.5,2.3717148e-05,2.6833479e-05,0.0011823198,1,1,1
2892588568,2892586483,6684698,-0.003269005,-0.0019240679,0.0009892466,0.34906584,2.3548412e-09,2.3570652e-09,5.375278e-09,6946842,-0.041306198,-0.011360038,0.0031464717,0.4,4.951072e-06,4.951072e-06,4.951072e-06,8943875,0.03157969,0.00094127265,-0.0047360137,0.5,2.356716e-05,2.6652117e-05,0.001181546,1,1,1
2892691376,2892685364,6684698,-0.0032767137,-0.001921139,0.0009915591,0.34906584,2.3673097e-09,2.3695923e-09,5.391578e-09,6946842,-0.042085197,-0.012020299,0.003023906,0.4,4.961822e-06,4.961822e-06,4.961822e-06,8943875,0.03157969,0.00094127265,-0.0047360137,0.5,2.356716e-05,2.6652117e-05,0.001181546,1,1,1
2892895477,2892889217,6684698,-0.003279967,-0.0019150872,0.0009954283,0.34906584,2.3861162e-09,2.3884987e-09,5.410616e-09,6946842,-0.043177217,-0.012401295,0.0024480657,0.4,4.9704236e-06,4.9704236e-06,4.9704236e-06,8943875,0.03157969,0.00094127265,-0.0047360137,0.5,2.356716e-05,2.6652117e-05,0.001181546,1,1,1
2893189247,2893187501,6684698,-0.0032944023,-0.0019137001,0.0010039732,0.34906584,2.415783e-09,2.4183295e-09,5.445378e-09,6946842,-0.04390885,-0.013072736,0.001402815,0.4,4.988875e-06,4.988875e-06,4.988875e-06,8943875,0.03157969,0.00094127265,-0.0047360137,0.5,2.356716e-05,2.6652117e-05,0.001181546,1,1,1
2893406178,2893400346,6684698,-0.0032911068,-0.0018982345,0.0010065901,0.34906584,2.4230795e-09,2.4257347e-09,5.4432725e-09,6946842,-0.044473443,-0.013762409,0.0004148491,0.4,4.9774253e-06,4.9774253e-06,4.9774253e-06,8943875,0.03157969,0.00094127265,-0.0047360137,0.5,2.356716e-05,2.6652117e-05,0.001181546,1,1,1
2893542498,2893541244,6684698,-0.003287892,-0.0018819063,0.0010082626,0.34906584,2.4222988e-09,2.425024e-09,5.4323777e-09,6946842,-0.044867538,-0.014502775,-0.00017592937,0.4,4.961907e-06,4.961907e-06,4.961937e-06,8943875,0.03157969,0.00094127265,-0.0047360137,0.5,2.356716e-05,2.6652117e-05,0.001181546,1,1,1
2893691398,2893689636,6684698,-0.0032920165,-0.0018746876,0.0010145634,0.34906584,2.4342517e-09,2.4370381e-09,5.450942e-09,6946842,-0.045742176,-0.014612171,-0.0012717302,0.4,4.9721866e-06,4.9721866e-06,4.9721866e-06,8943875,0.03157969,0.00094127265,-0.0047360137,0.5,2.356716e-05,2.6652117e-05,0.001181546,1,1,1
2893890729,2893888992,6684698,-0.0032968193,-0.0018660445,0.0010202673,0.34906584,2.4458775e-09,2.4487046e-09,5.467567e-09,6946842,-0.046426654,-0.014890993,-0.0021479991,0.4,4.978127e-06,4.978127e-06,4.978127e-06,8943875,0.03157969,0.00094127265,-0.0047360137,0.5,2.356716e-05,2.6652117e-05,0.001181546,1,1,1
2894092931,2894089846,6684698,-0.0032942244,-0.0018586424,0.0010214184,0.34906584,2.4558326e-09,2.458649e-09,5.4843445e-09,6946842,-0.04708894,-0.014706243,-0.0028912262,0.4,4.9841033e-06,4.9841033e-06,4.9841033e-06,8943875,0.03157969,0.00094127265,-0.0047360137,0.5,2.356716e-05,2.6652117e-05,0.001181546,1,1,1
2894392991,2894386630,6684698,-0.0032668768,-0.0018451477,0.0010190817,0.34906584,2.4582882e-09,2.4609481e-09,5.4853264e-09,6946842,-0.047555,-0.013910471,-0.0037128194,0.4,4.9715245e-06,4.9715245e-06,4.9715245e-06,8943875,0.03157969,0.00094127265,-0.0047360137,0.5,2.356716e-05,2.6652117e-05,0.001181546,1,1,1
2894548344,2894547014,6684698,-0.003271246,-0.0018449984,0.0010309264,0.34906584,2.475939e-09,2.4784779e-09,5.526732e-09,6946842,-0.048404165,-0.013447704,-0.0040134466,0.4,5.001727e-06,5.001727e-06,5.001769e-06,8943875,0.03157969,0.00094127265,-0.0047360137,0.5,2.356716e-05,2.6652117e-05,0.001181546,1,1,1
2894788898,2894786839,6684698,-0.0032448922,-0.0018286713,0.0010286887,0.34906584,2.4719529e-09,2.4742584e-09,5.521995e-09,6946842,-0.048801806,-0.012838768,-0.0051364196,0.4,4.9879313e-06,4.9879313e-06,4.9879313e-06,8943875,0.03157969,0.00094127265,-0.0047360137,0.5,2.356716e-05,2.6652117e-05,0.001181546,1,1,1
2895015728,2895010177,6684698,-0.0032320751,-0.0018198935,0.0010336728,0.34906584,2.4794076e-09,2.481511e-09,5.5508482e-09,6946842,-0.049527496,-0.012158919,-0.005661218,0.4,5.0041886e-06,5.0041886e-06,5.004209e-06,8943875,0.03157969,0.00094127265,-0.0047360137,0.5,2.356716e-05,2.6652117e-05,0.001181546,1,1,1
2895670805,2895669697,6684698,-0.00320936,-0.0017956154,0.0010433171,0.34906584,2.4737392e-09,2.4753697e-09,5.5752793e-09,6946842,-0.050112028,-0.011693959,-0.006327972,0.4,5.0000417e-06,5.0000417e-06,5.000099e-06,8943875,0.03157969,0.00094127265,-0.0047360137,0.5,2.356716e-05,2.6652117e-05,0.001181546,1,1,1
2896395520,2896389173,6684698,-0.0032184974,-0.0017565627,0.0010641451,0.34906584,2.4596503e-09,2.460912e-09,5.609325e-09,6946842,-0.050929815,-0.011750482,-0.0057069804,0.4,5.006323e-06,5.006323e-06,5.006323e-06,8943875,0.03157969,0.00094127265,-0.0047360137,0.5,2.356716e-05,2.6652117e-05,0.001181546,1,1,1
2896828075,2896826854,6684698,-0.003205539,-0.0017597595,0.001062205,0.34906584,2.4373359e-09,2.4386488e-09,5.616111e-09,6946842,-0.05066978,-0.011729027,-0.0047398005,0.4,4.9948826e-06,4.9948826e-06,4.994916e-06,8943875,0.03157969,0.00094127265,-0.0047360137,0.5,2.356716e-05,2.6652117e-05,0.001181546,1,1,1
2897494311,2897487920,6684698,-0.003209778,-0.0017970215,0.0010635587,0.34906584,2.4025884e-09,2.404147e-09,5.6333755e-09,6946842,-0.05028726,-0.012109583,-0.0038451392,0.4,4.9898777e-06,4.9898777e-06,4.9898777e-06,8943875,0.03157969,0.00094127265,-0.0047360137,0.5,2.356716e-05,2.6652117e-05,0.001181546,1,1,1
2898285565,2898279298,6684698,-0.0031781674,-0.0018305606,0.0010753908,0.34906584,2.358978e-09,2.3606839e-09,5.6603247e-09,6946842,-0.04983949,-0.012313429,-0.0047241114,0.4,4.987018e-06,4.987018e-06,4.987018e-06,8943875,0.03157969,0.00094127265,-0.0047360137,0.5,2.356716e-05,2.6652117e-05,0.001181546,1,1,1
2898466154,2898460666,6684698,-0.0031764505,-0.0018400133,0.0010795604,0.34906584,2.3618192e-09,2.3636044e-09,5.672728e-09,6946842,-0.049847383,-0.012397898,-0.004911999,0.4,4.995616e-06,4.995616e-06,4.9956516e-06,8943875,0.031571038,0.00092635775,-0.0034531911,0.5,2.3349718e-05,2.6374293e-05,0.00089445245,1,1,1
2898595844,2898594069,6684698,-0.0031781937,-0.0018509764,0.0010918444,0.34906584,2.3395628e-09,2.3414994e-09,5.6651577e-09,6946842,-0.04986228,-0.012779513,-0.005465386,0.4,4.9895752e-06,4.9895752e-06,4.989584e-06,8943875,0.031505503,0.00061235105,-0.0023892731,0.5,2.2749175e-05,2.5610121e-05,0.0007142806,1,1,1
2898692956,2898691498,6684698,-0.0031962744,-0.0018702935,0.0011065059,0.34906584,2.3451252e-09,2.3471463e-09,5.6893756e-09,6946842,-0.05013703,-0.0131521495,-0.005585557,0.4,5.010147e-06,5.010147e-06,5.010147e-06,8943875,0.031446654,0.00038024658,-0.0014161379,0.5,2.2386523e-05,2.5151327e-05,0.0006792052,1,1,1
2898874268,2898871369,6684698,-0.0032311413,-0.0018905987,0.0011450979,0.34906584,2.3446962e-09,2.3468136e-09,5.7112084e-09,6946842,-0.05087576,-0.013854673,-0.0058249673,0.4,5.027661e-06,5.027661e-06,5.0277486e-06,8943875,0.031140339,-4.8731214e-05,-0.001184097,0.5,2.1889693e-05,2.4527166e-05,0.00065247883,1,1,1
2898994766,2898991280,6684698,-0.0032887575,-0.0019163985,0.0011752319,0.34906584,2.3606366e-09,2.3627642e-09,5.774958e-09,6946842,-0.05193878,-0.014265285,-0.0063471356,0.4,5.0803824e-06,5.0803824e-06,5.0803824e-06,8943875,0.03087087,-0.0002173989,-0.0012081433,0.5,2.1584761e-05,2.4147592e-05,0.0006416307,1,1,1
2899142663,2899139672,6684698,-0.003330654,-0.0019063227,0.0011985181,0.34906584,2.3432445e-09,2.3453135e-09,5.765468e-09,6946842,-0.052973837,-0.014182258,-0.006492183,0.4,5.0694407e-06,5.0694407e-06,5.0694753e-06,8943875,0.030442806,-0.00034016304,-0.0014397962,0.5,2.1159523e-05,2.3623032e-05,0.0006302816,1,1,1
2899307008,2899306052,6684698,-0.0033683954,-0.0019243237,0.0012206488,0.34906584,2.34237e-09,2.3443585e-09,5.79631e-09,6946842,-0.053964965,-0.0144240605,-0.006604656,0.4,5.0913036e-06,5.0913036e-06,5.0913036e-06,8943875,0.030067291,-0.00032852666,-0.001978923,0.5,2.0642185e-05,2.2990173e-05,0.0006208584,1,1,1
2899479371,2899473976,6684698,-0.0033981344,-0.0019328254,0.0012364029,0.34906584,2.332111e-09,2.3340059e-09,5.8070633e-09,6946842,-0.054984126,-0.01436246,-0.006527363,0.4,5.0963504e-06,5.0963504e-06,5.0963986e-06,8943875,0.02988036,-0.00012310373,-0.002341928,0.5,2.02843e-05,2.2554177e-05,0.00061626494,1,1,1
2899691350,2899685276,6684698,-0.0034176304,-0.0019619411,0.001257253,0.34906584,2.312317e-09,2.3140925e-09,5.82481e-09,6946842,-0.056067653,-0.014923123,-0.0064330325,0.4,5.106787e-06,5.106787e-06,5.106787e-06,8943875,0.029616535,0.00017686021,-0.0026330973,0.5,1.9839814e-05,2.201025e-05,0.000610663,1,1,1
2899810744,2899805189,6684698,-0.003425144,-0.0019681447,0.0012659295,0.34906584,2.2888085e-09,2.2905506e-09,5.795104e-09,6946842,-0.05708225,-0.015047957,-0.006645513,0.4,5.0795584e-06,5.0795584e-06,5.0795757e-06,8943875,0.029445287,0.00032486967,-0.0028329177,0.5,1.9526755e-05,2.162779e-05,0.0006060103,1,1,1
2899950257,2899949084,6684698,-0.0034421757,-0.0019873227,0.0012771043,0.34906584,2.277164e-09,2.2788933e-09,5.793242e-09,6946842,-0.058287464,-0.015501456,-0.0068019964,0.4,5.0746303e-06,5.0746303e-06,5.0746753e-06,8943875,0.02928259,0.0003916126,-0.0031903626,0.5,1.9228231e-05,2.1265578e-05,0.0006019393,1,1,1
2900091752,2900083986,6684698,-0.0034378094,-0.0020041536,0.001279558,0.34906584,2.2546323e-09,2.2563715e-09,5.763997e-09,6946842,-0.059233766,-0.016252404,-0.0065404633,0.4,5.0455305e-06,5.0455305e-06,5.045617e-06,8943875,0.029180996,0.00038325082,-0.0035552373,0.5,1.9034129e-05,2.1031507e-05,0.0005994082,1,1,1
2900139327,2900137947,6684698,-0.0034507394,-0.002029189,0.0012886532,0.34906584,2.2530329e-09,2.2547932e-09,5.786689e-09,6946842,-0.059933387,-0.01701528,-0.006409512,0.4,5.0630424e-06,5.0630424e-06,5.0630742e-06,8943875,0.02913145,0.000472823,-0.0036039408,0.5,1.8844436e-05,2.0803112e-05,0.0005969749,1,1,1
2900249894,2900244369,6684698,-0.0034668061,-0.0020548885,0.001303973,0.34906584,2.2591997e-09,2.2610116e-09,5.8185954e-09,6946842,-0.0606653,-0.017781874,-0.0066238106,0.4,5.0871e-06,5.0871e-06,5.087129e-06,8943875,0.029034618,0.0005249603,-0.0037527976,0.5,1.8655704e-05,2.057718e-05,0.0005948172,1,1,1
2900295692,2900287838,6684698,-0.0034701475,-0.0020768007,0.0013117691,0.34906584,2.2521887e-09,2.2540476e-09,5.829769e-09,6946842,-0.061134364,-0.018686378,-0.0069172108,0.4,5.096292e-06,5.096292e-06,5.096292e-06,8943875,0.029034618,0.0005249603,-0.0037527976,0.5,1.8655712e-05,2.0577187e-05,0.0005948172,1,1,1
2900350366,2900344796,6684698,-0.003484167,-0.0020945868,0.0013173532,0.34906584,2.2503601e-09,2.2522546e-09,5.831397e-09,6946842,-0.062309656,-0.019208308,-0.006945949,0.4,5.095332e-06,5.095332e-06,5.0953745e-06,8943875,0.028914604,0.0006111327,-0.0040266076,0.5,1.8470133e-05,2.0355328e-05,0.0005929011,1,1,1
2900400458,2900398757,6684698,-0.0034530445,-0.002089507,0.0013163394,0.34906584,2.2384263e-09,2.2403526e-09,5.809401e-09,6946842,-0.061393462,-0.019668108,-0.006943226,0.4,5.0746426e-06,5.0746426e-06,5.0746426e-06,8943875,0.028871872,0.00063151313,-0.0040759086,0.5,1.8377521e-05,2.0244874e-05,0.0005920282,1,1,1
2900413324,2900407751,6684698,-0.003476596,-0.0021132228,0.0013213275,0.34906584,2.2393785e-09,2.2413311e-09,5.8280665e-09,6946842,-0.06266853,-0.020256758,-0.006994513,0.4,5.0900912e-06,5.0900912e-06,5.0900912e-06,8943875,0.028888457,0.00064999564,-0.00408521,0.5,1.8375507e-05,2.0243457e-05,0.00059202785,1,1,1
2900499938,2900491698,6684698,-0.0034502367,-0.002120714,0.001324724,0.34906584,2.2198139e-09,2.2218407e-09,5.7954126e-09,6946842,-0.06266787,-0.021259205,-0.0069977394,0.4,5.0603976e-06,5.0603976e-06,5.0603976e-06,8943875,0.028830076,0.00068040733,-0.004147701,0.5,1.8283245e-05,2.0133533e-05,0.00059120485,1,1,1
2900545459,2900542652,6684698,-0.0034617528,-0.0021411509,0.0013301169,0.34906584,2.2186224e-09,2.220696e-09,5.7988148e-09,6946842,-0.063821435,-0.022016848,-0.007035192,0.4,5.0619046e-06,5.0619046e-06,5.061933e-06,8943875,0.028782783,0.0007390379,-0.0042547863,0.5,1.8188672e-05,2.0022122e-05,0.0005904488,1,1,1
2900589836,2900581624,6684698,-0.003428366,-0.002128876,0.0013289418,0.34906584,2.2063797e-09,2.208491e-09,5.7755516e-09,6946842,-0.062543124,-0.02222517,-0.0071136975,0.4,5.041009e-06,5.041009e-06,5.041009e-06,8943875,0.02872098,0.0007574872,-0.004371569,0.5,1.8096143e-05,1.9912295e-05,0.00058975344,1,1,1
2900599567,2900598159,6684698,-0.00343818,-0.002148282,0.0013298362,0.34906584,2.2022641e-09,2.2044004e-09,5.7780802e-09,6946842,-0.063620724,-0.022981219,-0.0071487403,0.4,5.041494e-06,5.041494e-06,5.041495e-06,8943875,0.028687835,0.00084637105,-0.004421085,0.5,1.800387e-05,1.9802888e-05,0.000589106,1,1,1
2900685621,2900682051,6684698,-0.0034245236,-0.0021638437,0.001337633,0.34906584,2.1944992e-09,2.1967197e-09,5.7725447e-09,6946842,-0.06370396,-0.02417006,-0.007547037,0.4,5.0355015e-06,5.0355015e-06,5.0355015e-06,8943875,0.02865612,0.0008770273,-0.004413343,0.5,1.7911205e-05,1.9693114e-05,0.00058852014,1,1,1
2900753595,2900752500,6684698,-0.0034435512,-0.0021900171,0.0013458413,0.34906584,2.2023006e-09,2.204571e-09,5.795065e-09,6946842,-0.06500642,-0.025101125,-0.007608044,0.4,5.05192e-06,5.05192e-06,5.051964e-06,8943875,0.028582426,0.0010000677,-0.004489016,0.5,1.7726024e-05,1.9474355e-05,0.00058751326,1,1,1
2900800868,2900798966,6684698,-0.0034169205,-0.0021957897,0.0013458403,0.34906584,2.185685e-09,2.1880004e-09,5.772094e-09,6946842,-0.06464937,-0.026199255,-0.0077864993,0.4,5.030477e-06,5.030477e-06,5.030477e-06,8943875,0.02858307,0.0010822557,-0.0044513284,0.5,1.763082e-05,1.936315e-05,0.0005870672,1,1,1
2900884730,2900876910,6684698,-0.0034184938,-0.0022145307,0.001353243,0.34906584,2.1871198e-09,2.1894824e-09,5.772195e-09,6946842,-0.0654869,-0.027258238,-0.007815431,0.4,5.0293893e-06,5.0293893e-06,5.0294416e-06,8943875,0.028570684,0.0011580694,-0.0043822965,0.5,1.753818e-05,1.925402e-05,0.0005866234,1,1,1
2900894928,2900893398,6684698,-0.0034001507,-0.0022065712,0.0013543925,0.34906584,2.1836066e-09,2.1859725e-09,5.7750804e-09,6946842,-0.06415427,-0.027364856,-0.0075954334,0.4,5.0301765e-06,5.0301765e-06,5.0301765e-06,8943875,0.02856338,0.0011820319,-0.0044186073,0.5,1.744553e-05,1.9144865e-05,0.00058617804,1,1,1
2900939594,2900938365,6684698,-0.003415076,-0.0022339586,0.0013639551,0.34906584,2.1930837e-09,2.195479e-09,5.8033316e-09,6946842,-0.06505641,-0.02858506,-0.0076576914,0.4,5.0533536e-06,5.0533536e-06,5.053379e-06,8943875,0.028549643,0.0012757853,-0.004302659,0.5,1.7352642e-05,1.9035264e-05,0.0005857543,1,1,1
2901001563,2900995370,6684698,-0.0034071577,-0.0022451277,0.0013713147,0.34906584,2.194301e-09,2.196711e-09,5.82229e-09,6946842,-0.06441344,-0.029606884,-0.007898037,0.4,5.067592e-06,5.067592e-06,5.067592e-06,8943875,0.028550971,0.0013155569,-0.0043321424,0.5,1.7259952e-05,1.892567e-05,0.0005853531,1,1,1
2901093303,2901085305,6684698,-0.003401439,-0.0022616545,0.0013889325,0.34906584,2.2027145e-09,2.205146e-09,5.8507186e-09,6946842,-0.06367316,-0.030939925,-0.0077800234,0.4,5.0904723e-06,5.0904723e-06,5.0904723e-06,8943875,0.028572265,0.0014140048,-0.00432712,0.5,1.716541e-05,1.8814508e-05,0.0005849323,1,1,1
2901144916,2901143716,6684698,-0.0033985889,-0.0022755438,0.0013918288,0.34906584,2.204984e-09,2.2074156e-09,5.8565988e-09,6946842,-0.063907884,-0.032031104,-0.0078053013,0.4,5.0933545e-06,5.0933545e-06,5.0933863e-06,8943875,0.028596235,0.0015950745,-0.0043583983,0.5,1.6980837e-05,1.8595236e-05,0.0005839421,1,1,1
2901190645,2901182743,6684698,-0.0033778579,-0.0022646452,0.0013959823,0.34906584,2.201784e-09,2.204202e-09,5.851522e-09,6946842,-0.062382516,-0.032086965,-0.008100634,0.4,5.0885237e-06,5.0885237e-06,5.0885237e-06,8943875,0.028618198,0.0015891246,-0.004369179,0.5,1.6979178e-05,1.8594108e-05,0.0005839417,1,1,1
2901204739,2901199175,6684698,-0.003380848,-0.0022843974,0.0013990036,0.34906584,2.2051054e-09,2.2075042e-09,5.8692535e-09,6946842,-0.06270168,-0.033412658,-0.008146491,0.4,5.1022425e-06,5.1022425e-06,5.1022425e-06,8943875,0.028622868,0.001676328,-0.0043477775,0.5,1.6887174e-05,1.8484514e-05,0.0005833664,1,1,1
2901264830,2901259132,6684698,-0.0033698487,-0.0022943707,0.0013999178,0.34906584,2.2029925e-09,2.205371e-09,5.8627756e-09,6946842,-0.062779576,-0.034582306,-0.008157875,0.4,5.094469e-06,5.094469e-06,5.0944964e-06,8943875,0.028655585,0.0017387077,-0.0043017226,0.5,1.679502e-05,1.8374541e-05,0.0005827691,1,1,1
2901295039,2901289120,6684698,-0.003359495,-0.0022837594,0.0014047985,0.34906584,2.1999882e-09,2.2023483e-09,5.8587473e-09,6946842,-0.061861664,-0.03422656,-0.0084235985,0.4,5.0914587e-06,5.0914587e-06,5.0914587e-06,8943875,0.028679557,0.0018099366,-0.004259613,0.5,1.6703332e-05,1.8265186e-05,0.0005822142,1,1,1
2901342894,2901340120,6684698,-0.0033652773,-0.0023043137,0.0014116953,0.34906584,2.2073208e-09,2.2096625e-09,5.878111e-09,6946842,-0.062350538,-0.035543453,-0.008477562,0.4,5.1070906e-06,5.1070906e-06,5.107107e-06,8943875,0.028678397,0.0018289536,-0.00425587,0.5,1.670177e-05,1.8264102e-05,0.00058221375,1,1,1
2901401781,2901400076,6684698,-0.0033414438,-0.0023039186,0.0014158688,0.34906584,2.2018123e-09,2.2040785e-09,5.873148e-09,6946842,-0.061049577,-0.036593847,-0.008641982,0.4,5.1008724e-06,5.1008724e-06,5.1008724e-06,8943875,0.0286757,0.0019734467,-0.004167267,0.5,1.6518981e-05,1.804608e-05,0.0005812949,1,1,1
2901492904,2901485467,6684698,-0.0033292857,-0.00231514,0.0014173529,0.34906584,2.2026756e-09,2.2049116e-09,5.8650755e-09,6946842,-0.06120742,-0.038017944,-0.00866104,0.4,5.092316e-06,5.092316e-06,5.0923654e-06,8943875,0.028654283,0.0020570885,-0.004226479,0.5,1.6424941e-05,1.7935905e-05,0.0005808821,1,1,1
2901503329,2901501956,6684698,-0.0033149815,-0.002304542,0.0014189552,0.34906584,2.1984499e-09,2.2006292e-09,5.861658e-09,6946842,-0.059981395,-0.037875332,-0.009058331,0.4,5.0878025e-06,5.0878025e-06,5.0878025e-06,8943875,0.02866484,0.002121919,-0.004195878,0.5,1.6332337e-05,1.7827033e-05,0.0005804933,1,1,1
2901535024,2901531935,6684698,-0.0033079726,-0.002314701,0.001420429,0.34906584,2.1961553e-09,2.198294e-09,5.8578347e-09,6946842,-0.060105238,-0.039013226,-0.009078359,0.4,5.0851568e-06,5.0851568e-06,5.0851568e-06,8943875,0.028672034,0.0021428047,-0.004193957,0.5,1.6330729e-05,1.7826038e-05,0.00058049255,1,1,1
2901589557,2901581398,6684698,-0.0033065465,-0.0023083116,0.0014289098,0.34906584,2.2031625e-09,2.2052613e-09,5.875278e-09,6946842,-0.058902103,-0.038655754,-0.009395621,0.4,5.0992358e-06,5.0992358e-06,5.0992358e-06,8943875,0.028707748,0.002192421,-0.004152093,0.5,1.6238175e-05,1.7717415e-05,0.0005801355,1,1,1
2901620073,2901618871,6684698,-0.0033083772,-0.0023273157,0.0014315109,0.34906584,2.2094448e-09,2.21149e-09,5.8953837e-09,6946842,-0.059134036,-0.040192924,-0.009451551,0.4,5.11339e-06,5.11339e-06,5.113397e-06,8943875,0.028724683,0.0022277678,-0.004170292,0.5,1.6145803e-05,1.760905e-05,0.0005798317,1,1,1
2901679767,2901678827,6684698,-0.003294305,-0.002338693,0.0014296068,0.34906584,2.208595e-09,2.2105835e-09,5.8897003e-09,6946842,-0.05903713,-0.04187425,-0.009472611,0.4,5.1066127e-06,5.1066127e-06,5.106644e-06,8943875,0.028745197,0.0022520877,-0.0041754865,0.5,1.6053202e-05,1.7500328e-05,0.00057958666,1,1,1
2901696080,2901692364,6684698,-0.003284578,-0.0023281563,0.0014360875,0.34906584,2.2066136e-09,2.2085545e-09,5.8887184e-09,6946842,-0.05769113,-0.04155945,-0.008929645,0.4,5.1083043e-06,5.1083043e-06,5.1083043e-06,8943875,0.0287769,0.0022461638,-0.004200683,0.5,1.6051661e-05,1.7499407e-05,0.0005795858,1,1,1
2901757864,2901756770,6684698,-0.003285933,-0.0023435454,0.0014438106,0.34906584,2.214091e-09,2.2159872e-09,5.9045737e-09,6946842,-0.057833355,-0.042853214,-0.008972532,0.4,5.120192e-06,5.120192e-06,5.120218e-06,8943875,0.028832158,0.0023954287,-0.004148338,0.5,1.5868753e-05,1.7282919e-05,0.0005791773,1,1,1
2901791631,2901785250,6684698,-0.0032743975,-0.0023280147,0.0014471062,0.34906584,2.2120683e-09,2.2139004e-09,5.9029706e-09,6946842,-0.056375366,-0.042180605,-0.009220165,0.4,5.1164056e-06,5.1164056e-06,5.1164056e-06,8943875,0.028852798,0.0023911,-0.0041655195,0.5,1.5867374e-05,1.728203e-05,0.0005791764,1,1,1
2901807658,2901806235,6684698,-0.003252494,-0.0023288648,0.0014417346,0.34906584,2.2010433e-09,2.2028133e-09,5.8752003e-09,6946842,-0.05609869,-0.043381143,-0.009205751,0.4,5.0940826e-06,5.0940826e-06,5.0940826e-06,8943875,0.028845916,0.0024689038,-0.0041054995,0.5,1.5775438e-05,1.7173492e-05,0.0005789935,1,1,1
2901889359,2901885677,6684698,-0.003218182,-0.0023177399,0.0014435393,0.34906584,2.1910984e-09,2.192744e-09,5.844305e-09,6946842,-0.05447523,-0.04428649,-0.00925699,0.4,5.0673375e-06,5.0673375e-06,5.0673375e-06,8943875,0.02886761,0.0025407653,-0.0040839505,0.5,1.5683698e-05,1.7065564e-05,0.000578812,1,1,1
2901951278,2901950130,6684698,-0.0032080587,-0.002326171,0.001445342,0.34906584,2.1922868e-09,2.1938722e-09,5.8416805e-09,6946842,-0.054348316,-0.04563621,-0.009273488,0.4,5.063378e-06,5.063378e-06,5.0634085e-06,8943875,0.028913273,0.0027309535,-0.0039943266,0.5,1.5500014e-05,1.685005e-05,0.0005784385,1,1,1
2901997048,2901989102,6684698,-0.0032011676,-0.0023129531,0.0014519418,0.34906584,2.1932873e-09,2.194821e-09,5.8413985e-09,6946842,-0.053061653,-0.04487344,-0.009539388,0.4,5.063165e-06,5.063165e-06,5.063165e-06,8943875,0.028936055,0.002726283,-0.004014243,0.5,1.5498817e-05,1.6849313e-05,0.0005784376,1,1,1
2902008348,2902007139,6684698,-0.0031913912,-0.0023196398,0.0014496505,0.34906584,2.1909399e-09,2.1924107e-09,5.839019e-09,6946842,-0.05283329,-0.04611267,-0.009553555,0.4,5.0596623e-06,5.0596623e-06,5.0596623e-06,8943875,0.02892974,0.0028151914,-0.003982739,0.5,1.5407159e-05,1.6741644e-05,0.000578263,1,1,1
2902077232,2902071542,6684698,-0.003168507,-0.0023184028,0.0014429875,0.34906584,2.185085e-09,2.1864917e-09,5.8152385e-09,6946842,-0.05239739,-0.047333006,-0.009533377,0.4,5.036575e-06,5.036575e-06,5.036617e-06,8943875,0.028928053,0.002885732,-0.003973667,0.5,1.531498e-05,1.6633845e-05,0.0005781029,1,1,1
2902093943,2902092527,6684698,-0.003162566,-0.0023094146,0.001449456,0.34906584,2.1847972e-09,2.1861524e-09,5.8138685e-09,6946842,-0.051322434,-0.046917193,-0.009220903,0.4,5.037269e-06,5.037269e-06,5.037269e-06,8943875,0.028971272,0.0029302458,-0.0039800457,0.5,1.5222437e-05,1.6525857e-05,0.0005779586,1,1,1
2902140211,2902138994,6684698,-0.00316853,-0.0023234582,0.0014558289,0.34906584,2.1947795e-09,2.1960835e-09,5.8349774e-09,6946842,-0.051382046,-0.04803112,-0.009268018,0.4,5.0548892e-06,5.0548892e-06,5.0549147e-06,8943875,0.028998429,0.0029837594,-0.0039949026,0.5,1.5130049e-05,1.6418147e-05,0.0005778194,1,1,1
2902191771,2902188458,6684698,-0.0031726542,-0.0023194337,0.0014671335,0.34906584,2.2038424e-09,2.2050952e-09,5.852891e-09,6946842,-0.050408952,-0.047493227,-0.009331685,0.4,5.0697804e-06,5.0697804e-06,5.0697804e-06,8943875,0.029012801,0.002981219,-0.0040074913,0.5,1.5129095e-05,1.641748e-05,0.00057781854,1,1,1
2902213281,2902207943,6684698,-0.0031661463,-0.0023245797,0.001465252,0.34906584,2.2029143e-09,2.204111e-09,5.853063e-09,6946842,-0.050207984,-0.04847531,-0.00934463,0.4,5.0685294e-06,5.0685294e-06,5.06853e-06,8943875,0.029043647,0.003053409,-0.003976458,0.5,1.5035527e-05,1.6309375e-05,0.00057765614,1,1,1
2902279456,2902278392,6684698,-0.003168403,-0.0023368231,0.0014711826,0.34906584,2.2130184e-09,2.2141595e-09,5.870187e-09,6946842,-0.050190065,-0.04966951,-0.009384716,0.4,5.0810463e-06,5.0810463e-06,5.081103e-06,8943875,0.029071318,0.003134789,-0.0039394004,0.5,1.4943958e-05,1.6203643e-05,0.0005774537,1,1,1
2902292424,2902288885,6684698,-0.003165053,-0.002323972,0.0014792868,0.34906584,2.2126905e-09,2.213781e-09,5.868818e-09,6946842,-0.048893876,-0.04865419,-0.009946955,0.4,5.0828203e-06,5.0828203e-06,5.0828203e-06,8943875,0.029085986,0.0031326185,-0.0039520687,0.5,1.4943142e-05,1.6203034e-05,0.000577453,1,1,1
2902410291,2902404347,6684698,-0.0031339715,-0.0023041144,0.0014786253,0.34906584,2.2066355e-09,2.207608e-09,5.8349707e-09,6946842,-0.0470565,-0.048640065,-0.009934018,0.4,5.0509125e-06,5.0509125e-06,5.0509125e-06,8943875,0.029121015,0.003348056,-0.0037099926,0.5,1.46657485e-05,1.5887697e-05,0.00057651376,1,1,1
2902415844,2902414793,6684698,-0.0031277426,-0.002310095,0.001477252,0.34906584,2.2065518e-09,2.2074722e-09,5.837808e-09,6946842,-0.04661798,-0.049816154,-0.009957487,0.4,5.052968e-06,5.052968e-06,5.052968e-06,8943875,0.02912173,0.0033678855,-0.0036977131,0.5,1.4665129e-05,1.5887192e-05,0.0005765132,1,1,1
2902491779,2902488249,6684698,-0.0031252187,-0.002309765,0.001492514,0.34906584,2.215119e-09,2.2159303e-09,5.8492575e-09,6946842,-0.04518924,-0.05015603,-0.010040042,0.4,5.064963e-06,5.064963e-06,5.064963e-06,8943875,0.029188074,0.0034354914,-0.0036647338,0.5,1.4572688e-05,1.5782978e-05,0.00057613367,1,1,1
2902553760,2902552693,6684698,-0.0031271074,-0.0023220142,0.0015009285,0.34906584,2.2271949e-09,2.2279465e-09,5.8711302e-09,6946842,-0.04453984,-0.05158126,-0.010100281,0.4,5.0829085e-06,5.0829085e-06,5.082946e-06,8943875,0.029309385,0.0035058074,-0.0036056212,0.5,1.4391019e-05,1.5578189e-05,0.00057542004,1,1,1
2902599743,2902591712,6684698,-0.003113259,-0.002300533,0.001505191,0.34906584,2.220443e-09,2.2211375e-09,5.846144e-09,6946842,-0.043365523,-0.05017791,-0.010401266,0.4,5.06191e-06,5.06191e-06,5.06191e-06,8943875,0.029327324,0.0035102842,-0.0036182948,0.5,1.4390461e-05,1.557777e-05,0.0005754196,1,1,1
2902630280,2902629184,6684698,-0.0031043738,-0.0023015414,0.0015028934,0.34906584,2.2212692e-09,2.2219089e-09,5.8451706e-09,6946842,-0.042723708,-0.051044673,-0.010414756,0.4,5.0583253e-06,5.0583253e-06,5.0583426e-06,8943875,0.029377677,0.0035258785,-0.003643888,0.5,1.4301959e-05,1.547805e-05,0.0005750796,1,1,1
2902689763,2902681646,6684698,-0.0030850335,-0.0022831145,0.001501797,0.34906584,2.2135904e-09,2.2141118e-09,5.814802e-09,6946842,-0.041183293,-0.050375093,-0.010601017,0.4,5.036201e-06,5.036201e-06,5.036201e-06,8943875,0.029386649,0.0035453371,-0.003605181,0.5,1.4215319e-05,1.5380876e-05,0.00057470636,1,1,1
2902741381,2902738558,6684698,-0.0030869632,-0.0022924717,0.0015019637,0.34906584,2.2238393e-09,2.2242996e-09,5.8307776e-09,6946842,-0.040814623,-0.05149272,-0.010655086,0.4,5.0491412e-06,5.0491412e-06,5.049171e-06,8943875,0.029379763,0.003561592,-0.0035417383,0.5,1.4130306e-05,1.5286205e-05,0.0005743033,1,1,1
2902793941,2902788022,6684698,-0.00307529,-0.0022728615,0.00150412,0.34906584,2.2198243e-09,2.2202278e-09,5.810616e-09,6946842,-0.039623152,-0.049985904,-0.010176287,0.4,5.031481e-06,5.031481e-06,5.031481e-06,8943875,0.029351093,0.0035307086,-0.0035333994,0.5,1.3968444e-05,1.5106016e-05,0.0005735496,1,1,1
2902891772,2902884000,6684698,-0.0030715612,-0.002276018,0.0015063648,0.34906584,2.2319793e-09,2.2322202e-09,5.8249023e-09,6946842,-0.03792495,-0.050961003,-0.010390901,0.4,5.0445333e-06,5.0445333e-06,5.0445333e-06,8943875,0.029351052,0.003508203,-0.0035640884,0.5,1.3890723e-05,1.5019479e-05,0.0005732641,1,1,1
2902992499,2902984383,6684698,-0.0030787839,-0.0022728033,0.0015134958,0.34906584,2.246459e-09,2.2465925e-09,5.8424563e-09,6946842,-0.03701325,-0.049902774,-0.01041806,0.4,5.0593085e-06,5.0593085e-06,5.0593085e-06,8943875,0.029285407,0.003460865,-0.0035537304,0.5,1.3743302e-05,1.48548625e-05,0.00057279796,1,1,1
2903088448,2903080310,6684698,-0.0030678674,-0.002257021,0.0015160207,0.34906584,2.2502245e-09,2.2502196e-09,5.8331704e-09,6946842,-0.035029627,-0.04845309,-0.010610562,0.4,5.051533e-06,5.051533e-06,5.051533e-06,8943875,0.029186843,0.00341864,-0.003519455,0.5,1.36058e-05,1.4701573e-05,0.00057235267,1,1,1
2903193338,2903185234,6684698,-0.0030737717,-0.002252156,0.0015232385,0.34906584,2.2664366e-09,2.2663376e-09,5.8527996e-09,6946842,-0.033780336,-0.046823267,-0.010722971,0.4,5.0668255e-06,5.0668255e-06,5.0668255e-06,8943875,0.029095542,0.0033695954,-0.003447239,0.5,1.3476398e-05,1.4557181e-05,0.0005719324,1,1,1
2903285595,2903278166,6684698,-0.0030772646,-0.002250322,0.001531014,0.34906584,2.281446e-09,2.2812512e-09,5.870618e-09,6946842,-0.032430418,-0.045556374,-0.010730836,0.4,5.0815847e-06,5.0815847e-06,5.081602e-06,8943875,0.029016268,0.0033303844,-0.0033044433,0.5,1.3354823e-05,1.4420236e-05,0.0005714233,1,1,1
2903336151,2903335125,6684698,-0.003084169,-0.0022463556,0.0015436345,0.34906584,2.2932778e-09,2.2930169e-09,5.8898473e-09,6946842,-0.03144293,-0.043772917,-0.010949677,0.4,5.0975527e-06,5.0975527e-06,5.0975555e-06,8943875,0.028894033,0.0032852776,-0.0030817292,0.5,1.3239769e-05,1.4288928e-05,0.00057072705,1,1,1
2903409752,2903404075,6684698,-0.0031002602,-0.002246603,0.0015636459,0.34906584,2.3126077e-09,2.312283e-09,5.926417e-09,6946842,-0.03074811,-0.041437414,-0.010779469,0.4,5.1276124e-06,5.1276124e-06,5.1276124e-06,8943875,0.028836975,0.0032790576,-0.0029463838,0.5,1.31840825e-05,1.4225597e-05,0.0005702883,1,1,1
2903495812,2903488015,6684698,-0.0030896643,-0.0022305716,0.0015740467,0.34906584,2.3155204e-09,2.3151208e-09,5.915839e-09,6946842,-0.029296553,-0.038840547,-0.0107917115,0.4,5.118992e-06,5.118992e-06,5.118992e-06,8943875,0.02881373,0.0032759064,-0.0028656248,0.5,1.3129965e-05,1.4164142e-05,0.00056982395,1,1,1
2903546268,2903544973,6684698,-0.00308085,-0.002220279,0.0015826994,0.34906584,2.317774e-09,2.317335e-09,5.9093934e-09,6946842,-0.028262043,-0.03717095,-0.010763856,0.4,5.1120833e-06,5.1120833e-06,5.112104e-06,8943875,0.028791374,0.0032888467,-0.0028621885,0.5,1.3025412e-05,1.404565e-05,0.00056885905,1,1,1
2903591949,2903583945,6684698,-0.0030623584,-0.002204274,0.0015784666,0.34906584,2.3084543e-09,2.3079834e-09,5.8767187e-09,6946842,-0.027698793,-0.03631904,-0.010505086,0.4,5.08393e-06,5.08393e-06,5.08393e-06,8943875,0.028790798,0.0032983392,-0.0028533787,0.5,1.3025128e-05,1.40454695e-05,0.0005688587,1,1,1
2903629955,2903624420,6684698,-0.003067883,-0.0022054017,0.0015951332,0.34906584,2.3200466e-09,2.3195537e-09,5.9003735e-09,6946842,-0.026816718,-0.034792304,-0.010533328,0.4,5.1019374e-06,5.1019374e-06,5.1019388e-06,8943875,0.028795557,0.0032977243,-0.002869075,0.5,1.297453e-05,1.39880885e-05,0.0005683827,1,1,1
2903688201,2903684372,6684698,-0.003059828,-0.002194077,0.0016035669,0.34906584,2.322026e-09,2.3214615e-09,5.8905956e-09,6946842,-0.02614175,-0.03285181,-0.010382908,0.4,5.0958974e-06,5.0958974e-06,5.0958974e-06,8943875,0.028785469,0.0033023166,-0.0028170156,0.5,1.292484e-05,1.3931602e-05,0.0005679059,1,1,1
2903749935,2903744328,6684698,-0.003051901,-0.002186417,0.0016112685,0.34906584,2.3246831e-09,2.3240811e-09,5.8852554e-09,6946842,-0.025468664,-0.031506818,-0.010367408,0.4,5.090081e-06,5.090081e-06,5.090096e-06,8943875,0.028782392,0.0032974,-0.002844097,0.5,1.2828082e-05,1.3820731e-05,0.00056689855,1,1,1
2903826479,2903825271,6684698,-0.003042753,-0.0021752622,0.0016213707,0.34906584,2.3281865e-09,2.3275342e-09,5.879495e-09,6946842,-0.02490168,-0.029646786,-0.010319668,0.4,5.0828803e-06,5.0828803e-06,5.0828803e-06,8943875,0.028778838,0.0033103775,-0.0028737483,0.5,1.2780686e-05,1.3766311e-05,0.00056640175,1,1,1
2903894788,2903891222,6684698,-0.003022135,-0.0021581254,0.0016231728,0.34906584,2.3208664e-09,2.3201483e-09,5.8467613e-09,6946842,-0.024212115,-0.028007155,-0.010356795,0.4,5.05696e-06,5.05696e-06,5.05696e-06,8943875,0.02878095,0.0033139677,-0.0028646989,0.5,1.2734239e-05,1.3712981e-05,0.0005659417,1,1,1
2903995166,2903991649,6684698,-0.003005494,-0.0021426317,0.001626304,0.34906584,2.318674e-09,2.3178908e-09,5.821089e-09,6946842,-0.023927847,-0.026695834,-0.010500644,0.4,5.0336917e-06,5.0336917e-06,5.0336917e-06,8943875,0.028774122,0.0033565322,-0.0029077719,0.5,1.2643306e-05,1.3608938e-05,0.00056514266,1,1,1
2904190105,2904186508,6684698,-0.003007074,-0.0021357501,0.0016381721,0.34906584,2.337122e-09,2.3362048e-09,5.8284475e-09,6946842,-0.024369124,-0.02550053,-0.010862475,0.4,5.037876e-06,5.037876e-06,5.037876e-06,8943875,0.028798392,0.003392285,-0.0030227911,0.5,1.2470122e-05,1.3408767e-05,0.0005636711,1,1,1
2904404172,2904391859,6684698,-0.003016352,-0.002138258,0.0016567745,0.34906584,2.3654518e-09,2.3644087e-09,5.8602225e-09,6946842,-0.024543595,-0.02443845,-0.010077239,0.4,5.0607705e-06,5.0607705e-06,5.0607705e-06,8943875,0.028801257,0.003412583,-0.0030780837,0.5,1.2269515e-05,1.317262e-05,0.00056202686,1,1,1
2904590365,2904576225,6684698,-0.0030245709,-0.002136007,0.0016788624,0.34906584,2.3861912e-09,2.385039e-09,5.8823315e-09,6946842,-0.025044844,-0.023362808,-0.010040277,0.4,5.078571e-06,5.078571e-06,5.078571e-06,8943875,0.028864585,0.0034343787,-0.003120267,0.5,1.2155458e-05,1.3039014e-05,0.00056140503,1,1,1
2904696752,2904688643,6684698,-0.0030325186,-0.0021359092,0.0016935697,0.34906584,2.4015683e-09,2.4003788e-09,5.9074874e-09,6946842,-0.0255908,-0.02245139,-0.010083087,0.4,5.098792e-06,5.098792e-06,5.098792e-06,8943875,0.02888162,0.0034134157,-0.0031011014,0.5,1.2083117e-05,1.2954727e-05,0.00056105386,1,1,1
2904886818,2904885047,6684698,-0.0030346308,-0.0021276788,0.0017033076,0.34906584,2.417528e-09,2.4163027e-09,5.923119e-09,6946842,-0.026388397,-0.021579558,-0.010002935,0.4,5.1062752e-06,5.1062752e-06,5.1062752e-06,8943875,0.028905006,0.0033896926,-0.0030699954,0.5,1.1945553e-05,1.2795104e-05,0.0005604631,1,1,1
2905043465,2905042433,6684698,-0.002980502,-0.0020791213,0.0016819177,0.34906584,2.3807114e-09,2.379505e-09,5.8218537e-09,6946842,-0.026813092,-0.020459019,-0.00948332,0.4,5.0169206e-06,5.0169206e-06,5.0169388e-06,8943875,0.02890366,0.0034115554,-0.003115244,0.5,1.1848611e-05,1.268186e-05,0.000559907,1,1,1
2905165048,2905163798,6684698,-0.002940476,-0.002045395,0.0016685872,0.34906584,2.358914e-09,2.3577307e-09,5.759227e-09,6946842,-0.02699891,-0.019276768,-0.0092661325,0.4,4.9624255e-06,4.9624255e-06,4.9624587e-06,8943875,0.028916305,0.0033759237,-0.0030299984,0.5,1.1756825e-05,1.2574564e-05,0.0005593592,1,1,1
2905301616,2905298700,6684698,-0.0029013457,-0.0020048432,0.0016513531,0.34906584,2.3312259e-09,2.3301083e-09,5.6856706e-09,6946842,-0.027552621,-0.018477961,-0.009024284,0.4,4.897313e-06,4.897313e-06,4.897313e-06,8943875,0.028917203,0.003363928,-0.0029518092,0.5,1.1697624e-05,1.2505162e-05,0.00055891974,1,1,1
2905555999,2905555014,6684698,-0.00284785,-0.0019498328,0.0016255158,0.34906584,2.294591e-09,2.2937257e-09,5.5770957e-09,6946842,-0.0282069,-0.017681912,-0.008775746,0.4,4.8065513e-06,4.8065513e-06,4.8065795e-06,8943875,0.028879035,0.0033415959,-0.002928683,0.5,1.1640681e-05,1.2438385e-05,0.00055846915,1,1,1
2905893759,2905892270,6684698,-0.0027898091,-0.0018977257,0.0015955791,0.34906584,2.266723e-09,2.2660125e-09,5.454473e-09,6946842,-0.028170872,-0.017172374,-0.0076367455,0.4,4.7041567e-06,4.7041567e-06,4.7041567e-06,8943875,0.028879035,0.0033415959,-0.002928683,0.5,1.1640681e-05,1.2438385e-05,0.00055846915,1,1,1
2906195380,2906193551,6684698,-0.0027588396,-0.0018622662,0.001579014,0.34906584,2.2545474e-09,2.2540283e-09,5.3756235e-09,6946842,-0.028396362,-0.016899094,-0.0066165063,0.4,4.6468435e-06,4.6468435e-06,4.6468435e-06,8943875,0.028879035,0.0033415959,-0.002928683,0.5,1.1640681e-05,1.2438385e-05,0.00055846915,1,1,1
2906595568,2906593808,6684698,-0.0027374877,-0.0018185136,0.0015631384,0.34906584,2.2455613e-09,2.245313e-09,5.311614e-09,6946842,-0.029099805,-0.016680539,-0.0058271657,0.4,4.6005534e-06,4.6005534e-06,4.6005534e-06,8943875,0.028879035,0.0033415959,-0.002928683,0.5,1.1640681e-05,1.2438385e-05,0.00055846915,1,1,1
2906887844,2906886095,6684698,-0.002713291,-0.0017801602,0.001545467,0.34906584,2.2314375e-09,2.231248e-09,5.264542e-09,6946842,-0.029604107,-0.016276697,-0.0048092348,0.4,4.563076e-06,4.563076e-06,4.563076e-06,8943875,0.028879035,0.0033415959,-0.002928683,0.5,1.1640681e-05,1.2438385e-05,0.00055846915,1,1,1
2907288099,2907286259,6684698,-0.0027065,-0.0017421863,0.0015338076,0.34906584,2.2226654e-09,2.2224147e-09,5.2290443e-09,6946842,-0.030348878,-0.016144745,-0.0041542663,0.4,4.5416446e-06,4.5416446e-06,4.5416446e-06,8943875,0.028879035,0.0033415959,-0.002928683,0.5,1.1640681e-05,1.2438385e-05,0.00055846915,1,1,1
2907692628,2907686468,6684698,-0.0027177576,-0.0017180006,0.0015328635,0.34906584,2.2303124e-09,2.2299742e-09,5.235896e-09,6946842,-0.031246504,-0.016029872,-0.0034099673,0.4,4.559003e-06,4.559003e-06,4.559003e-06,8943875,0.028879035,0.0033415959,-0.002928683,0.5,1.1640681e-05,1.2438385e-05,0.00055846915,1,1,1
2907791651,2907785443,6684698,-0.0027936776,-0.0017604409,0.0015744203,0.34906584,2.2943403e-09,2.2939763e-09,5.3828964e-09,6946842,-0.032256525,-0.016440978,-0.0033193515,0.4,4.686144e-06,4.686144e-06,4.686144e-06,8943875,0.028879035,0.0033415959,-0.002928683,0.5,1.1640681e-05,1.2438385e-05,0.00055846915,1,1,1
2907866028,2907860389,6684698,-0.002876228,-0.0018124543,0.0016204779,0.34906584,2.3717848e-09,2.3714084e-09,5.5403375e-09,6946842,-0.033209417,-0.016925892,-0.0034174111,0.4,4.8246984e-06,4.8246607e-06,4.8247016e-06,8943875,0.028879035,0.0033415959,-0.002928683,0.5,1.1640681e-05,1.2438385e-05,0.00055846915,1,1,1
2907925630,2907920345,6684698,-0.002944479,-0.00184405,0.0016560114,0.34906584,2.4215057e-09,2.4211e-09,5.6651093e-09,6946842,-0.034174565,-0.01737364,-0.003194601,0.4,4.9318564e-06,4.931838e-06,4.9318583e-06,8943875,0.028879035,0.0033415959,-0.002928683,0.5,1.1640681e-05,1.2438385e-05,0.00055846915,1,1,1
2908026334,2908025269,6684698,-0.0030148516,-0.0018848306,0.001699103,0.34906584,2.481831e-09,2.481397e-09,5.8123595e-09,6946842,-0.03519347,-0.017687337,-0.0031768996,0.4,5.0567237e-06,5.0567237e-06,5.0567237e-06,8943875,0.028879035,0.0033415959,-0.002928683,0.5,1.1640681e-05,1.2438385e-05,0.00055846915,1,1,1
2908391297,2908389458,6684698,-0.003049785,-0.0018765371,0.0017086315,0.34906584,2.4991182e-09,2.4986186e-09,5.85774e-09,6946842,-0.036203995,-0.017906426,-0.00262456,0.4,5.1057673e-06,5.1057673e-06,5.1057673e-06,8943875,0.028879035,0.0033415959,-0.002928683,0.5,1.1640681e-05,1.2438385e-05,0.00055846915,1,1,1
2908786895,2908785171,6684698,-0.0030167787,-0.001843867,0.0016858897,0.34906584,2.4648121e-09,2.4642879e-09,5.7909655e-09,6946842,-0.035930622,-0.017666869,-0.0014414372,0.4,5.051222e-06,5.051208e-06,5.051161e-06,8943875,0.028879035,0.0033415959,-0.002928683,0.5,1.1640681e-05,1.2438385e-05,0.00055846915,1,1,1
2909287574,2909285808,6684698,-0.0030027637,-0.0018284484,0.0016781715,0.34906584,2.4364708e-09,2.435983e-09,5.752116e-09,6946842,-0.035764012,-0.017584946,-0.0004520999,0.4,5.0277995e-06,5.027785e-06,5.0277386e-06,8943875,0.028879035,0.0033415959,-0.002928683,0.5,1.1640681e-05,1.2438385e-05,0.00055846915,1,1,1
2909890225,2909888371,6684698,-0.002968837,-0.0018226006,0.001674142,0.34906584,2.3872386e-09,2.3868942e-09,5.6895844e-09,6946842,-0.035503693,-0.017456949,0.0006318285,0.4,4.991203e-06,4.9911887e-06,4.9911428e-06,8943875,0.028879035,0.0033415959,-0.002928683,0.5,1.1640681e-05,1.2438385e-05,0.00055846915,1,1,1
