timestamp,roll_body,pitch_body,yaw_body,yaw_sp_move_rate,q_d[0],q_d[1],q_d[2],q_d[3],thrust_body[0],thrust_body[1],thrust_body[2],roll_reset_integral,pitch_reset_integral,yaw_reset_integral,fw_control_yaw,apply_flaps
2874002209,-0.0012281202,-0.0072205374,0.27205163,0.0,0.9907564,-0.0001188082,-0.003660181,0.1356036,0.0,0.0,-0.23924616,0,0,0,0,0
2874015683,0.0019029018,-0.009751164,0.272299,0.0,0.99073315,0.0016043909,-0.004701304,0.13573217,0.0,0.0,-0.24313712,0,0,0,0,0
2874051609,-0.001348879,-0.013173461,0.2721576,0.0,0.99073446,0.0002253539,-0.006617283,0.13565184,0.0,0.0,-0.2555931,0,0,0,0,0
2874093004,-0.002679536,-0.0151478,0.27198392,0.0,0.99073946,-0.00030055287,-0.007685525,0.13555913,0.0,0.0,-0.26953286,0,0,0,0,0
2874151960,0.00239973,-0.004497669,0.2719794,0.0,0.9907641,0.0014936604,-0.0020654027,0.13557318,0.0,0.0,-0.28926235,0,0,0,0,0
2874201599,-0.0056211576,-0.017591855,0.27203032,0.0,0.99072534,-0.0015918354,-0.009095632,0.1355659,0.0,0.0,-0.30665907,0,0,0,0,0
2874254018,-0.01711827,-0.006394003,0.27160215,0.0,0.99075556,-0.0080473805,-0.0043261964,0.1353513,0.0,0.0,-0.32614237,0,0,0,0,0
2874301928,-0.009480657,-0.01388863,0.27185884,0.0,0.99074525,-0.0037554575,-0.007522477,0.13547382,0.0,0.0,-0.34317622,0,0,0,0,0
2874349996,-0.0016079557,-0.009501543,0.27145183,0.0,0.9907924,-0.00015375263,-0.0048158458,0.13530423,0.0,0.0,-0.36054593,0,0,0,0,0
2874401358,-0.015698157,-0.009101637,0.2703245,0.0,0.99084353,-0.007164123,-0.0055668075,0.13471015,0.0,0.0,-0.37956482,0,0,0,0,0
2874450322,-0.005333781,-0.00621823,0.2697616,0.0,0.9909102,-0.0022245648,-0.00343948,0.13446285,0.0,0.0,-0.40029663,0,0,0,0,0
2874504987,-0.005129663,-0.016378716,0.26850504,0.0,0.990968,-0.001445538,-0.008458841,0.13382386,0.0,0.0,-0.4205986,0,0,0,0,0
2874550737,-0.010535545,0.0015399645,0.26687482,0.0,0.99109584,-0.0053233565,6.2296436e-05,0.13304393,0.0,0.0,-0.438245,0,0,0,0,0
2874600269,-0.01128462,-0.004680835,0.26505452,0.0,0.9912144,-0.005283531,-0.0030654222,0.13212411,0.0,0.0,-0.46026957,0,0,0,0,0
2874649581,-0.0073488723,-0.00048430142,0.26364216,0.0,0.99131763,-0.0036107213,-0.00072301365,0.13143785,0.0,0.0,-0.47837436,0,0,0,0,0
2874699081,-0.005690239,-0.00021493898,0.2616806,0.0,0.99144864,-0.0028067762,-0.00047774508,0.13046648,0.0,0.0,-0.49133226,0,0,0,0,0
2874753078,-0.004970091,0.0045253546,0.25817737,0.0,0.9916733,-0.0027556345,0.0019239424,0.12873532,0.0,0.0,-0.5072855,0,0,0,0,0
2874799701,0.000850425,0.0068004,0.25396588,0.0,0.9919428,-8.820655e-06,0.0034266654,0.1266398,0.0,0.0,-0.5190335,0,0,0,0,0
2874849348,0.006604473,0.015018818,0.2493865,0.0,0.99220556,0.0023425648,0.007861682,0.12434158,0.0,0.0,-0.5325728,0,0,0,0,0
2874902975,0.01124263,0.012108052,0.24417807,0.0,0.99252665,0.0048420615,0.0066934116,0.12174802,0.0,0.0,-0.53763485,0,0,0,0,0
2874943634,0.015776256,0.017032415,0.2403597,0.0,0.99272823,0.0068098963,0.009400085,0.119816,0.0,0.0,-0.5415624,0,0,0,0,0
2875003602,0.029417045,0.0072877486,0.23455232,0.0,0.9930233,0.014180553,0.005339379,0.11694085,0.0,0.0,-0.540797,0,0,0,0,0
2875052819,0.032448035,0.011714881,0.23001797,0.0,0.9932569,0.015443772,0.007679629,0.11464414,0.0,0.0,-0.54313904,0,0,0,0,0
2875093881,0.041514758,0.02065472,0.2263236,0.0,0.99336123,0.019456139,0.012602554,0.112677105,0.0,0.0,-0.54618156,0,0,0,0,0
2875153432,0.035084262,0.02143992,0.2214636,0.0,0.99368626,0.016248386,0.012590756,0.110295415,0.0,0.0,-0.5312809,0,0,0,0,0
2875192947,0.047381416,0.021632757,0.21833825,0.0,0.9937378,0.022367978,0.013329528,0.10866077,0.0,0.0,-0.52219945,0,0,0,0,0
2875256923,0.040976275,0.013996927,0.21408053,0.0,0.99405897,0.019621426,0.009145555,0.106668375,0.0,0.0,-0.5150195,0,0,0,0,0
2875297364,0.04319673,0.0196917,0.21195367,0.0,0.9941321,0.02043326,0.012072526,0.10553733,0.0,0.0,-0.5115205,0,0,0,0,0
2875346772,0.04808218,0.024336131,0.2091534,0.0,0.99420637,0.0226359,0.014606925,0.1040574,0.0,0.0,-0.5134022,0,0,0,0,0
2875401026,0.051782243,0.02364338,0.20660065,0.0,0.994298,0.024529846,0.014423779,0.10277053,0.0,0.0,-0.513701,0,0,0,0,0
2875454723,0.044010356,0.030041259,0.20430726,0.0,0.9944675,0.02035491,0.017181713,0.10161109,0.0,0.0,-0.5125109,0,0,0,0,0
2875501100,0.03973,0.019720254,0.20281342,0.0,0.99463797,0.018762734,0.011818143,0.10101324,0.0,0.0,-0.5067395,0,0,0,0,0
2875544536,0.046174027,0.022960221,0.20180263,0.0,0.9946098,0.021809973,0.013743625,0.100433044,0.0,0.0,-0.5058807,0,0,0,0,0
2875597592,0.04619317,0.027713522,0.2006738,0.0,0.99464166,0.021588573,0.016096074,0.09981389,0.0,0.0,-0.5053672,0,0,0,0,0
2875651106,0.048879825,0.033159077,0.20007394,0.0,0.9946071,0.022656731,0.018931206,0.099423535,0.0,0.0,-0.50465107,0,0,0,0,0
2875700452,0.05705951,0.026759887,0.19989376,0.0,0.9945536,0.027046513,0.01615343,0.09935127,0.0,0.0,-0.5046842,0,0,0,0,0
2875754351,0.059117008,0.029538332,0.20015368,0.0,0.994497,0.027928228,0.017640749,0.09942105,0.0,0.0,-0.5042339,0,0,0,0,0
2875800800,0.06678237,0.020704007,0.20093808,0.0,0.994384,0.03217714,0.013642213,0.09989498,0.0,0.0,-0.5039911,0,0,0,0,0
2875850274,0.066294976,0.028319445,0.20201991,0.0,0.99430394,0.03154218,0.017420927,0.10030592,0.0,0.0,-0.5056189,0,0,0,0,0
2875904440,0.060958114,0.032401092,0.20332031,0.0,0.99429464,0.028669745,0.019201001,0.10093356,0.0,0.0,-0.50635093,0,0,0,0,0
2875949296,0.05574504,0.03383778,0.2050954,0.0,0.99426615,0.025987335,0.019675147,0.101844646,0.0,0.0,-0.50836927,0,0,0,0,0
2876003210,0.060505588,0.034303825,0.20677091,0.0,0.9941126,0.028313039,0.020172881,0.10262295,0.0,0.0,-0.5124918,0,0,0,0,0
2876048295,0.06506613,0.03140165,0.20856203,0.0,0.993972,0.030713238,0.01899205,0.1035163,0.0,0.0,-0.5151818,0,0,0,0,0
2876101962,0.06513728,0.027898552,0.21056673,0.0,0.9938865,0.030914336,0.017285896,0.10457133,0.0,0.0,-0.5173979,0,0,0,0,0
2876148730,0.06640459,0.030544503,0.21265696,0.0,0.99374235,0.03138501,0.018699685,0.105553284,0.0,0.0,-0.5177483,0,0,0,0,0
2876197913,0.065422215,0.035388734,0.21446992,0.0,0.9936303,0.030619612,0.021082282,0.10638021,0.0,0.0,-0.5183966,0,0,0,0,0
2876250502,0.06308072,0.03867114,0.21650298,0.0,0.99353224,0.029256836,0.022618057,0.10736013,0.0,0.0,-0.51721364,0,0,0,0,0
2876297135,0.05335259,0.048677385,0.21821381,0.0,0.99347645,0.023857625,0.027086565,0.10817432,0.0,0.0,-0.5195572,0,0,0,0,0
2876355573,0.05321333,0.048900492,0.21400432,0.0,0.99370116,0.023833409,0.02713974,0.106081694,0.0,0.0,-0.51878184,0,0,0,0,0
2876403578,0.050198853,0.060391717,0.21762352,0.0,0.99340194,0.02165934,0.03272746,0.10776025,0.0,0.0,-0.5202708,0,0,0,0,0
2876451676,0.050039407,0.049995087,0.22267896,0.0,0.99325615,0.022078117,0.027611174,0.11041869,0.0,0.0,-0.5200608,0,0,0,0,0
2876502766,0.050451234,0.04848233,0.22720888,0.0,0.99301535,0.022306148,0.026933322,0.11268345,0.0,0.0,-0.5193639,0,0,0,0,0
2876551645,0.052558143,0.049963918,0.23044717,0.0,0.9927917,0.023222813,0.027825141,0.114241235,0.0,0.0,-0.5222029,0,0,0,0,0
2876592745,0.04165189,0.047860533,0.23279461,0.0,0.99279165,0.017899342,0.026178665,0.1155813,0.0,0.0,-0.52414507,0,0,0,0,0
2876652415,0.04988211,0.039282132,0.23500828,0.0,0.9926614,0.02245999,0.022421379,0.11668846,0.0,0.0,-0.521378,0,0,0,0,0
2876701848,0.047004044,0.028654808,0.23667827,0.0,0.9926697,0.021642094,0.016996965,0.11768407,0.0,0.0,-0.5159252,0,0,0,0,0
2876749712,0.04667501,0.033863716,0.23797102,0.0,0.9925638,0.021157824,0.019576393,0.11826332,0.0,0.0,-0.51197386,0,0,0,0,0
2876796240,0.04557024,0.03156355,0.23935376,0.0,0.9925088,0.020733727,0.018383948,0.11898859,0.0,0.0,-0.5077372,0,0,0,0,0
2876856216,0.03476213,0.033976734,0.24083532,0.0,0.99250084,0.015211489,0.018949512,0.11979828,0.0,0.0,-0.5063728,0,0,0,0,0
2876899428,0.045032553,0.027418071,0.24207406,0.0,0.9923763,0.020692777,0.016323034,0.12039338,0.0,0.0,-0.506209,0,0,0,0,0
2876944699,0.043563258,0.03063952,0.2436756,0.0,0.9922756,0.019754518,0.017848736,0.12116231,0.0,0.0,-0.4896909,0,0,0,0,0
2876996898,0.043657895,0.022703933,0.24578446,0.0,0.9921882,0.020270003,0.013938902,0.122300126,0.0,0.0,-0.46903706,0,0,0,0,0
2877055503,0.039557822,0.03668637,0.24819843,0.0,0.9919935,0.017352257,0.020645218,0.12337593,0.0,0.0,-0.44227082,0,0,0,0,0
2877096366,0.048896234,0.039029002,0.25070396,0.0,0.99172795,0.021810364,0.022410087,0.12448952,0.0,0.0,-0.43159118,0,0,0,0,0
2877155930,0.045152508,0.027936207,0.25382218,0.0,0.99164796,0.020623157,0.016708754,0.12621331,0.0,0.0,-0.4091813,0,0,0,0,0
2877205269,0.059786078,0.039754197,0.25659296,0.0,0.9912184,0.02709522,0.023526963,0.12727322,0.0,0.0,-0.38484943,0,0,0,0,0
2877246083,0.040880237,0.03039925,0.25903592,0.0,0.9913427,0.018302526,0.017708069,0.1288062,0.0,0.0,-0.39119455,0,0,0,0,0
2877304345,0.03938609,0.035646424,0.2620253,0.0,0.9911263,0.017192096,0.020238195,0.13024417,0.0,0.0,-0.3981043,0,0,0,0,0
2877352315,0.04230242,0.03154242,0.26453114,0.0,0.99096465,0.018882938,0.018418187,0.13150372,0.0,0.0,-0.41158822,0,0,0,0,0
2877401718,0.03649063,0.04880678,0.26453114,0.0,0.9908643,0.014862095,0.026589165,0.13137777,0.0,0.0,-0.43951622,0,0,0,0,0
2877442369,0.031766687,0.034844182,0.26453114,0.0,0.9910267,0.013444338,0.019361159,0.13156931,0.0,0.0,-0.44857675,0,0,0,0,0
2877502212,0.03956034,0.035021156,0.26453114,0.0,0.9909654,0.017294386,0.019961394,0.13149092,0.0,0.0,-0.46944228,0,0,0,0,0
2877551504,0.030040527,0.03908969,0.26453114,0.0,0.9910033,0.012308543,0.021351134,0.13154921,0.0,0.0,-0.46870407,0,0,0,0,0
2877592699,0.019587249,0.044441137,0.26453114,0.0,0.9910021,0.0067754583,0.023314865,0.13162568,0.0,0.0,-0.45256954,0,0,0,0,0
2877650554,0.034421403,0.036852956,0.26453114,0.0,0.99099237,0.014627049,0.02053105,0.13152398,0.0,0.0,-0.4426727,0,0,0,0,0
2877704402,0.033160172,0.037593957,0.2645311,0.0,0.99099547,0.01395315,0.02081524,0.13152993,0.0,0.0,-0.42048234,0,0,0,0,0
2877751124,0.032888297,0.033135172,0.26453114,0.0,0.9910315,0.014113004,0.01858817,0.13157427,0.0,0.0,-0.4159882,0,0,0,0,0
2877800355,0.0249352,0.04437101,0.2645311,0.0,0.99098116,0.009429979,0.023632,0.1315634,0.0,0.0,-0.43382078,0,0,0,0,0
2877849890,0.027343692,0.041509498,0.26453114,0.0,0.99099696,0.010812402,0.022372672,0.13155828,0.0,0.0,-0.46079078,0,0,0,0,0
2877899230,0.020763427,0.0430261,0.26453114,0.0,0.99101233,0.007451694,0.022691157,0.13162127,0.0,0.0,-0.48413476,0,0,0,0,0
2877953283,0.0114087835,0.04039019,0.26453114,0.0,0.99106264,0.0029902742,0.020769155,0.13173704,0.0,0.0,-0.5117252,0,0,0,0,0
2877998297,0.011044846,0.031468373,0.26453114,0.0,0.9911393,0.003398571,0.01632408,0.1317758,0.0,0.0,-0.5282379,0,0,0,0,0
2878047950,-0.004442881,0.03664028,0.26453114,0.0,0.99109155,-0.0046175895,0.017866148,0.13189815,0.0,0.0,-0.5245644,0,0,0,0,0
2878101571,-0.0049536345,0.034697693,0.26453114,0.0,0.99110776,-0.0047426606,0.016869806,0.1319026,0.0,0.0,-0.5159848,0,0,0,0,0
2878148162,-0.004017318,0.0359739,0.26453114,0.0,0.9910985,-0.004362782,0.01756399,0.13189447,0.0,0.0,-0.5100313,0,0,0,0,0
2878200615,-0.004006762,0.027205551,0.26453114,0.0,0.9911684,-0.003779576,0.013219339,0.1318948,0.0,0.0,-0.5048527,0,0,0,0,0
2878247189,-0.0050942698,0.033205412,0.26453114,0.0,0.9911202,-0.0047139977,0.01612101,0.13190357,0.0,0.0,-0.5027162,0,0,0,0,0
2878296592,-0.00047093665,0.033371463,0.26453114,0.0,0.9911272,-0.002433795,0.016508173,0.13186578,0.0,0.0,-0.5022296,0,0,0,0,0
2878350472,-0.004788328,0.030020997,0.2645311,0.0,0.9911464,-0.0043524913,0.014563084,0.13190064,0.0,0.0,-0.5041698,0,0,0,0,0
2878405048,-0.014377613,0.022262556,0.2645311,0.0,0.9911681,-0.008593442,0.010085547,0.131948,0.0,0.0,-0.5012224,0,0,0,0,0
2878451132,-0.020375822,0.020974193,0.26453114,0.0,0.9911456,-0.011481141,0.009051281,0.13197206,0.0,0.0,-0.4995082,0,0,0,0,0
2878500387,-0.032390572,0.024820462,0.26453114,0.0,0.9910328,-0.0176883,0.010164326,0.13205202,0.0,0.0,-0.5007877,0,0,0,0,0
2878554425,-0.021078221,0.035299323,0.26453114,0.0,0.9910317,-0.012772628,0.016103962,0.13203675,0.0,0.0,-0.49967435,0,0,0,0,0
2878600752,-0.018048868,0.028210487,0.26453114,0.0,0.9911099,-0.010804664,0.012790999,0.13198791,0.0,0.0,-0.49510524,0,0,0,0,0
2878650319,-0.018208422,0.017118871,0.26453114,0.0,0.991178,-0.010152995,0.0072836136,0.13194717,0.0,0.0,-0.497113,0,0,0,0,0
2878704261,-0.018755693,0.015959391,0.26453114,0.0,0.99118066,-0.010347811,0.006672871,0.13194442,0.0,0.0,-0.4996207,0,0,0,0,0
2878750727,-0.023349112,0.015154267,0.26453114,0.0,0.991158,-0.012571189,0.005970804,0.13195516,0.0,0.0,-0.50316566,0,0,0,0,0
2878804931,-0.028308976,0.022391023,0.26453114,0.0,0.9910833,-0.015505799,0.009229865,0.13201585,0.0,0.0,-0.5043702,0,0,0,0,0
2878854337,-0.034842435,0.0060641808,0.26453114,0.0,0.9911037,-0.017667914,0.0007077584,0.131912,0.0,0.0,-0.50455326,0,0,0,0,0
2878895091,-0.027636932,0.015563865,0.26453114,0.0,0.99112684,-0.014723096,0.0058908784,0.13197026,0.0,0.0,-0.50453126,0,0,0,0,0
2878954435,-0.021228317,0.011846068,0.26453114,0.0,0.9911841,-0.011302151,0.004471189,0.13193282,0.0,0.0,-0.50287175,0,0,0,0,0
2879004185,-0.01744485,0.011147304,0.26453114,0.0,0.99120617,-0.009381019,0.0043744477,0.13192138,0.0,0.0,-0.50046784,0,0,0,0,0
2879044587,-0.019252623,0.00792496,0.26453114,0.0,0.9912069,-0.010064555,0.0026581872,0.1319109,0.0,0.0,-0.49683875,0,0,0,0,0
2879098432,-0.010869148,0.008748519,0.26453114,0.0,0.9912384,-0.005963897,0.0036192727,0.13190062,0.0,0.0,-0.49283788,0,0,0,0,0
2879148313,-0.014098164,0.001975168,0.26453114,0.0,0.9912396,-0.0071176914,4.930706e-05,0.13188381,0.0,0.0,-0.4954354,0,0,0,0,0
2879197946,-0.014398902,0.002259792,0.26453114,0.0,0.99123824,-0.0072855097,0.00017054135,0.13188484,0.0,0.0,-0.49660715,0,0,0,0,0
2879247046,-0.012788494,-0.0018302777,0.2645311,0.0,0.9912458,-0.0062176655,-0.0017503957,0.13187167,0.0,0.0,-0.49497575,0,0,0,0,0
2879301199,-0.016105803,-0.0026761366,0.26453114,0.0,0.99123406,-0.007806011,-0.0023883434,0.13186517,0.0,0.0,-0.4946704,0,0,0,0,0
2879350241,-0.013823005,0.002541264,0.26453114,0.0,0.99124,-0.007018641,0.0003480208,0.13188569,0.0,0.0,-0.49706638,0,0,0,0,0
2879404837,-0.017273577,0.00069906475,0.26453114,0.0,0.9912282,-0.008607339,-0.00079254113,0.13187832,0.0,0.0,-0.49760845,0,0,0,0,0
2879450764,-0.0108947875,-0.00019292961,0.26453114,0.0,0.991251,-0.005387066,-0.0008140209,0.13187778,0.0,0.0,-0.50153124,0,0,0,0,0
2879504796,-0.0071057654,-0.0041208286,0.26453114,0.0,0.99125826,-0.0032501097,-0.0025109567,0.1318719,0.0,0.0,-0.50716585,0,0,0,0,0
2879548295,-0.012275898,-0.0070919045,0.2645311,0.0,0.99124366,-0.0056166295,-0.0043243705,0.13185535,0.0,0.0,-0.51425725,0,0,0,0,0
2879601179,-0.01279928,0.0018199856,0.2645311,0.0,0.9912442,-0.006463705,5.804593e-05,0.13188326,0.0,0.0,-0.51507205,0,0,0,0,0
2879646942,-0.012092558,0.005452246,0.26453114,0.0,0.9912417,-0.0063529247,0.0019048821,0.1318937,0.0,0.0,-0.5120229,0,0,0,0,0
2879696545,-0.007556394,0.006310277,0.26453114,0.0,0.99125206,-0.0041612666,0.002629287,0.13189048,0.0,0.0,-0.5062331,0,0,0,0,0
2879750506,-0.0066154003,0.007339651,0.2645311,0.0,0.99125195,-0.0037627553,0.0032015275,0.13189067,0.0,0.0,-0.50615686,0,0,0,0,0
2879806349,-0.0151598975,0.00916898,0.26453114,0.0,0.9912222,-0.008118177,0.0035446757,0.13190952,0.0,0.0,-0.5037053,0,0,0,0,0
2879855418,-0.018408628,0.0036765505,0.2645311,0.0,0.99121976,-0.009366197,0.0006082929,0.13189119,0.0,0.0,-0.4982509,0,0,0,0,0
2879896269,-0.009617958,0.0086939465,0.26453114,0.0,0.9912421,-0.005340184,0.003674741,0.13189821,0.0,0.0,-0.4974163,0,0,0,0,0
2879955794,-0.01732704,0.009560239,0.2645311,0.0,0.9912117,-0.00921802,0.0035956523,0.13191484,0.0,0.0,-0.49253026,0,0,0,0,0
2879995019,-0.008938998,0.0090479655,0.26453114,0.0,0.991243,-0.0050270166,0.0038949775,0.13189764,0.0,0.0,-0.4952827,0,0,0,0,0
2880054858,-0.028280448,0.012230888,0.26453114,0.0,0.9911366,-0.01482241,0.0041966666,0.13195032,0.0,0.0,-0.49456525,0,0,0,0,0
2880104435,-0.028731748,0.008862296,0.26453114,0.0,0.99114525,-0.014824088,0.0024974858,0.13192846,0.0,0.0,-0.49391815,0,0,0,0,0
2880144871,-0.021825764,0.005204067,0.26453114,0.0,0.9911995,-0.011160448,0.0011399899,0.13190009,0.0,0.0,-0.49514264,0,0,0,0,0
2880204892,-0.024182139,0.015287158,0.2645311,0.0,0.99115205,-0.012992774,0.0059817024,0.13195837,0.0,0.0,-0.49520662,0,0,0,0,0
2880248281,-0.024501309,0.010539072,0.26453114,0.0,0.991169,-0.012838073,0.0036075374,0.1319325,0.0,0.0,-0.4943524,0,0,0,0,0
2880301949,-0.02719578,0.006915958,0.26453114,0.0,0.9911619,-0.013934622,0.0016342252,0.13191389,0.0,0.0,-0.4943145,0,0,0,0,0
2880348895,-0.029518526,0.0076847407,0.26453114,0.0,0.9911429,-0.015136387,0.001862015,0.13192114,0.0,0.0,-0.49266028,0,0,0,0,0
2880398008,-0.03861128,0.010405331,0.26453114,0.0,0.9910543,-0.019821566,0.002610399,0.13195345,0.0,0.0,-0.4910054,0,0,0,0,0
2880451953,-0.029956197,0.005155318,0.2645311,0.0,0.9911461,-0.015186573,0.0005796205,0.13190328,0.0,0.0,-0.4905299,0,0,0,0,0
2880506518,-0.034538627,0.00841804,0.26453114,0.0,0.9910995,-0.017672474,0.0018942752,0.13193148,0.0,0.0,-0.4905493,0,0,0,0,0
2880555456,-0.02844186,0.009691523,0.26453114,0.0,0.9911447,-0.014735072,0.0029275578,0.13193367,0.0,0.0,-0.49047986,0,0,0,0,0
2880596307,-0.023057096,0.019125653,0.26453114,0.0,0.9911399,-0.012688122,0.007958243,0.13197474,0.0,0.0,-0.48993948,0,0,0,0,0
2880655715,-0.023585679,0.012173423,0.26453114,0.0,0.9911689,-0.012492007,0.0044779135,0.1319398,0.0,0.0,-0.48222715,0,0,0,0,0
2880705433,-0.028524373,0.01224449,0.26453114,0.0,0.99113476,-0.014944187,0.004187314,0.13195091,0.0,0.0,-0.478238,0,0,0,0,0
2880754798,-0.028781474,0.011425398,0.26453114,0.0,0.991136,-0.015017628,0.0037644275,0.13194594,0.0,0.0,-0.47886127,0,0,0,0,0
2880796830,-0.013501591,0.014024881,0.2645311,0.0,0.9912125,-0.007616391,0.006060709,0.13192093,0.0,0.0,-0.48119673,0,0,0,0,0
2880856649,-0.028302751,0.02175329,0.26453114,0.0,0.99108744,-0.015460717,0.008914239,0.13201179,0.0,0.0,-0.48510838,0,0,0,0,0
2880895614,-0.020048216,0.017974088,0.26453114,0.0,0.9911639,-0.011121123,0.007586074,0.13195759,0.0,0.0,-0.4873414,0,0,0,0,0
2880949845,-0.02345099,0.021779642,0.2645311,0.0,0.99112195,-0.013058151,0.009247516,0.13198993,0.0,0.0,-0.4924934,0,0,0,0,0
2880996572,-0.015588943,0.013774818,0.26453114,0.0,0.991205,-0.008634408,0.005799088,0.13192633,0.0,0.0,-0.4943643,0,0,0,0,0
2881056138,-0.007301511,0.017890466,0.26453114,0.0,0.9912151,-0.004798391,0.008385483,0.13190646,0.0,0.0,-0.49863467,0,0,0,0,0
2881099682,-0.016084632,0.01562535,0.2645311,0.0,0.9911951,-0.009002036,0.006683528,0.13193423,0.0,0.0,-0.49924406,0,0,0,0,0
2881153459,-0.017081829,0.019749573,0.26453114,0.0,0.99117005,-0.00976802,0.008661712,0.13195261,0.0,0.0,-0.49852297,0,0,0,0,0
2881200061,-0.011380156,0.01478522,0.26453114,0.0,0.99121696,-0.006615108,0.0065774703,0.13191622,0.0,0.0,-0.49587134,0,0,0,0,0
2881249416,-0.009483029,0.01546691,0.26453114,0.0,0.99122006,-0.0057198107,0.0070404545,0.13191119,0.0,0.0,-0.4945013,0,0,0,0,0
2881303325,-0.011520034,0.018158581,0.26453114,0.0,0.99120146,-0.0069067823,0.00824012,0.13192448,0.0,0.0,-0.49348482,0,0,0,0,0
2881349959,-0.008242901,0.014063517,0.26453114,0.0,0.99122894,-0.005012674,0.0064267004,0.1319046,0.0,0.0,-0.48950964,0,0,0,0,0
2881400218,-0.008910958,0.016315626,0.26453114,0.0,0.99121803,-0.0054922327,0.007498821,0.13191059,0.0,0.0,-0.48783165,0,0,0,0,0
2881453243,-0.0084051145,0.009375849,0.26453114,0.0,0.99124336,-0.0047840304,0.0040926943,0.13189717,0.0,0.0,-0.48563996,0,0,0,0,0
2881499731,-0.0064600366,0.011293773,0.26453114,0.0,0.9912423,-0.0039464547,0.005171537,0.13189556,0.0,0.0,-0.48466805,0,0,0,0,0
2881550666,-0.0050489735,0.016541272,0.26453114,0.0,0.99122584,-0.0035930665,0.00786536,0.13189602,0.0,0.0,-0.4868598,0,0,0,0,0
2881604766,-0.008809942,0.013088298,0.26453114,0.0,0.991231,-0.005229418,0.0059059663,0.13190474,0.0,0.0,-0.48663408,0,0,0,0,0
2881649644,-0.00652676,0.017444622,0.26453114,0.0,0.9912189,-0.0043850276,0.008215613,0.13190275,0.0,0.0,-0.49303088,0,0,0,0,0
2881699083,0.006729185,0.015717192,0.26453114,0.0,0.99123293,0.0022987188,0.008233541,0.13184923,0.0,0.0,-0.49167198,0,0,0,0,0
2881753076,0.011290722,0.009622266,0.26453114,0.0,0.991242,0.0049614757,0.0055135153,0.13184972,0.0,0.0,-0.4904063,0,0,0,0,0
2881796945,0.011143328,0.008033696,0.26453114,0.0,0.99124527,0.004993193,0.004716473,0.13185498,0.0,0.0,-0.48973787,0,0,0,0,0
2881850492,0.0105544645,0.007877664,0.26453114,0.0,0.99124694,0.0047116284,0.004600318,0.13185678,0.0,0.0,-0.4898225,0,0,0,0,0
2881901522,0.011866347,0.011069541,0.26453114,0.0,0.99123734,0.005151315,0.006268755,0.13184336,0.0,0.0,-0.4903673,0,0,0,0,0
2881951079,0.01405111,0.0075635007,0.26453114,0.0,0.9912376,0.0064653596,0.0046751355,0.13184974,0.0,0.0,-0.4884161,0,0,0,0,0
2882003604,0.011529349,0.009796151,0.26453114,0.0,0.991241,0.005068277,0.005615427,0.13184848,0.0,0.0,-0.48772052,0,0,0,0,0
2882052863,0.014598692,0.005707528,0.2645311,0.0,0.99123794,0.0068591526,0.003791386,0.13185555,0.0,0.0,-0.48747137,0,0,0,0,0
2882093969,0.023466805,0.0066394196,0.2645311,0.0,0.9911971,0.011192814,0.0048378417,0.13183182,0.0,0.0,-0.48597792,0,0,0,0,0
2882153218,0.015128142,-0.00015993936,0.2645311,0.0,0.9912372,0.007508477,0.000918273,0.13187706,0.0,0.0,-0.4879061,0,0,0,0,0
2882197703,0.01629418,0.0036193188,0.26453114,0.0,0.99123305,0.007837178,0.0028682195,0.13186105,0.0,0.0,-0.48882368,0,0,0,0,0
2882256811,0.01665539,-0.0021573678,0.2645311,0.0,0.99122953,0.008397109,2.9020106e-05,0.1318845,0.0,0.0,-0.49197423,0,0,0,0,0
2882298029,0.024576597,0.009647112,0.26453114,0.0,0.9911871,0.011544438,0.00640157,0.13181,0.0,0.0,-0.49428427,0,0,0,0,0
2882346600,0.0149761215,0.0056694685,0.26453114,0.0,0.9912367,0.0070487238,0.0037974063,0.13185497,0.0,0.0,-0.50053835,0,0,0,0,0
2882400991,0.011914733,0.006216572,0.26453114,0.0,0.99124575,0.005495356,0.0038667282,0.13185893,0.0,0.0,-0.5054794,0,0,0,0,0
2882447184,0.014695607,0.0066812905,0.2645311,0.0,0.9912366,0.0068429653,0.0042803865,0.13185161,0.0,0.0,-0.5084867,0,0,0,0,0
2882499447,0.02213813,0.0045410274,0.26453114,0.0,0.9912057,0.010672715,0.0037103,0.13184692,0.0,0.0,-0.509434,0,0,0,0,0
2882546131,0.026196193,0.0020054632,0.26453114,0.0,0.99118185,0.012851085,0.0027212177,0.13185585,0.0,0.0,-0.508433,0,0,0,0,0
2882603018,0.020248953,-0.0016422902,0.2645311,0.0,0.99121344,0.010144158,0.0005212641,0.13188168,0.0,0.0,-0.5049916,0,0,0,0,0
2882648032,0.030238118,-0.0013602593,0.26453114,0.0,0.99115074,0.015076116,0.0013197169,0.13187534,0.0,0.0,-0.50769293,0,0,0,0,0
2882704976,0.025319168,0.00089271227,0.26453114,0.0,0.99118686,0.012489813,0.0021119267,0.13186406,0.0,0.0,-0.5066944,0,0,0,0,0
2882754353,0.024957199,-0.0017032427,0.2645311,0.0,0.99118674,0.012481584,0.0008015203,0.13188046,0.0,0.0,-0.50430906,0,0,0,0,0
2882795370,0.019800128,0.005067759,0.26453114,0.0,0.9912172,0.009479248,0.0038172193,0.13184848,0.0,0.0,-0.50385636,0,0,0,0,0
2882851834,0.022210142,-0.0020472885,0.26453114,0.0,0.99120253,0.011142833,0.00044986786,0.13188334,0.0,0.0,-0.49743092,0,0,0,0,0
2882898199,0.015305766,-0.0023889663,0.26453114,0.0,0.9912347,0.0077434843,-0.00017476159,0.13188536,0.0,0.0,-0.49362376,0,0,0,0,0
2882947928,0.009729092,-0.0021831829,0.2645311,0.0,0.99125266,0.0049659936,-0.00044050947,0.13188387,0.0,0.0,-0.492249,0,0,0,0,0
2883001817,0.013809596,0.0014761235,0.26453114,0.0,0.99124247,0.0067471,0.0016421969,0.13187204,0.0,0.0,-0.49486053,0,0,0,0,0
2883042312,0.016550327,0.008919638,0.2645311,0.0,0.99122673,0.0076145697,0.0055120066,0.13183783,0.0,0.0,-0.49719977,0,0,0,0,0
2883102277,0.0036062803,0.0069988654,0.26453114,0.0,0.9912588,0.0013258746,0.0037066515,0.13187298,0.0,0.0,-0.49636757,0,0,0,0,0
2883154451,0.0041316687,0.0050129537,0.26453114,0.0,0.9912611,0.0017172289,0.002757018,0.13187441,0.0,0.0,-0.49667618,0,0,0,0,0
2883201098,0.0029871038,0.00769066,0.26453114,0.0,0.991258,0.00097337394,0.0040086987,0.13187346,0.0,0.0,-0.49886203,0,0,0,0,0
2883250369,0.0041950736,0.0070790458,0.2645311,0.0,0.9912582,0.0016124104,0.0037852142,0.13187176,0.0,0.0,-0.49816608,0,0,0,0,0
2883304736,0.006633185,0.008118732,0.26453114,0.0,0.9912538,0.0027522452,0.0044612656,0.1318651,0.0,0.0,-0.49514163,0,0,0,0,0
2883345158,0.010124366,0.006615914,0.26453114,0.0,0.9912498,0.004581671,0.003946611,0.13186125,0.0,0.0,-0.49480593,0,0,0,0,0
2883394359,0.0163867,0.008594262,0.2645311,0.0,0.99122787,0.007554936,0.0053399615,0.1318397,0.0,0.0,-0.49832383,0,0,0,0,0
2883454346,0.013223333,0.014807942,0.2645311,0.0,0.9912233,0.0055772825,0.0082109915,0.13182521,0.0,0.0,-0.49778444,0,0,0,0,0
2883495264,0.015456907,0.015713086,0.26453114,0.0,0.99121344,0.0066245566,0.008806798,0.13181205,0.0,0.0,-0.5008992,0,0,0,0,0
2883554728,0.010003689,0.017651642,0.26453114,0.0,0.9912205,0.0037940207,0.009408125,0.13182971,0.0,0.0,-0.50079995,0,0,0,0,0
2883604347,0.010167981,0.018525625,0.26453114,0.0,0.99121654,0.0038177979,0.009852104,0.13182622,0.0,0.0,-0.5002839,0,0,0,0,0
2883644726,0.0016893729,0.019096596,0.26453114,0.0,0.9912212,-0.000421942,0.009576145,0.1318662,0.0,0.0,-0.4992037,0,0,0,0,0
2883704826,0.010934162,0.013029922,0.26453114,0.0,0.9912345,0.0045600124,0.007178896,0.13184018,0.0,0.0,-0.49838725,0,0,0,0,0
2883754182,0.017604796,0.013786783,0.26453114,0.0,0.9912117,0.007816136,0.007993683,0.13181186,0.0,0.0,-0.49785832,0,0,0,0,0
2883803709,0.019844368,0.020817995,0.26453114,0.0,0.9911768,0.008462178,0.011625836,0.13176423,0.0,0.0,-0.49845478,0,0,0,0,0
2883853049,0.0153414775,0.0131920995,0.26453114,0.0,0.99122167,0.006733642,0.0075497837,0.13182335,0.0,0.0,-0.49837753,0,0,0,0,0
2883894067,0.005878396,0.021273425,0.26453114,0.0,0.99120945,0.001510617,0.010931162,0.13184123,0.0,0.0,-0.49934664,0,0,0,0,0
2883944585,0.005300955,0.021310214,0.2645311,0.0,0.9912096,0.0012220087,0.010911331,0.1318443,0.0,0.0,-0.49650598,0,0,0,0,0
2883998655,0.015135114,0.02385147,0.26453114,0.0,0.9911787,0.0059281667,0.012818882,0.13177766,0.0,0.0,-0.49663833,0,0,0,0,0
2884048001,0.00909278,0.021492021,0.2645311,0.0,0.9912046,0.0030892598,0.011251379,0.13182287,0.0,0.0,-0.49668488,0,0,0,0,0
2884101833,0.008438421,0.02595525,0.26453114,0.0,0.9911806,0.0024705648,0.0134201795,0.13181369,0.0,0.0,-0.4994113,0,0,0,0,0
2884148447,0.0076797404,0.024120886,0.2645311,0.0,0.9911924,0.0022155612,0.012461089,0.13182378,0.0,0.0,-0.49981844,0,0,0,0,0
2884197952,0.0068515623,0.02114161,0.26453114,0.0,0.9912092,0.0020016169,0.010929986,0.13183624,0.0,0.0,-0.498226,0,0,0,0,0
2884247348,0.008260862,0.020565271,0.26453114,0.0,0.9912104,0.0027380853,0.010737248,0.13183007,0.0,0.0,-0.49801224,0,0,0,0,0
2884296611,0.004416811,0.015388269,0.26453114,0.0,0.99123615,0.0011743577,0.007918072,0.13185918,0.0,0.0,-0.49937046,0,0,0,0,0
2884356723,0.0027053969,0.024992885,0.26453114,0.0,0.9911896,-0.00030721095,0.01256534,0.13185307,0.0,0.0,-0.4946885,0,0,0,0,0
2884397801,-0.001975608,0.01489977,0.26453114,0.0,0.9912367,-0.001961632,0.0072544753,0.13188383,0.0,0.0,-0.4942943,0,0,0,0,0
2884451174,-0.00026716976,0.02683274,0.26453114,0.0,0.9911762,-0.0019017073,0.013281172,0.13187015,0.0,0.0,-0.4906704,0,0,0,0,0
2884500503,-0.0006455319,0.023930104,0.26453114,0.0,0.9911942,-0.0018978402,0.011817698,0.13187464,0.0,0.0,-0.48806816,0,0,0,0,0
2884553127,0.0048655183,0.023347493,0.26453114,0.0,0.99119896,0.0008718466,0.011892297,0.13184273,0.0,0.0,-0.4849092,0,0,0,0,0
2884594440,-0.008784028,0.022545936,0.26453114,0.0,0.99118656,-0.0058399984,0.010594981,0.1319197,0.0,0.0,-0.48505253,0,0,0,0,0
2884651868,0.010531299,0.022010691,0.26453114,0.0,0.9911995,0.0037679784,0.011603239,0.13181299,0.0,0.0,-0.48507887,0,0,0,0,0
2884706082,0.015299993,0.028161101,0.2645311,0.0,0.9911526,0.005725522,0.014965471,0.13175653,0.0,0.0,-0.4887167,0,0,0,0,0
2884752554,0.008456327,0.023666602,0.26453114,0.0,0.99119395,0.0026303986,0.012287136,0.13182026,0.0,0.0,-0.49266568,0,0,0,0,0
2884800665,0.009635834,0.029793214,0.26453114,0.0,0.99115366,0.002810814,0.015401091,0.13179295,0.0,0.0,-0.49739534,0,0,0,0,0
2884854210,0.012341895,0.025488919,0.26453114,0.0,0.99117666,0.0044358475,0.013446316,0.13178907,0.0,0.0,-0.4976946,0,0,0,0,0
2884900685,0.010741997,0.02567929,0.26453114,0.0,0.99117875,0.0036303978,0.013435233,0.13179913,0.0,0.0,-0.49614653,0,0,0,0,0
2884950183,0.0018462115,0.023000095,0.26453114,0.0,0.9912011,-0.0006016126,0.011521078,0.13186096,0.0,0.0,-0.49487647,0,0,0,0,0
2885004323,-0.002315366,0.027020136,0.26453114,0.0,0.9911725,-0.0029291222,0.013238988,0.13188362,0.0,0.0,-0.49658233,0,0,0,0,0
2885049311,0.0045943293,0.029075311,0.26453114,0.0,0.9911627,0.00035970056,0.014713052,0.13183287,0.0,0.0,-0.49774396,0,0,0,0,0
2885101654,-0.005753781,0.028178606,0.26453114,0.0,0.9911578,-0.0047095073,0.013586354,0.13190678,0.0,0.0,-0.49647433,0,0,0,0,0
2885142176,0.009315924,0.031595316,0.2645311,0.0,0.9911409,0.0025333948,0.01627307,0.13178942,0.0,0.0,-0.49657726,0,0,0,0,0
2885202265,-0.0057390477,0.03675621,0.2645311,0.0,0.99108726,-0.0052675386,0.017838113,0.13190971,0.0,0.0,-0.4993799,0,0,0,0,0
2885251549,-0.0066938535,0.03714103,0.2645311,0.0,0.991081,-0.0057660444,0.017965835,0.13191836,0.0,0.0,-0.50116235,0,0,0,0,0
2885301054,0.0026163992,0.03361613,0.2645311,0.0,0.99112767,-0.0009199559,0.016832963,0.13183971,0.0,0.0,-0.50112337,0,0,0,0,0
2885350460,0.0057466775,0.03781044,0.2645311,0.0,0.99109155,0.00035466274,0.01911777,0.13180229,0.0,0.0,-0.50062644,0,0,0,0,0
2885404645,0.00020379495,0.033623308,0.26453114,0.0,0.9911258,-0.0021160275,0.016677467,0.13185994,0.0,0.0,-0.5027324,0,0,0,0,0
2885450853,-0.011373735,0.035872396,0.26484278,-0.015130925,0.99105614,-0.008004179,0.01702719,0.13211247,0.0,0.0,-0.5013309,0,0,0,0,0
2885500470,-0.011222437,0.048905928,0.2646652,-0.0619891,0.99092674,-0.008786582,0.023496214,0.13204117,0.0,0.0,-0.5043667,0,0,0,0,0
2885554269,-0.001198521,0.043563165,0.26418787,-0.120969005,0.99105126,-0.003462526,0.021511205,0.13169178,0.0,0.0,-0.5086549,0,0,0,0,0
2885600748,0.0063380706,0.044242736,0.26205695,-0.18180512,0.9911897,0.0002511043,0.02234379,0.13055177,0.0,0.0,-0.5102245,0,0,0,0,0
2885650188,0.010110023,0.034873914,0.2583069,-0.38950276,0.9915192,0.0027664818,0.01794159,0.12868606,0.0,0.0,-0.5110179,0,0,0,0,0
2885699699,0.017940035,0.031965364,0.2514974,-0.51342696,0.9919554,0.0068935915,0.01698001,0.12525426,0.0,0.0,-0.510696,0,0,0,0,0
2885744811,0.0116185425,0.036470424,0.24230203,-0.5582898,0.9925012,0.0035620441,0.018802201,0.12072759,0.0,0.0,-0.50624615,0,0,0,0,0
2885805104,0.013460761,0.03210538,0.2253369,-0.5794577,0.9935212,0.004882106,0.016706457,0.11230584,0.0,0.0,-0.4989532,0,0,0,0,0
2885854040,0.030855909,0.036373604,0.2085459,-0.6121565,0.9943149,0.0134483855,0.019690346,0.10377545,0.0,0.0,-0.49699488,0,0,0,0,0
2885894710,0.02571163,0.033584584,0.1932571,-0.6121565,0.99513334,0.011173807,0.017951887,0.09624182,0.0,0.0,-0.49353975,0,0,0,0,0
2885948573,0.021984851,0.03871807,0.17095448,-0.6033237,0.99612033,0.00929748,0.02022425,0.08514002,0.0,0.0,-0.49408776,0,0,0,0,0
2885997968,0.013442943,0.03447657,0.14851835,-0.6033237,0.99708194,0.0054230685,0.017688131,0.074062705,0.0,0.0,-0.49076992,0,0,0,0,0
2886051975,0.022124289,0.03512687,0.12462627,-0.5989384,0.99785626,0.009945145,0.018216126,0.062065516,0.0,0.0,-0.48965186,0,0,0,0,0
2886098457,0.0256735,0.03470487,0.09852322,-0.5989384,0.9985652,0.011964545,0.01796108,0.049007755,0.0,0.0,-0.48982725,0,0,0,0,0
2886148070,0.019293582,0.0457747,0.07203703,-0.5989384,0.99905115,0.00881378,0.023216734,0.035778996,0.0,0.0,-0.49379525,0,0,0,0,0
2886197458,0.013011836,0.040438708,0.044764623,-0.5989384,0.999527,0.006050436,0.020358058,0.022243893,0.0,0.0,-0.49436024,0,0,0,0,0
2886251395,0.016105296,0.045583725,0.013948277,-0.5989384,0.9996848,0.007891341,0.02284474,0.006788532,0.0,0.0,-0.49940315,0,0,0,0,0
2886300773,0.023480618,0.038410354,-0.015356264,-0.60112846,0.9997155,0.011884967,0.019111982,-0.007901561,0.0,0.0,-0.4982504,0,0,0,0,0
2886354698,0.009463134,0.045184467,-0.04769827,-0.62331516,0.99944675,0.005267699,0.02247083,-0.02394738,0.0,0.0,-0.5017088,0,0,0,0,0
2886400265,0.023162536,0.045727283,-0.07567666,-0.62331516,0.998946,0.012434477,0.022405768,-0.03808145,0.0,0.0,-0.5047823,0,0,0,0,0
2886453929,0.0022557375,0.04349523,-0.10961058,-0.6255627,0.99826044,0.0023171017,0.02165147,-0.05478936,0.0,0.0,-0.50941455,0,0,0,0,0
2886497804,0.010876248,0.033968374,-0.137719,-0.63007367,0.99746513,0.006592952,0.016568758,-0.06888629,0.0,0.0,-0.51076776,0,0,0,0,0
2886551336,0.0039385743,0.0388921,-0.17311376,-0.6346059,0.9960627,0.0036425216,0.01920178,-0.08647047,0.0,0.0,-0.51399314,0,0,0,0,0
2886598196,0.003171832,0.033997126,-0.20404887,-0.6368802,0.99465233,0.0033086166,0.016747836,-0.1018595,0.0,0.0,-0.51212984,0,0,0,0,0
2886650073,-0.0020122367,0.040722463,-0.23983778,-0.64144456,0.9926145,0.0014369931,0.020333935,-0.1195865,0.0,0.0,-0.51305807,0,0,0,0,0
2886699376,0.0053724656,0.0378654,-0.27410233,-0.64144456,0.9904351,0.005247033,0.01838705,-0.13664795,0.0,0.0,-0.51235205,0,0,0,0,0
2886753435,-0.0057158647,0.03740773,-0.3118212,-0.6506382,0.987702,8.1379876e-05,0.018919542,-0.15519911,0.0,0.0,-0.51164633,0,0,0,0,0
2886800936,-0.015401443,0.026673494,-0.34500968,-0.6575906,0.9850587,-0.0052965526,0.0144597255,-0.17152904,0.0,0.0,-0.51210433,0,0,0,0,0
2886845477,0.006078355,0.041490134,-0.37629667,-0.65526766,0.98212457,0.0068647615,0.019809082,-0.18706104,0.0,0.0,-0.5143028,0,0,0,0,0
2886899022,-0.009961912,0.036235396,-0.4162287,-0.65526766,0.9782682,-0.001129516,0.018754538,-0.20649056,0.0,0.0,-0.51549524,0,0,0,0,0
2886949810,-0.010901725,0.037480358,-0.45286274,-0.6575906,0.9743111,-0.0011038756,0.01948398,-0.22435917,0.0,0.0,-0.51420766,0,0,0,0,0
2886999412,-0.0030572612,0.034370307,-0.4887504,-0.6575906,0.97015065,0.0026747473,0.017043518,-0.24188863,0.0,0.0,-0.5128163,0,0,0,0,0
2887053123,-0.008446847,0.030723697,-0.5246202,-0.65526766,0.9656878,-9.513821e-05,0.015930712,-0.25921676,0.0,0.0,-0.51200217,0,0,0,0,0
2887099719,-0.011848863,0.03404674,-0.5613761,-0.6575906,0.96073693,-0.0009762715,0.017997006,-0.27687493,0.0,0.0,-0.51156545,0,0,0,0,0
2887153757,-0.010493797,0.04381453,-0.6003893,-0.6858969,0.95507056,0.0014664788,0.022476746,-0.29552138,0.0,0.0,-0.52090967,0,0,0,0,0
2887198574,-0.017668523,0.047355477,-0.6327253,-0.6955116,0.95013493,-0.0010279366,0.025247347,-0.3108137,0.0,0.0,-0.52127844,0,0,0,0,0
2887254215,-0.021314964,0.039350744,-0.6731134,-0.6955116,0.9437303,-0.0035606457,0.022088049,-0.32995838,0.0,0.0,-0.52362883,0,0,0,0,0
2887294429,-0.022277748,0.041751154,-0.70271504,-0.6955116,0.93872356,-0.0032720286,0.023430355,-0.34385806,0.0,0.0,-0.5199265,0,0,0,0,0
2887348751,-0.018736746,0.034540303,-0.7420837,-0.6979295,0.9318289,-0.0024680856,0.019489704,-0.36236587,0.0,0.0,-0.51306224,0,0,0,0,0
2887399987,-0.020743351,0.03144601,-0.7779775,-0.7003531,0.92519075,-0.0036330523,0.018479941,-0.3790348,0.0,0.0,-0.51102483,0,0,0,0,0
2887451991,-0.022216212,0.02647926,-0.81382006,-0.7003531,0.9182692,-0.004960586,0.016553301,-0.39557943,0.0,0.0,-0.50729895,0,0,0,0,0
2887498516,-0.023103358,0.028787868,-0.8504886,-0.70278233,0.9108514,-0.004584018,0.017875623,-0.41232163,0.0,0.0,-0.50819844,0,0,0,0,0
2887552440,-0.027712919,0.028125806,-0.88873905,-0.7076581,0.90278965,-0.0064644045,0.018651458,-0.42962903,0.0,0.0,-0.507676,0,0,0,0,0
2887601754,-0.026653107,0.02202358,-0.92416203,-0.71747875,0.8950584,-0.0070192274,0.015796471,-0.4456139,0.0,0.0,-0.5053267,0,0,0,0,0
2887655793,-0.029268745,0.026003173,-0.9597152,-0.7323841,0.88697857,-0.006978608,0.018286822,-0.46139565,0.0,0.0,-0.5024991,0,0,0,0,0
2887702382,-0.02064295,0.024362206,-0.9964064,-0.7500416,0.87839067,-0.0032457283,0.015631208,-0.4776766,0.0,0.0,-0.49947867,0,0,0,0,0
2887747674,-0.016741363,0.022071958,-1.0276545,-0.75258785,0.8708316,-0.0018652076,0.013724376,-0.49138623,0.0,0.0,-0.49642247,0,0,0,0,0
2887792583,-0.032744735,0.019155722,-1.0617205,-0.75258785,0.8622961,-0.009269481,0.016546622,-0.50604904,0.0,0.0,-0.4954472,0,0,0,0,0
2887846309,-0.025812248,0.018244414,-1.1012502,-0.76540935,0.8521528,-0.0062253466,0.014525442,-0.5230543,0.0,0.0,-0.4950078,0,0,0,0,0
2887901679,-0.024890235,0.019596528,-1.1414913,-0.76540935,0.8414587,-0.0051786597,0.014967551,-0.54008925,0.0,0.0,-0.49225053,0,0,0,0,0
2887943990,-0.030376403,0.019438768,-1.1707861,-0.76540935,0.833441,-0.0072886865,0.016491171,-0.55231416,0.0,0.0,-0.49378398,0,0,0,0,0
2888006685,-0.024615318,0.011112055,-1.2180839,-0.76799166,0.82016087,-0.006916042,0.011597368,-0.5719736,0.0,0.0,-0.49576372,0,0,0,0,0
2888047043,-0.02803616,0.02106515,-1.2476001,-0.76540935,0.81162614,-0.0052253674,0.01673549,-0.5839141,0.0,0.0,-0.49623635,0,0,0,0,0
2888093928,-0.0446457,0.008285377,-1.2819035,-0.76540935,0.80137575,-0.015414198,0.016666558,-0.5977304,0.0,0.0,-0.49631074,0,0,0,0,0
2888153712,-0.034482583,0.014284091,-1.3226836,-0.76799166,0.7891071,-0.0092194835,0.016223794,-0.6139721,0.0,0.0,-0.49594682,0,0,0,0,0
2888205874,-0.042913806,0.008188567,-1.3648671,-0.76540935,0.7759105,-0.014068407,0.01670795,-0.6304648,0.0,0.0,-0.4943499,0,0,0,0,0
2888255509,-0.04679444,0.005392388,-1.4015992,-0.76540935,0.76415557,-0.01614332,0.017145982,-0.64460194,0.0,0.0,-0.49436414,0,0,0,0,0
2888295662,-0.052056134,-0.0013080989,-1.4314457,-0.76540935,0.7543522,-0.020068074,0.016583335,-0.65595347,0.0,0.0,-0.49551192,0,0,0,0,0
2888349900,-0.04207208,-0.0037339346,-1.4715923,-0.76540935,0.74110496,-0.016845556,0.012734182,-0.67105705,0.0,0.0,-0.49772713,0,0,0,0,0
2888405563,-0.039100617,-0.009304281,-1.513053,-0.76799166,0.7270153,-0.017409014,0.010035833,-0.6863271,0.0,0.0,-0.5002341,0,0,0,0,0
2888445985,-0.030413166,-0.014714765,-1.5435392,-0.76799166,0.7164974,-0.016027937,0.0053322297,-0.6973852,0.0,0.0,-0.49964318,0,0,0,0,0
2888500284,-0.034485962,-0.02107521,-1.584205,-0.76540935,0.7020775,-0.019609084,0.004872958,-0.71181375,0.0,0.0,-0.4952888,0,0,0,0,0
2888546315,-0.036805894,-0.014793114,-1.6194834,-0.76540935,0.68945134,-0.01804614,0.008224235,-0.7240605,0.0,0.0,-0.49423406,0,0,0,0,0
2888601830,-0.030359318,-0.02687114,-1.6615335,-0.76799166,0.67402065,-0.020154512,0.0021495365,-0.7384344,0.0,0.0,-0.49190733,0,0,0,0,0
2888651205,-0.03376285,-0.031439956,-1.6986291,-0.76540935,0.660123,-0.022949068,0.002291768,-0.7508034,0.0,0.0,-0.4932255,0,0,0,0,0
2888700528,-0.031560272,-0.028066486,-1.7356412,-0.76540935,0.6461777,-0.020904869,0.0029663907,-0.76289487,0.0,0.0,-0.49532735,0,0,0,0,0
2888754818,-0.032248214,-0.036671784,-1.7760154,-0.76799166,0.6305415,-0.024394138,0.00093965814,-0.7757715,0.0,0.0,-0.49527118,0,0,0,0,0
2888801750,-0.042896833,-0.04445122,-1.8108069,-0.76799166,0.61669886,-0.030716142,0.0031503558,-0.7865934,0.0,0.0,-0.4941235,0,0,0,0,0
2888847699,-0.021357974,-0.05144424,-1.845869,-0.75258785,0.60302985,-0.0269491,-0.0070080752,-0.7972325,0.0,0.0,-0.49169418,0,0,0,0,0
2888899931,-0.020779902,-0.051725257,-1.8847519,-0.7500416,0.58742195,-0.027024062,-0.006799224,-0.80880094,0.0,0.0,-0.49262908,0,0,0,0,0
2888945201,-0.021269454,-0.052571137,-1.9164089,-0.73739964,0.5745301,-0.027614756,-0.0064136004,-0.8179923,0.0,0.0,-0.4884271,0,0,0,0,0
2888996379,-0.025702182,-0.06078714,-1.9501791,-0.72739226,0.5604652,-0.032359533,-0.006417304,-0.82752067,0.0,0.0,-0.48877892,0,0,0,0,0
2889050037,-0.024434732,-0.07033136,-1.9886745,-0.7298852,0.54432094,-0.036129456,-0.008925548,-0.838051,0.0,0.0,-0.48649186,0,0,0,0,0
2889102557,-0.024262093,-0.06377718,-2.02911,-0.72739226,0.5273622,-0.033476412,-0.0065362705,-0.84895563,0.0,0.0,-0.48561022,0,0,0,0,0
2889150361,-0.010085922,-0.074610196,-2.0640097,-0.7199484,0.51257414,-0.034597956,-0.014811038,-0.8578178,0.0,0.0,-0.48663107,0,0,0,0,0
2889201690,-0.004569445,-0.06278929,-2.0996227,-0.7224238,-0.49742594,0.028361581,0.013642968,0.8669354,0.0,0.0,-0.4881154,0,0,0,0,0
2889255175,-0.0019262919,-0.06587827,-2.1368272,-0.7199484,-0.48122594,0.029327387,0.015014139,0.87597716,0.0,0.0,-0.4879406,0,0,0,0,0
2889304748,-0.009721974,-0.07139293,-2.170558,-0.7199484,-0.46620977,0.03383108,0.012358126,0.88394076,0.0,0.0,-0.48778322,0,0,0,0,0
2889351083,-0.005608821,-0.07163868,-2.202125,-0.7199484,-0.45226726,0.033201348,0.013711001,0.8911588,0.0,0.0,-0.4913714,0,0,0,0,0
2889394908,0.004926326,-0.073430985,-2.2316775,-0.7199484,-0.43920797,0.03189163,0.018341117,0.8976318,0.0,0.0,-0.48881745,0,0,0,0,0
2889448661,-0.003717612,-0.0733061,-2.2675662,-0.7199484,-0.4228886,0.03398708,0.013826379,0.90543854,0.0,0.0,-0.4913097,0,0,0,0,0
2889499793,0.0009712076,-0.07703766,-2.3005354,-0.7125569,-0.40795726,0.034956016,0.01616412,0.9121884,0.0,0.0,-0.49282643,0,0,0,0,0
2889551985,0.009678554,-0.07335648,-2.333705,-0.7125569,-0.39294204,0.031817563,0.018859696,0.91881907,0.0,0.0,-0.4936152,0,0,0,0,0
2889598429,0.009723829,-0.07189895,-2.3678656,-0.7003531,-0.37719923,0.031452,0.018059818,0.9254217,0.0,0.0,-0.49577424,0,0,0,0,0
2889652553,0.008870627,-0.07157608,-2.403811,-0.6979295,-0.3604947,0.03177479,0.017035887,0.93206424,0.0,0.0,-0.4971867,0,0,0,0,0
2889699225,0.0060197227,-0.072106846,-2.434085,-0.7003531,-0.3462968,0.032771476,0.015308575,0.93742746,0.0,0.0,-0.49734503,0,0,0,0,0
2889751453,0.012850976,-0.06612386,-2.4680588,-0.5816019,-0.33045045,0.029076396,0.01698388,0.94322246,0.0,0.0,-0.49501252,0,0,0,0,0
2889800840,0.0142410565,-0.07392687,-2.4991255,-0.5816019,-0.31576326,0.032817096,0.018419398,0.9480914,0.0,0.0,-0.49170807,0,0,0,0,0
2889854804,0.010092238,-0.07928211,-2.5309,-0.5773185,-0.30057424,0.03628121,0.016722659,0.9529214,0.0,0.0,-0.4926127,0,0,0,0,0
2889900102,0.017975679,-0.060192026,-2.5533838,-0.5773185,-0.2899987,0.026194038,0.017320558,0.9565117,0.0,0.0,-0.4944639,0,0,0,0,0
2889956750,0.028904151,-0.0666612,-2.5883732,-0.57305515,-0.27337894,0.028109847,0.022994317,0.96122056,0.0,0.0,-0.49454513,0,0,0,0,0
2890005004,0.020501554,-0.061986126,-2.614416,-0.5562002,-0.26071456,0.027246764,0.017965226,0.9648642,0.0,0.0,-0.4930709,0,0,0,0,0
2890054129,0.015228625,-0.059005808,-2.6410878,-0.4213314,-0.2477512,0.026694074,0.014678923,0.9683446,0.0,0.0,-0.4934391,0,0,0,0,0
2890095022,0.020488542,-0.06097062,-2.6620355,-0.32142717,-0.23766804,0.02717529,0.01718477,0.9708141,0.0,0.0,-0.49234506,0,0,0,0,0
2890148812,0.024609968,-0.061006658,-2.6871228,-0.26140922,-0.22552817,0.026941564,0.01885312,0.97368157,0.0,0.0,-0.49117088,0,0,0,0,0
2890204234,0.017821124,-0.061403055,-2.7088206,-0.21789734,-0.2148588,0.028067477,0.015288913,0.976122,0.0,0.0,-0.48953152,0,0,0,0,0
2890244431,0.011443789,-0.04551055,-2.7229583,-0.20300613,-0.20786218,0.021067662,0.0103234025,0.9778768,0.0,0.0,-0.49406618,0,0,0,0,0
2890298909,0.014921545,-0.052755054,-2.7402427,-0.15472385,-0.19944875,0.024357842,0.012565539,0.9795249,0.0,0.0,-0.49386728,0,0,0,0,0
2890350376,0.011781032,-0.049887814,-2.754182,-0.053733174,-0.19257715,0.023340894,0.010579544,0.98094714,0.0,0.0,-0.49624327,0,0,0,0,0
2890402302,0.0033205114,-0.04609381,-2.7637124,0.0,-0.18780547,0.02232298,0.0059585096,0.9819345,0.0,0.0,-0.49838942,0,0,0,0,0
2890448508,0.0014369353,-0.044536024,-2.774243,0.0,-0.18261416,0.02176044,0.004772983,0.9829322,0.0,0.0,-0.50063026,0,0,0,0,0
2890501207,0.008280902,-0.035442013,-2.779084,0.0,-0.18030585,0.01668339,0.0072662286,0.98344225,0.0,0.0,-0.5038319,0,0,0,0,0
2890547577,-0.002639674,-0.028276123,-2.785061,0.0,-0.17728698,0.014147548,0.0012081297,0.9840568,0.0,0.0,-0.5061288,0,0,0,0,0
2890602996,-0.014382076,-0.031128442,-2.7879148,0.0,-0.17578271,0.016585352,-0.0043401173,0.9842797,0.0,0.0,-0.50376475,0,0,0,0,0
2890652359,-0.018002436,-0.030167408,-2.7902756,0.0,-0.17459594,0.016423248,-0.0062258053,0.9844835,0.0,0.0,-0.50270504,0,0,0,0,0
2890702993,-0.008661526,-0.024883514,-2.7906144,0.0,-0.17452158,0.013006282,-0.0020917775,0.98456526,0.0,0.0,-0.50520545,0,0,0,0,0
2890749837,-0.008838155,-0.016464153,-2.7905498,0.0,-0.17457816,0.008877063,-0.0029135514,0.984599,0.0,0.0,-0.50450987,0,0,0,0,0
2890797296,-0.014325692,-0.021658543,-2.7893233,0.0,-0.17513426,0.011916271,-0.005154074,0.984459,0.0,0.0,-0.5025162,0,0,0,0,0
2890847247,-0.016326567,-0.019358136,-2.7893233,0.0,-0.17513351,0.010959181,-0.006340583,0.9844633,0.0,0.0,-0.5058067,0,0,0,0,0
2890901081,-0.019965144,-0.023177814,-2.7893233,0.0,-0.17509095,0.013157836,-0.007796778,0.9844335,0.0,0.0,-0.5029056,0,0,0,0,0
2890946296,-0.024166316,-0.018551884,-2.7893233,0.0,-0.17509472,0.011248764,-0.010270172,0.98443377,0.0,0.0,-0.5021569,0,0,0,0,0
2891002639,-0.017377393,-0.018061165,-2.7893233,0.0,-0.17513436,0.010412807,-0.0069715055,0.9844648,0.0,0.0,-0.5016266,0,0,0,0,0
2891050859,-0.028914528,-0.00835402,-2.7893233,0.0,-0.17514604,0.006645113,-0.013501126,0.98442745,0.0,0.0,-0.50090295,0,0,0,0,0
2891100271,-0.040287286,-0.008931216,-2.7893233,0.0,-0.17509954,0.007925014,-0.019048123,0.9843345,0.0,0.0,-0.5031461,0,0,0,0,0
2891150026,-0.044079818,-0.011479296,-2.7893233,0.0,-0.17505537,0.009511017,-0.020691318,0.9842952,0.0,0.0,-0.5020931,0,0,0,0,0
2891205646,-0.03406688,-0.012329847,-2.7893233,0.0,-0.17509323,0.009053113,-0.015688688,0.98438525,0.0,0.0,-0.50078785,0,0,0,0,0
2891254906,-0.039093457,-0.007490731,-2.7893233,0.0,-0.1751186,0.007111546,-0.018586794,0.98434615,0.0,0.0,-0.5016427,0,0,0,0,0
2891304309,-0.037178222,-0.008754263,-2.7893233,0.0,-0.1751133,0.0075657167,-0.017533429,0.9843631,0.0,0.0,-0.49775818,0,0,0,0,0
2891349106,-0.04205251,0.0070761084,-2.7893233,0.0,-0.17525877,0.00020150136,-0.021319108,0.98429155,0.0,0.0,-0.5005925,0,0,0,0,0
2891404241,-0.049676634,-0.0030339197,-2.7893233,0.0,-0.17513403,0.0058448794,-0.024185758,0.98423016,0.0,0.0,-0.49783453,0,0,0,0,0
2891449721,-0.054101568,0.0032174236,-2.7893233,0.0,-0.17520386,0.003156157,-0.026910765,0.98415923,0.0,0.0,-0.5016974,0,0,0,0,0
2891496469,-0.051553536,0.0019839662,-2.7893233,0.0,-0.17519227,0.00353993,-0.0255489,0.9841963,0.0,0.0,-0.50344145,0,0,0,0,0
2891550186,-0.044837214,-0.0013185425,-2.7893233,0.0,-0.17516676,0.004576887,-0.02195441,0.98428327,0.0,0.0,-0.5043602,0,0,0,0,0
2891594151,-0.058093354,-0.004312868,-2.7893233,0.0,-0.17508939,0.0072111604,-0.028215488,0.98412174,0.0,0.0,-0.507952,0,0,0,0,0
2891649170,-0.05865847,0.0021750513,-2.7893233,0.0,-0.17518131,0.0040682475,-0.029061789,0.98409873,0.0,0.0,-0.5108881,0,0,0,0,0
2891702891,-0.05881512,-0.010472142,-2.7893233,0.0,-0.17499562,0.010304945,-0.028030917,0.9841162,0.0,0.0,-0.5073807,0,0,0,0,0
2891745129,-0.046507936,-0.013959226,-2.7893233,0.0,-0.17501394,0.010943932,-0.021668905,0.9842666,0.0,0.0,-0.50408465,0,0,0,0,0
2891803519,-0.05923297,-0.016152738,-2.7893233,0.0,-0.17490734,0.013136474,-0.027738508,0.98410636,0.0,0.0,-0.5070285,0,0,0,0,0
2891849831,-0.04252006,-0.014183761,-2.7893233,0.0,-0.17503291,0.010705445,-0.019686615,0.9843075,0.0,0.0,-0.5089375,0,0,0,0,0
2891898058,-0.05130998,-0.0063427645,-2.7893233,0.0,-0.17508672,0.007616172,-0.024699643,0.9842137,0.0,0.0,-0.509176,0,0,0,0,0
2891951733,-0.050442796,-0.0074733533,-2.7893233,0.0,-0.17507565,0.008096616,-0.024173828,0.98422486,0.0,0.0,-0.5099556,0,0,0,0,0
2891994693,-0.056422845,-0.013953494,-2.7893233,0.0,-0.1749576,0.0118085975,-0.02654858,0.98414713,0.0,0.0,-0.50803775,0,0,0,0,0
2892051173,-0.050359536,-0.016954718,-2.7893233,0.0,-0.17495339,0.012754962,-0.023301722,0.9842183,0.0,0.0,-0.5037128,0,0,0,0,0
2892100830,-0.05214567,-0.01661345,-2.7893233,0.0,-0.17494659,0.012743279,-0.024210613,0.9841977,0.0,0.0,-0.5009569,0,0,0,0,0
2892144045,-0.05083525,-0.011851089,-2.7893233,0.0,-0.17501742,0.010285203,-0.023983276,0.98421943,0.0,0.0,-0.498413,0,0,0,0,0
2892201954,-0.048210666,-0.03796821,-2.7893233,0.0,-0.1746924,0.022906534,-0.020400481,0.9841451,0.0,0.0,-0.4925071,0,0,0,0,0
2892256220,-0.04977982,-0.020239946,-2.7893233,0.0,-0.17491417,0.014320815,-0.022728343,0.9842171,0.0,0.0,-0.49236086,0,0,0,0,0
2892301285,-0.047094595,-0.019725783,-2.7893233,0.0,-0.17493963,0.013832948,-0.02145199,0.9842482,0.0,0.0,-0.49313515,0,0,0,0,0
2892346473,-0.060162157,-0.025989871,-2.7893233,0.0,-0.1747465,0.018057464,-0.027332762,0.98406833,0.0,0.0,-0.49268723,0,0,0,0,0
2892398986,-0.054651186,-0.024915734,-2.7893233,0.0,-0.17481127,0.017047396,-0.024715323,0.9841441,0.0,0.0,-0.49075395,0,0,0,0,0
2892452369,-0.056757517,-0.017473543,-2.7893233,0.0,-0.17490405,0.013569848,-0.026404606,0.9841378,0.0,0.0,-0.49081007,0,0,0,0,0
2892502298,-0.04479195,-0.020639062,-2.7893233,0.0,-0.17494455,0.014080948,-0.020238698,0.98426956,0.0,0.0,-0.48637828,0,0,0,0,0
2892555740,-0.05583095,-0.011812673,-2.7893233,0.0,-0.17499176,0.010703435,-0.026445,0.9841564,0.0,0.0,-0.48826814,0,0,0,0,0
2892600702,-0.046825096,-0.011743476,-2.7893233,0.0,-0.175039,0.009881302,-0.022019224,0.9842656,0.0,0.0,-0.48438382,0,0,0,0,0
2892647395,-0.03715485,-0.018939927,-2.7893233,0.0,-0.17501405,0.012576602,-0.01662906,0.98434514,0.0,0.0,-0.4847335,0,0,0,0,0
2892696601,-0.04573492,-0.01603935,-2.7893233,0.0,-0.1749934,0.011899929,-0.021106107,0.9842714,0.0,0.0,-0.4862127,0,0,0,0,0
2892756682,-0.048903655,-0.0148838805,-2.7893233,0.0,-0.174989,0.011608578,-0.022766838,0.9842387,0.0,0.0,-0.4888991,0,0,0,0,0
2892797087,-0.03667413,-0.015069525,-2.7893233,0.0,-0.17505491,0.010629717,-0.016731787,0.9843591,0.0,0.0,-0.48743165,0,0,0,0,0
2892851243,-0.027379777,-0.006614297,-2.7893233,0.0,-0.1751634,0.005654398,-0.012898148,0.98443866,0.0,0.0,-0.48580018,0,0,0,0,0
2892900474,-0.028009873,-0.016388575,-2.7893233,0.0,-0.17508931,0.010520484,-0.0123516545,0.98441887,0.0,0.0,-0.48213506,0,0,0,0,0
2892954542,-0.021923473,-0.01052075,-2.7893233,0.0,-0.17515561,0.007099363,-0.009870083,0.9844657,0.0,0.0,-0.4879617,0,0,0,0,0
2892995673,-0.025484012,-0.009014485,-2.7893233,0.0,-0.17515281,0.0066697723,-0.011754684,0.9844485,0.0,0.0,-0.4896545,0,0,0,0,0
2893044573,-0.010549128,-0.021470096,-2.7893233,0.0,-0.1751571,0.011492789,-0.003311644,0.98446786,0.0,0.0,-0.48961762,0,0,0,0,0
2893104441,-0.005685775,-0.011979559,-2.7893233,0.0,-0.17520475,0.0063951854,-0.001749299,0.9845097,0.0,0.0,-0.48638752,0,0,0,0,0
2893148174,-0.0006299656,-0.021213034,-2.7893233,0.0,-0.17521222,0.010497411,0.0015484039,0.9844735,0.0,0.0,-0.48169658,0,0,0,0,0
2893201717,0.00012960567,-0.029046288,-2.7893233,0.0,-0.17520781,0.014286591,0.002608527,0.98442435,0.0,0.0,-0.4849599,0,0,0,0,0
2893248469,-0.005187642,-0.022841172,-2.7893233,0.0,-0.17518418,0.011698081,-0.00055239466,0.9844661,0.0,0.0,-0.48594064,0,0,0,0,0
2893297799,0.0005414149,-0.026475215,-2.7893233,0.0,-0.17521353,0.01298499,0.0025859927,0.9844414,0.0,0.0,-0.487166,0,0,0,0,0
2893351865,0.007364059,-0.022869617,-2.7893233,0.0,-0.17525417,0.010612428,0.005628427,0.98445,0.0,0.0,-0.4924946,0,0,0,0,0
2893392514,0.0031439804,-0.024570692,-2.7893233,0.0,-0.17523094,0.011819522,0.0037001993,0.98444945,0.0,0.0,-0.49555746,0,0,0,0,0
2893452044,0.008341535,-0.028070819,-2.7893233,0.0,-0.17526421,0.013086934,0.0065650786,0.98441255,0.0,0.0,-0.4964121,0,0,0,0,0
2893501657,0.012207059,-0.027593058,-2.7893233,0.0,-0.17528832,0.012513004,0.008425867,0.9844016,0.0,0.0,-0.49630758,0,0,0,0,0
2893542421,0.020011926,-0.021569097,-2.7893233,0.0,-0.17531265,0.00886379,0.011740014,0.98440284,0.0,0.0,-0.5051003,0,0,0,0,0
2893600734,0.009567805,-0.020080049,-2.7893233,0.0,-0.17526181,0.009046195,0.0064688493,0.98445904,0.0,0.0,-0.5107238,0,0,0,0,0
2893654411,0.018845413,-0.015441852,-2.7893233,0.0,-0.17528395,0.0059500337,0.010629336,0.9844426,0.0,0.0,-0.5094246,0,0,0,0,0
2893700987,0.010174082,-0.01683992,-2.7893233,0.0,-0.17525905,0.00739814,0.0064834906,0.9844732,0.0,0.0,-0.5082802,0,0,0,0,0
2893750342,0.014239739,-0.017855382,-2.7893233,0.0,-0.17527652,0.007541704,0.008573672,0.984453,0.0,0.0,-0.5071501,0,0,0,0,0
2893800218,0.012285814,-0.014277478,-2.7893233,0.0,-0.17526077,0.00595174,0.007298528,0.984477,0.0,0.0,-0.51037306,0,0,0,0,0
2893849346,0.010303792,-0.0055717537,-2.7893233,0.0,-0.17523646,0.0018399993,0.0055602943,0.98450893,0.0,0.0,-0.506108,0,0,0,0,0
2893903181,0.0139350165,-0.011368695,-2.7893233,0.0,-0.17525727,0.0043753805,0.007855554,0.98448163,0.0,0.0,-0.50189775,0,0,0,0,0
2893954339,0.011032172,-0.0084789805,-2.7893233,0.0,-0.17524415,0.0032072777,0.0061735194,0.9845004,0.0,0.0,-0.501553,0,0,0,0,0
2893999638,0.01341229,-0.0080755,-2.7893233,0.0,-0.17524666,0.0028001107,0.0073097846,0.98449343,0.0,0.0,-0.49649683,0,0,0,0,0
2894048682,0.010075949,0.0030951053,-2.7893233,0.0,-0.17521527,-0.0024063657,0.004688835,0.984516,0.0,0.0,-0.4964661,0,0,0,0,0
2894092814,0.016125979,-0.013605623,-2.7893233,0.0,-0.17526962,0.0052844994,0.009129951,0.98446393,0.0,0.0,-0.48967764,0,0,0,0,0
2894144743,0.010841222,-0.013572083,-2.7893233,0.0,-0.175255,0.0057310993,0.0065256557,0.98448473,0.0,0.0,-0.4855119,0,0,0,0,0
2894204870,0.01624099,-0.01236024,-2.7893233,0.0,-0.17526563,0.00466139,0.0090774875,0.9844683,0.0,0.0,-0.48356587,0,0,0,0,0
2894254043,0.018452842,-0.020883525,-2.7893233,0.0,-0.17530319,0.008662995,0.010912601,0.9844158,0.0,0.0,-0.4800089,0,0,0,0,0
2894294987,0.016770085,-0.009874883,-2.7893233,0.0,-0.17525783,0.0033916235,0.009120245,0.98447454,0.0,0.0,-0.48198304,0,0,0,0,0
2894354403,0.0101187695,-0.01756897,-2.7893233,0.0,-0.17526011,0.007761858,0.0065201186,0.98447,0.0,0.0,-0.48248538,0,0,0,0,0
2894398169,0.005102837,-0.014433742,-2.7893233,0.0,-0.17523837,0.006658068,0.0037764395,0.9844963,0.0,0.0,-0.4840162,0,0,0,0,0
2894451821,0.00608636,-0.012218228,-2.7893233,0.0,-0.1752396,0.0054812995,0.004066497,0.9845022,0.0,0.0,-0.48690328,0,0,0,0,0
2894498974,0.01462428,-0.011785203,-2.7893233,0.0,-0.17526005,0.0045200055,0.008231319,0.9844774,0.0,0.0,-0.48527354,0,0,0,0,0
2894548136,0.014520075,-0.009496569,-2.7893233,0.0,-0.17525269,0.0034025628,0.007979563,0.98448527,0.0,0.0,-0.48684776,0,0,0,0,0
2894601836,0.01431491,-0.013202728,-2.7893233,0.0,-0.17526358,0.005244886,0.008203192,0.9844734,0.0,0.0,-0.4862484,0,0,0,0,0
2894655862,0.019496946,-0.0035606308,-2.7893233,0.0,-0.17523386,4.4536908e-05,0.009909422,0.984477,0.0,0.0,-0.4920346,0,0,0,0,0
2894702092,0.018562935,-0.007072399,-2.7893233,0.0,-0.17524904,0.0018550163,0.009757284,0.98447406,0.0,0.0,-0.49310133,0,0,0,0,0
2894753243,0.028453887,-0.0041417675,-2.7893233,0.0,-0.17523627,-0.00045419604,0.014369164,0.98442143,0.0,0.0,-0.49472523,0,0,0,0,0
2894798156,0.024530867,-0.005687763,-2.7893233,0.0,-0.17524579,0.00065051514,0.012573596,0.9844442,0.0,0.0,-0.4944105,0,0,0,0,0
2894852285,0.025302805,-0.00203212,-2.7893233,0.0,-0.1752239,-0.0012165267,0.012633353,0.98444676,0.0,0.0,-0.49537343,0,0,0,0,0
2894898648,0.022241253,-0.0030798565,-2.7893233,0.0,-0.1752312,-0.00043256462,0.011218151,0.98446333,0.0,0.0,-0.4951024,0,0,0,0,0
2894948344,0.01925318,-0.0019400283,-2.7893233,0.0,-0.17522636,-0.0007318338,0.0096474625,0.9844806,0.0,0.0,-0.4921936,0,0,0,0,0
2895001998,0.02146713,-0.0032274895,-2.7893233,0.0,-0.17523207,-0.00029206893,0.010850035,0.9844673,0.0,0.0,-0.48640844,0,0,0,0,0
2895055843,0.02620644,-0.002954966,-2.7893233,0.0,-0.17522918,-0.0008414497,0.013158978,0.9844394,0.0,0.0,-0.4861581,0,0,0,0,0
2895102463,0.029511582,0.0031388197,-2.7893233,0.0,-0.17518327,-0.0041304515,0.014251979,0.984424,0.0,0.0,-0.48472112,0,0,0,0,0
2895153297,0.028253198,0.0005234246,-2.7893233,0.0,-0.17520423,-0.0027328932,0.013861719,0.98443073,0.0,0.0,-0.4837024,0,0,0,0,0
2895198623,0.028184049,-0.003258427,-2.7893233,0.0,-0.17523034,-0.00086534815,0.014158971,0.9844253,0.0,0.0,-0.4848342,0,0,0,0,0
2895248048,0.030315848,0.011731863,-2.7893233,0.0,-0.17511466,-0.008430385,0.013894841,0.98441386,0.0,0.0,-0.49153763,0,0,0,0,0
2895301748,0.022223393,0.0016636761,-2.7893233,0.0,-0.17520538,-0.0027659277,0.0107938005,0.98446894,0.0,0.0,-0.48989278,0,0,0,0,0
2895348553,0.021998093,-0.007880186,-2.7893233,0.0,-0.17525607,0.0019516302,0.01151893,0.98445356,0.0,0.0,-0.48912868,0,0,0,0,0
2895398300,0.032870207,-0.004637862,-2.7893233,0.0,-0.17523874,-0.0005969668,0.016586335,0.9843861,0.0,0.0,-0.4886847,0,0,0,0,0
2895454649,0.035622746,-0.0061989734,-2.7893233,0.0,-0.17525108,-6.978076e-05,0.018077813,0.9843577,0.0,0.0,-0.48857272,0,0,0,0,0
2895499558,0.027753713,0.0039059927,-2.7893233,0.0,-0.17518148,-0.0043540886,0.013319513,0.98443645,0.0,0.0,-0.49072653,0,0,0,0,0
2895549090,0.01667977,-0.0013020608,-2.7893233,0.0,-0.17522459,-0.00082040636,0.008324829,0.98449296,0.0,0.0,-0.4926456,0,0,0,0,0
2895598770,0.030756135,-0.00476668,-2.7893233,0.0,-0.17524022,-0.00034832757,0.015557076,0.9844027,0.0,0.0,-0.49642637,0,0,0,0,0
2895646651,0.021141259,-0.00691327,-2.7893233,0.0,-0.17525049,0.0015507613,0.011012483,0.98446107,0.0,0.0,-0.49546906,0,0,0,0,0
2895700396,0.028511379,-0.009415597,-2.7893233,0.0,-0.17527167,0.0021366267,0.014859338,0.98440564,0.0,0.0,-0.49970096,0,0,0,0,0
2895750192,0.020172326,-0.010362567,-2.7893233,0.0,-0.17526554,0.0033335404,0.010837654,0.9844559,0.0,0.0,-0.5036814,0,0,0,0,0
2895804045,0.015875295,-0.010501064,-2.7893233,0.0,-0.17525847,0.0037782677,0.0087346425,0.9844765,0.0,0.0,-0.50134045,0,0,0,0,0
2895844415,0.011736156,-0.009714522,-2.7893233,0.0,-0.17524835,0.0037537916,0.006628285,0.9844948,0.0,0.0,-0.49996796,0,0,0,0,0
2895904499,0.019763768,-0.009459394,-2.7893233,0.0,-0.17526084,0.0029247669,0.010557447,0.98446107,0.0,0.0,-0.50039524,0,0,0,0,0
2895945064,0.013630356,-0.009609415,-2.7893233,0.0,-0.17525151,0.0035360737,0.00755149,0.9844884,0.0,0.0,-0.5023673,0,0,0,0,0
2896003515,0.009861494,-0.0063592927,-2.7893233,0.0,-0.17523779,0.002266425,0.005411563,0.98450863,0.0,0.0,-0.5047398,0,0,0,0,0
2896052877,0.0043285917,-0.005324597,-2.7893233,0.0,-0.17523001,0.002241861,0.002597302,0.98452157,0.0,0.0,-0.506904,0,0,0,0,0
2896097892,0.011061525,-0.011052192,-2.7893233,0.0,-0.17525013,0.0044713765,0.006413373,0.9844929,0.0,0.0,-0.50504166,0,0,0,0,0
2896147528,0.009586881,-0.016213484,-2.7893233,0.0,-0.17525585,0.0071412367,0.0061395797,0.9844779,0.0,0.0,-0.5017303,0,0,0,0,0
2896196736,0.0050331824,-0.012809957,-2.7893233,0.0,-0.17523709,0.0058648596,0.0035999056,0.9845022,0.0,0.0,-0.4983427,0,0,0,0,0
2896256488,0.0028067208,-0.010511831,-2.7893233,0.0,-0.17523004,0.004928668,0.002302593,0.9845125,0.0,0.0,-0.49652398,0,0,0,0,0
2896296984,0.00031200744,-0.002421388,-2.7893233,0.0,-0.17522542,0.0011646264,0.00036573422,0.9845276,0.0,0.0,-0.50069666,0,0,0,0,0
2896351279,0.0029765542,-0.001783335,-2.7893233,0.0,-0.1752264,0.0006170872,0.0016214923,0.98452663,0.0,0.0,-0.50218165,0,0,0,0,0
2896400508,-0.005942498,0.0027787648,-2.7893233,0.0,-0.1752285,-0.00084724295,-0.0031687252,0.98452234,0.0,0.0,-0.504431,0,0,0,0,0
2896454635,-0.008458984,-0.0049767517,-2.7893233,0.0,-0.1752129,0.0031909621,-0.003728008,0.98451835,0.0,0.0,-0.50268906,0,0,0,0,0
2896501432,-0.006316856,-0.006312637,-2.7893233,0.0,-0.1752138,0.0036608977,-0.002556478,0.98452026,0.0,0.0,-0.5028333,0,0,0,0,0
2896544797,0.0044940244,-0.0015278623,-2.7893233,0.0,-0.17522654,0.0003583768,0.0023461042,0.9845253,0.0,0.0,-0.50378007,0,0,0,0,0
2896600085,0.0057706796,-0.004376276,-2.7893233,0.0,-0.17523046,0.0016486903,0.0032241032,0.9845208,0.0,0.0,-0.49983647,0,0,0,0,0
2896649423,0.008709535,-0.0050824285,-2.7893233,0.0,-0.17523402,0.0017388102,0.0047326447,0.98451394,0.0,0.0,-0.49769995,0,0,0,0,0
2896703193,0.003407364,-0.00595633,-2.7893233,0.0,-0.17522933,0.0026335523,0.0021991634,0.9845217,0.0,0.0,-0.4978932,0,0,0,0,0
2896748129,0.0016011636,-0.0025252693,-2.7893233,0.0,-0.17522614,0.0011028167,0.0010094403,0.9845271,0.0,0.0,-0.4988709,0,0,0,0,0
2896802467,0.0037908189,-0.005657071,-2.7893233,0.0,-0.17522964,0.0024526422,0.0023617048,0.98452175,0.0,0.0,-0.49772185,0,0,0,0,0
2896851811,0.005938021,-0.005748706,-2.7893233,0.0,-0.17523232,0.0023096225,0.003426715,0.98451847,0.0,0.0,-0.49928623,0,0,0,0,0
2896898130,0.0055128476,-0.00035521388,-2.7893233,0.0,-0.17522517,-0.00030813628,0.002744895,0.98452455,0.0,0.0,-0.5008646,0,0,0,0,0
2896956625,-0.0026647064,-0.0011675654,-2.7893233,0.0,-0.17522442,0.00080821203,-0.0012094454,0.9845274,0.0,0.0,-0.5030994,0,0,0,0,0
2896996921,-2.1194523e-05,-0.008910302,-2.7893233,0.0,-0.17522359,0.0043880646,0.00077021966,0.9845186,0.0,0.0,-0.50074023,0,0,0,0,0
2897046562,0.0029532595,-0.008335481,-2.7893233,0.0,-0.1752297,0.0038445017,0.0021840618,0.98451763,0.0,0.0,-0.49933866,0,0,0,0,0
2897106634,0.0022147554,-0.004254683,-2.7893233,0.0,-0.1752272,0.0019003848,0.0014630058,0.98452514,0.0,0.0,-0.49815378,0,0,0,0,0
2897154596,0.002363747,-0.010825882,-2.7893233,0.0,-0.17522897,0.0051220725,0.0021120498,0.98451215,0.0,0.0,-0.49872217,0,0,0,0,0
2897200775,0.0015386676,-0.0046211705,-2.7893233,0.0,-0.1752266,0.0021400277,0.0011623015,0.98452514,0.0,0.0,-0.5041652,0,0,0,0,0
2897250428,0.0061734742,-0.004479161,-2.7893233,0.0,-0.17523089,0.0016640457,0.0034313968,0.98452,0.0,0.0,-0.5032806,0,0,0,0,0
2897304296,0.0056630378,-0.0036208616,-2.7893233,0.0,-0.17522945,0.0012862599,0.003104934,0.98452187,0.0,0.0,-0.50302166,0,0,0,0,0
2897350722,0.00080525485,-0.0074177207,-2.7893233,0.0,-0.1752256,0.0035809192,0.00104628,0.98452127,0.0,0.0,-0.49800628,0,0,0,0,0
2897400335,0.0026926405,-0.008667414,-2.7893233,0.0,-0.17522933,0.0040307324,0.00208485,0.9845172,0.0,0.0,-0.49563527,0,0,0,0,0
2897449744,-0.0020156568,-0.014381319,-2.7893233,0.0,-0.17521362,0.007255936,0.00026776458,0.9845037,0.0,0.0,-0.49561083,0,0,0,0,0
2897499160,-0.0069613345,-0.012355231,-2.7893233,0.0,-0.17519978,0.0066918503,-0.0023442819,0.9845074,0.0,0.0,-0.5009128,0,0,0,0,0
2897553256,-0.0012399997,-0.009568992,-2.7893233,0.0,-0.17522039,0.004819091,0.00022796133,0.98451746,0.0,0.0,-0.5049484,0,0,0,0,0
2897599769,-0.0014047018,-0.0117566455,-2.7893233,0.0,-0.17521821,0.0059104073,0.0003385526,0.98451185,0.0,0.0,-0.50469184,0,0,0,0,0
2897649185,-0.0036059644,-0.016402867,-2.7893233,0.0,-0.17520463,0.008390356,-0.00033794585,0.98449624,0.0,0.0,-0.50539804,0,0,0,0,0
2897702970,-0.0055333124,-0.009906106,-2.7893233,0.0,-0.17520905,0.005361163,-0.0018559207,0.98451495,0.0,0.0,-0.5070103,0,0,0,0,0
2897749757,-0.003674855,-0.01280165,-2.7893233,0.0,-0.17520991,0.006623697,-0.00068738393,0.9845086,0.0,0.0,-0.5052421,0,0,0,0,0
2897803588,-0.0063338582,-0.025705319,-2.7893233,0.0,-0.17516994,0.013208275,-0.00086563046,0.9844492,0.0,0.0,-0.5015845,0,0,0,0,0
2897848627,-0.001651627,-0.018149346,-2.7893233,0.0,-0.17521073,0.0090788435,0.00077708706,0.98448884,0.0,0.0,-0.5006981,0,0,0,0,0
2897898029,0.001579416,-0.01604702,-2.7893233,0.0,-0.1752259,0.007760912,0.0021833712,0.9844953,0.0,0.0,-0.500102,0,0,0,0,0
2897952016,0.0035640434,-0.018365938,-2.7893233,0.0,-0.17523383,0.008728511,0.00336344,0.9844824,0.0,0.0,-0.49804378,0,0,0,0,0
2898005722,0.004852622,-0.02088977,-2.7893233,0.0,-0.17524026,0.0098579405,0.004218809,0.9844673,0.0,0.0,-0.49949396,0,0,0,0,0
2898052395,0.004125991,-0.017650148,-2.7893233,0.0,-0.17523609,0.00832693,0.0035773504,0.98448473,0.0,0.0,-0.4999864,0,0,0,0,0
2898101768,0.010921491,-0.019259924,-2.7893233,0.0,-0.17526639,0.008523871,0.0070633446,0.9844588,0.0,0.0,-0.4988781,0,0,0,0,0
2898155994,0.0019037271,-0.033445466,-2.7892911,1.7904276e-07,-0.1752323,0.0162964,0.0038673768,0.98438466,0.0,0.0,-0.49210653,0,0,0,0,0
2898202338,0.0015996016,-0.020818403,-2.7892911,3.3662246e-07,-0.17523985,0.010107785,0.0026114688,0.9844704,0.0,0.0,-0.50704485,0,0,0,0,0
2898251693,0.0045860163,-0.027212698,-2.765638,0.11728554,-0.18688501,0.012937756,0.0047949674,0.9822849,0.0,0.0,-0.506901,0,0,0,0,0
2898301129,0.017382314,-0.009986642,-2.7346675,0.29058465,-0.20209403,0.003134012,0.009520587,0.9793148,0.0,0.0,-0.5079685,0,0,0,0,0
2898350620,0.0096813515,-0.010966301,-2.6880777,0.54518163,-0.22483906,0.0042544384,0.0059493645,0.97436845,0.0,0.0,-0.5069975,0,0,0,0,0
2898405601,0.024668539,0.0057210973,-2.6403246,0.7004122,-0.24796413,-0.0058299904,0.0112391235,0.96868646,0.0,0.0,-0.502426,0,0,0,0,0
2898443760,0.021861214,-0.0034726541,-2.6186805,0.40704176,-0.25848994,-0.0011481481,0.011007692,0.9659505,0.0,0.0,-0.494024,0,0,0,0,0
2898499454,0.034674797,0.02091754,-2.5672088,0.41890788,-0.28302836,-0.014939204,0.013663513,0.9588978,0.0,0.0,-0.48615843,0,0,0,0,0
2898548711,0.045778614,0.0016284061,-2.5277734,0.7853982,-0.30201712,-0.0076905293,0.021571899,0.95302737,0.0,0.0,-0.48028374,0,0,0,0,0
2898604046,0.039460007,0.029200977,-2.484355,0.7853982,-0.32236624,-0.020182513,0.0139600085,0.9462969,0.0,0.0,-0.47794488,0,0,0,0,0
2898645961,0.048488714,0.014007397,-2.4514492,0.7853982,-0.33799675,-0.014788842,0.020444002,0.94080895,0.0,0.0,-0.47722414,0,0,0,0,0
2898701391,0.030557936,0.012812599,-2.4153264,0.6043569,-0.35506457,-0.011414636,0.012006488,0.934695,0.0,0.0,-0.47570577,0,0,0,0,0
2898745333,0.02612174,0.00072413555,-2.3733556,0.7853982,-0.3747056,-0.005229973,0.011973098,0.9270518,0.0,0.0,-0.4796137,0,0,0,0,0
2898798941,0.01688966,-0.006687603,-2.3385994,0.7853982,-0.39080626,-0.00022237367,0.009079834,0.92042816,0.0,0.0,-0.48153856,0,0,0,0,0
2898852973,0.016056763,-0.007761727,-2.2888625,0.6421212,-0.41357604,0.0002131176,0.008914436,0.91042596,0.0,0.0,-0.4849777,0,0,0,0,0
2898902055,-0.0015353695,0.0028518548,-2.2626097,0.7853982,-0.4254798,-0.00096378446,-0.0013014319,0.9049665,0.0,0.0,-0.49038404,0,0,0,0,0
2898951686,0.0019093989,0.009937604,-2.2158117,0.7853982,-0.44652632,-0.004872195,-0.0013645184,0.89475626,0.0,0.0,-0.49321383,0,0,0,0,0
2898994598,0.0006585998,0.029832976,-2.177724,0.7853982,-0.4634382,-0.013369621,-0.0066216877,0.8860037,0.0,0.0,-0.49574143,0,0,0,0,0
2899052249,-0.0063915583,0.028460782,-2.1323545,0.7853982,-0.4834624,-0.010911294,-0.009676921,0.8752436,0.0,0.0,-0.49526343,0,0,0,0,0
2899099029,-0.038042128,0.026628334,-2.096146,0.55184984,-0.4993265,-0.00203911,-0.023124179,0.8661029,0.0,0.0,-0.49840763,0,0,0,0,0
2899149481,-0.038350035,0.041252837,-2.0559118,0.77082,0.51670396,0.007754233,0.02706629,-0.85570115,0.0,0.0,-0.49721238,0,0,0,0,0
2899197282,-0.030232076,0.026027031,-2.0194457,0.7786676,0.5321561,0.0029745828,0.019720389,-0.84641135,0.0,0.0,-0.4942259,0,0,0,0,0
2899252960,-0.061152153,0.030577336,-1.9794446,0.7602488,0.548992,-0.0040063807,0.0339388,-0.8351286,0.0,0.0,-0.4969242,0,0,0,0,0
2899301394,-0.0915612,0.04052324,-1.9483727,0.7853982,0.56190443,-0.008964556,0.04922188,-0.82568777,0.0,0.0,-0.5011922,0,0,0,0,0
2899351747,-0.080875985,0.038467072,-1.8970509,0.7853982,0.58292943,-0.007945189,0.044044163,-0.8112893,0.0,0.0,-0.501902,0,0,0,0,0
2899404847,-0.083120205,0.027835429,-1.855357,0.7853982,0.5995801,-0.013786333,0.04158373,-0.79911476,0.0,0.0,-0.49919823,0,0,0,0,0
2899455249,-0.071369275,0.021151185,-1.8235368,0.7853982,0.61222285,-0.013490124,0.03467598,-0.78980935,0.0,0.0,-0.4973355,0,0,0,0,0
2899504858,-0.07841827,0.031785354,-1.776851,0.7853982,0.6305539,-0.012393198,0.040432133,-0.77499247,0.0,0.0,-0.49747172,0,0,0,0,0
2899554148,-0.086514324,0.033347234,-1.7426981,0.69656765,0.64365494,-0.015090091,0.043809228,-0.7639119,0.0,0.0,-0.49944013,0,0,0,0,0
2899595241,-0.083498485,0.030336577,-1.7128136,0.76318085,0.6549884,-0.015892074,0.041457046,-0.7543335,0.0,0.0,-0.5039733,0,0,0,0,0
2899648724,-0.08250294,0.02483092,-1.6638049,0.68518823,0.67322433,-0.018601997,0.038836785,-0.7381833,0.0,0.0,-0.5065712,0,0,0,0,0
2899698526,-0.07453374,0.030288137,-1.6304176,0.7167329,0.68557245,-0.014530842,0.037492935,-0.7268931,0.0,0.0,-0.50626016,0,0,0,0,0
2899744894,-0.05911406,0.0391431,-1.5882833,0.7853982,0.70086944,-0.0067568,0.034785587,-0.7124089,0.0,0.0,-0.50536054,0,0,0,0,0
2899797198,-0.07318188,0.04255487,-1.5522029,0.62346953,0.713556,-0.011207587,0.040793855,-0.69931966,0.0,0.0,-0.5031611,0,0,0,0,0
2899849591,-0.06797522,0.05059477,-1.506049,0.7304009,0.729557,-0.0074977204,0.041675422,-0.68260795,0.0,0.0,-0.50153255,0,0,0,0,0
2899898387,-0.07252678,0.050365876,-1.4776255,0.7853982,0.73916304,-0.009848494,0.043009818,-0.67207974,0.0,0.0,-0.49773353,0,0,0,0,0
2899950182,-0.06409302,0.041582774,-1.4270436,0.6761037,0.75594604,-0.0106197465,0.0366767,-0.65351945,0.0,0.0,-0.49169186,0,0,0,0,0
2900005664,-0.06816969,0.04108417,-1.3835483,0.7853982,0.76995236,-0.013143289,0.03754355,-0.6368603,0.0,0.0,-0.49099478,0,0,0,0,0
2900045976,-0.0702004,0.045999553,-1.3519219,0.7853982,0.77992433,-0.012989401,0.03987966,-0.6244669,0.0,0.0,-0.49217236,0,0,0,0,0
2900106445,-0.07943765,0.04592276,-1.3043519,0.7853982,0.79448223,-0.017627073,0.042326257,-0.60555416,0.0,0.0,-0.49410185,0,0,0,0,0
2900148027,-0.060922146,0.03482087,-1.2716848,0.7853982,0.8043915,-0.014166649,0.032084674,-0.59306335,0.0,0.0,-0.48964685,0,0,0,0,0
2900196353,-0.06471843,0.043408077,-1.2410904,0.7853982,0.8133524,-0.013702581,0.036455426,-0.5804662,0.0,0.0,-0.4883483,0,0,0,0,0
2900255517,-0.05944692,0.04187999,-1.1917926,0.70151,0.82744807,-0.012844941,0.03399818,-0.56036484,0.0,0.0,-0.4856267,0,0,0,0,0
2900296536,-0.050205454,0.037138473,-1.1558261,0.6516497,0.83745086,-0.010880156,0.029257126,-0.54562044,0.0,0.0,-0.48730958,0,0,0,0,0
2900350264,-0.04539711,0.04383,-1.1128176,0.69364136,0.8489973,-0.007698075,0.030587103,-0.527455,0.0,0.0,-0.4762939,0,0,0,0,0
2900400197,-0.0375853,0.03546138,-1.0858502,0.7853982,0.8560875,-0.0069284784,0.024884548,-0.5161851,0.0,0.0,-0.4711133,0,0,0,0,0
2900453527,-0.04000342,0.041066494,-1.0385944,0.7853982,0.86801535,-0.007172747,0.02774499,-0.49570972,0.0,0.0,-0.46025026,0,0,0,0,0
2900500632,-0.045213994,0.039170448,-0.99544847,0.6626469,0.8784897,-0.010511088,0.027993683,-0.47682458,0.0,0.0,-0.45086777,0,0,0,0,0
2900545384,-0.04011106,0.04859714,-0.95956767,0.7853982,0.8868794,-0.006572156,0.030802708,-0.46092615,0.0,0.0,-0.4450574,0,0,0,0,0
2900599392,-0.039436165,0.047483806,-0.92480516,0.7853982,0.8947659,-0.0070530353,0.030035662,-0.4454683,0.0,0.0,-0.444445,0,0,0,0,0
2900653020,-0.042234033,0.04947791,-0.8750501,0.71846384,0.9055453,-0.008642121,0.031345196,-0.4230017,0.0,0.0,-0.43366656,0,0,0,0,0
2900693474,-0.050126407,0.041617293,-0.84959304,0.7853982,0.91085416,-0.01425565,0.029278021,-0.41144168,0.0,0.0,-0.43096218,0,0,0,0,0
2900753459,-0.0406628,0.058321826,-0.80275035,0.7853982,0.92017466,-0.0073175565,0.034773227,-0.38989207,0.0,0.0,-0.42912364,0,0,0,0,0
2900800779,-0.050598603,0.05812205,-0.759903,0.56380576,0.92826605,-0.012709541,0.036353957,-0.36991757,0.0,0.0,-0.43171683,0,0,0,0,0
2900847980,-0.06441349,0.05624663,-0.7219619,0.7853982,0.9350157,-0.02018745,0.037662383,-0.35202226,0.0,0.0,-0.44344562,0,0,0,0,0
2900904874,-0.06216811,0.06507313,-0.6772374,0.7853982,0.94259566,-0.018497676,0.04098724,-0.33089477,0.0,0.0,-0.46350947,0,0,0,0,0
2900948232,-0.058503576,0.061357237,-0.64322025,0.7853982,0.94815916,-0.018043293,0.038329303,-0.3149595,0.0,0.0,-0.47692508,0,0,0,0,0
2901001267,-0.05799242,0.06752048,-0.61231875,0.7853982,0.95284915,-0.017459119,0.040903907,-0.30016735,0.0,0.0,-0.49087015,0,0,0,0,0
2901047314,-0.049684238,0.05926915,-0.5654384,0.7853982,0.95978796,-0.015579635,0.035371546,-0.2780526,0.0,0.0,-0.5003242,0,0,0,0,0
2901102608,-0.03287438,0.048954807,-0.5292983,0.63680834,0.9648701,-0.009458384,0.027917659,-0.26106864,0.0,0.0,-0.5109324,0,0,0,0,0
2901144843,-0.046390276,0.035436418,-0.48880383,0.7853982,0.9699684,-0.018214274,0.022797422,-0.24147433,0.0,0.0,-0.51988447,0,0,0,0,0
2901204559,-0.03559365,0.031951047,-0.4418583,0.7853982,0.9754776,-0.013861014,0.019483322,-0.21879622,0.0,0.0,-0.5331634,0,0,0,0,0
2901251188,-0.03899695,0.03357732,-0.40523204,0.7853982,0.9792851,-0.015718082,0.020364251,-0.20084532,0.0,0.0,-0.542778,0,0,0,0,0
2901300373,-0.03251659,0.020560822,-0.370852,0.5847473,0.9827068,-0.014082979,0.013099844,-0.18416686,0.0,0.0,-0.549261,0,0,0,0,0
2901354452,-0.035007104,0.022206154,-0.32413653,0.5918561,0.986715,-0.015480956,0.013779725,-0.16113327,0.0,0.0,-0.5541154,0,0,0,0,0
2901401557,-0.028050564,0.027966617,-0.300617,0.7853982,0.9885604,-0.011771705,0.015923752,-0.14951989,0.0,0.0,-0.5475939,0,0,0,0,0
2901447285,-0.011218834,0.028229808,-0.2521092,0.7853982,0.9919612,-0.0037898722,0.014707373,-0.12562798,0.0,0.0,-0.5288215,0,0,0,0,0
2901503256,-0.015132521,0.038776305,-0.21547902,0.6709043,0.99400216,-0.005436263,0.020087425,-0.10736208,0.0,0.0,-0.5149994,0,0,0,0,0
2901543089,-0.03726357,0.028559996,-0.1888281,0.7853982,0.99529713,-0.017199889,0.015969658,-0.09398302,0.0,0.0,-0.508135,0,0,0,0,0
2901603342,-0.0051603015,0.017587358,-0.13959228,0.7853982,0.997525,-0.0019605095,0.008952058,-0.06971393,0.0,0.0,-0.51061517,0,0,0,0,0
2901649887,-0.017788434,0.009133554,-0.09223747,0.7853982,0.9988887,-0.008674021,0.0049717603,-0.04605951,0.0,0.0,-0.50883645,0,0,0,0,0
2901703643,-0.04034745,0.014341401,-0.055923015,0.6426425,0.9993841,-0.019963516,0.0077303387,-0.027806867,0.0,0.0,-0.5165955,0,0,0,0,0
2901749002,-0.039424244,-0.0010083062,-0.014282774,0.7853982,0.99978006,-0.019713938,-0.0003632807,-0.007149875,0.0,0.0,-0.5151462,0,0,0,0,0
2901798471,-0.03772923,-0.0017363452,0.018948209,0.67648786,0.99977696,-0.018854419,-0.0010466911,0.009455897,0.0,0.0,-0.5116093,0,0,0,0,0
2901856541,-0.019833894,-0.00014186118,0.06549247,0.68942696,0.99941474,-0.009909146,-0.0003955684,0.03273807,0.0,0.0,-0.5053877,0,0,0,0,0
2901896843,-0.01781041,-0.0015095886,0.09592822,0.7306719,0.9988104,-0.008858656,-0.0011808571,0.0479371,0.0,0.0,-0.50306046,0,0,0,0,0
2901951204,-0.031069301,-0.0044778204,0.14455853,0.7853982,0.9972686,-0.01533176,-0.0033546009,0.07217276,0.0,0.0,-0.5035458,0,0,0,0,0
2901998086,-0.03469628,-0.011936807,0.18047085,0.53174186,0.99577326,-0.01673864,-0.007506379,0.08999474,0.0,0.0,-0.50016207,0,0,0,0,0
2902053100,-0.0447431,0.0037408317,0.21746309,0.7853982,0.9938395,-0.022440461,-0.0005685922,0.108531676,0.0,0.0,-0.49811512,0,0,0,0,0
2902093857,-0.03537898,-0.003927345,0.24965261,0.7853982,0.9920665,-0.017306462,-0.0041503524,0.12444821,0.0,0.0,-0.5013636,0,0,0,0,0
2902153291,-0.05156422,-0.0017183225,0.30327725,0.7853982,0.98819935,-0.025353685,-0.004743185,0.15098599,0.0,0.0,-0.4956387,0,0,0,0,0
2902200099,-0.05062604,-0.010385568,0.333325,0.7853982,0.9858365,-0.024098115,-0.009317892,0.16570704,0.0,0.0,-0.49909788,0,0,0,0,0
2902249268,-0.03810881,-0.0033814653,0.36759263,0.7853982,0.98298293,-0.018423365,-0.0051441835,0.18269815,0.0,0.0,-0.49755645,0,0,0,0,0
2902303129,-0.045077935,-0.012617307,0.36854747,0.69046664,0.98282635,-0.020999407,-0.010329671,0.18304266,0.0,0.0,-0.49535516,0,0,0,0,0
2902349848,-0.049009737,-0.015895687,0.36854747,0.6401067,0.9827791,-0.022630965,-0.012300355,0.18298039,0.0,0.0,-0.4934647,0,0,0,0,0
2902396205,-0.04928109,-0.020998804,0.3688991,0.31287107,0.9827322,-0.022293765,-0.014836486,0.18308537,0.0,0.0,-0.49119347,0,0,0,0,0
2902450268,-0.048470356,-0.036310636,0.36886525,0.25802276,0.9826705,-0.020489583,-0.022284484,0.18287227,0.0,0.0,-0.4867041,0,0,0,0,0
2902499580,-0.055683568,-0.029609425,0.36749932,0.22526257,0.982752,-0.024662614,-0.019635275,0.1822214,0.0,0.0,-0.48627073,0,0,0,0,0
2902553681,-0.035093397,-0.019918833,0.36749932,0.25595132,0.9829973,-0.015430118,-0.0129958475,0.18250841,0.0,0.0,-0.48066124,0,0,0,0,0
2902600412,-0.022008635,-0.02557194,0.365296,0.08634423,0.9832518,-0.0084980065,-0.014570744,0.18146996,0.0,0.0,-0.47430006,0,0,0,0,0
2902653967,-0.037483234,-0.022786815,0.36271513,0.14054209,0.9834017,-0.016377408,-0.014584257,0.18011168,0.0,0.0,-0.47445068,0,0,0,0,0
2902700440,-0.04291218,-0.031235367,0.36271513,0.06803943,0.98331386,-0.01828389,-0.01922655,0.179972,0.0,0.0,-0.47392204,0,0,0,0,0
2902750018,-0.026871586,-0.02972771,0.35965452,0.0638724,0.98371285,-0.010559072,-0.017025093,0.17862725,0.0,0.0,-0.47278044,0,0,0,0,0
2902799446,-0.03240229,-0.025970386,0.35494143,0.019868651,0.98411834,-0.013652588,-0.015638996,0.17629547,0.0,0.0,-0.477466,0,0,0,0,0
2902845973,-0.016952531,-0.033752482,0.3498599,0.006304363,0.984588,-0.0054087373,-0.018092277,0.17386729,0.0,0.0,-0.47934186,0,0,0,0,0
2902905718,-0.020673448,-0.057773877,0.34985986,0.004987779,0.98432726,-0.0051480536,-0.030238828,0.17366324,0.0,0.0,-0.480138,0,0,0,0,0
2902946464,-0.021416223,-0.045522455,0.34550348,-0.058820207,0.98484576,-0.0066338414,-0.024259362,0.17159931,0.0,0.0,-0.4825664,0,0,0,0,0
2903001611,-0.0023359112,-0.03930881,0.34050813,-0.030262344,0.9853546,0.0021790368,-0.019566828,0.16937728,0.0,0.0,-0.4852718,0,0,0,0,0
2903055693,0.019196829,-0.038873862,0.3363065,-0.05245483,0.98563266,0.012713749,-0.017554615,0.16750655,0.0,0.0,-0.4826711,0,0,0,0,0
2903097717,0.011893581,-0.0569708,0.33171782,-0.080651455,0.9858314,0.0105649745,-0.02710879,0.16519666,0.0,0.0,-0.480208,0,0,0,0,0
2903147300,-0.0053589987,-0.06113304,0.33171782,-0.05925391,0.9858262,0.0024042223,-0.030584425,0.16494104,0.0,0.0,-0.47727922,0,0,0,0,0
2903194087,-0.019315558,-0.04800168,0.32818753,-0.040484276,0.98627454,-0.005604974,-0.025252255,0.16307503,0.0,0.0,-0.47459936,0,0,0,0,0
2903249169,-0.0026754169,-0.055067096,0.32437113,-0.13040741,0.9865077,0.0031257733,-0.027384682,0.16137777,0.0,0.0,-0.47544417,0,0,0,0,0
2903295851,0.021006297,-0.05574971,0.32079637,-0.091950424,0.9866791,0.014815217,-0.025835179,0.15992942,0.0,0.0,-0.4774436,0,0,0,0,0
2903349522,0.0075993496,-0.051080786,0.32079637,-0.047277518,0.98681927,0.007828285,-0.024602976,0.15975384,0.0,0.0,-0.4755914,0,0,0,0,0
2903396454,0.0019151251,-0.05075532,0.31844255,-0.047767594,0.98702884,0.0049683247,-0.024902185,0.15852226,0.0,0.0,-0.4780792,0,0,0,0,0
2903450068,0.035161715,-0.058697425,0.31637648,-0.037650105,0.98685527,0.021974884,-0.026205469,0.1579466,0.0,0.0,-0.4757048,0,0,0,0,0
2903505427,0.024265276,-0.05638317,0.31480303,-0.08282754,0.98711926,0.016395785,-0.025936322,0.1570163,0.0,0.0,-0.47362104,0,0,0,0,0
2903546182,0.022485824,-0.05333284,0.31480303,-0.039922167,0.98717743,0.015279009,-0.02457029,0.15698281,0.0,0.0,-0.47238302,0,0,0,0,0
2903605733,0.01982548,-0.039437927,0.3136027,-0.04248908,0.9874608,0.01286802,-0.017927185,0.1563146,0.0,0.0,-0.47304463,0,0,0,0,0
2903646177,0.01716076,-0.040770274,0.3123966,-0.037311528,0.987557,0.011644912,-0.018800326,0.15569863,0.0,0.0,-0.4727556,0,0,0,0,0
2903695582,0.019871479,-0.03787008,0.3117162,-0.02479542,0.98762363,0.01275231,-0.017161481,0.1553782,0.0,0.0,-0.47307226,0,0,0,0,0
2903755608,0.024017874,-0.04371736,0.3117162,-0.017157722,0.9875307,0.015252815,-0.019726815,0.15543887,0.0,0.0,-0.4788742,0,0,0,0,0
2903796533,0.02532514,-0.045226783,0.31087473,-0.01330388,0.9875678,0.016006626,-0.0203773,0.15504308,0.0,0.0,-0.48886213,0,0,0,0,0
2903850317,0.033539057,-0.039337378,0.3099676,-0.015126952,0.9876331,0.019600064,-0.016840965,0.1546384,0.0,0.0,-0.5038508,0,0,0,0,0
2903894708,0.040021192,-0.037807643,0.30934852,-0.013719886,0.9876292,0.022678388,-0.015591251,0.15437362,0.0,0.0,-0.51106447,0,0,0,0,0
2903952300,0.046499286,-0.03048059,0.30934852,-0.01568219,0.9876254,0.025314514,-0.011472639,0.15434879,0.0,0.0,-0.5229536,0,0,0,0,0
2903995047,0.034339465,-0.027191117,0.30864277,-0.008605711,0.9878432,0.019052679,-0.010792817,0.15390335,0.0,0.0,-0.52902704,0,0,0,0,0
2904051067,0.03917114,-0.022891773,0.30748433,-0.011240675,0.9879164,0.021104468,-0.008309574,0.15331933,0.0,0.0,-0.5361663,0,0,0,0,0
2904097679,0.040362157,-0.012453684,0.30748433,-0.0071275285,0.98796535,0.02089466,-0.0030618985,0.15322727,0.0,0.0,-0.53319794,0,0,0,0,0
2904146750,0.042322077,-0.010379502,0.30748433,-0.009415301,0.9879536,0.021704163,-0.0018871087,0.15320939,0.0,0.0,-0.5158799,0,0,0,0,0
2904200782,0.04135632,-0.017533662,0.3074843,-0.007662362,0.987928,0.021774244,-0.0054952144,0.15327771,0.0,0.0,-0.49677777,0,0,0,0,0
2904247514,0.03356451,-0.015608479,0.30748433,-0.0067188595,0.98801565,0.017777963,-0.005141234,0.15324041,0.0,0.0,-0.48172697,0,0,0,0,0
2904302890,0.040940493,-0.014734333,0.30748436,-0.003387055,0.987948,0.02135478,-0.004144227,0.15325001,0.0,0.0,-0.47201043,0,0,0,0,0
2904352323,0.03324094,-0.014137954,0.30748433,-0.0041762176,0.9880258,0.017505627,-0.004439543,0.15322834,0.0,0.0,-0.4635949,0,0,0,0,0
2904404093,0.019728895,-0.0106877275,0.30622306,-0.007499605,0.98823106,0.01056372,-0.003776645,0.1525565,0.0,0.0,-0.45888874,0,0,0,0,0
2904452568,0.003152687,0.0066109844,0.30513832,-0.01092195,0.98837805,0.0010556629,0.0035066532,0.15197179,0.0,0.0,-0.45425004,0,0,0,0,0
2904502015,0.011565543,0.013862682,0.30415952,-0.012666155,0.98842394,0.004665826,0.0077272006,0.15144841,0.0,0.0,-0.459535,0,0,0,0,0
2904547339,0.04223055,0.0048212535,0.3041595,-0.011030624,0.9882426,0.02050484,0.005580865,0.15140967,0.0,0.0,-0.4632708,0,0,0,0,0
2904604110,0.042131346,0.0033490343,0.30293375,-0.018902943,0.9883354,0.02057031,0.004833303,0.15081982,0.0,0.0,-0.468246,0,0,0,0,0
2904652065,0.04845887,0.016045783,0.30187428,-0.018907174,0.9883379,0.02274485,0.011572039,0.15012355,0.0,0.0,-0.471913,0,0,0,0,0
2904702943,0.046383545,0.016356237,0.30055737,-0.016298901,0.9884589,0.021703528,0.011555377,0.14948091,0.0,0.0,-0.47310415,0,0,0,0,0
2904752725,0.04871346,0.01314511,0.30055735,-0.014955653,0.9884388,0.02309561,0.0101426,0.14950778,0.0,0.0,-0.47577798,0,0,0,0,0
2904803742,0.049852595,0.018118355,0.2990799,-0.027129214,0.98852557,0.02329532,0.012668233,0.14870755,0.0,0.0,-0.4788241,0,0,0,0,0
2904854459,0.033813428,0.031907633,0.29840562,-0.013251378,0.98866284,0.014344864,0.018286388,0.14834298,0.0,0.0,-0.48177525,0,0,0,0,0
2904901362,0.039138764,0.030845609,0.29702768,-0.033416584,0.9887298,0.017068867,0.01814463,0.1476241,0.0,0.0,-0.48139092,0,0,0,0,0
2904955366,0.041379735,0.027337516,0.29702768,-0.018040303,0.9887299,0.01843669,0.016575923,0.14764333,0.0,0.0,-0.4804998,0,0,0,0,0
2905000354,0.03948473,0.0348762,0.29592088,-0.013472599,0.98878145,0.016952308,0.020153144,0.14702958,0.0,0.0,-0.4801896,0,0,0,0,0
2905043314,0.03453889,0.028595708,0.29479012,-0.016446067,0.98894465,0.014980175,0.016676072,0.14658082,0.0,0.0,-0.48104066,0,0,0,0,0
2905099088,0.04276145,0.02943407,0.2939876,-0.015607989,0.98892874,0.018991286,0.017685419,0.14610445,0.0,0.0,-0.4811119,0,0,0,0,0
2905157472,0.03777097,0.04011682,0.2939876,-0.0107978,0.988896,0.015739819,0.022602571,0.14603478,0.0,0.0,-0.47798175,0,0,0,0,0
2905202605,0.034676716,0.037206005,0.2938356,-0.0107331835,0.98895437,0.014425019,0.020936359,0.14602348,0.0,0.0,-0.47775307,0,0,0,0,0
2905256380,0.031329267,0.03951488,0.2932228,-0.018081171,0.9890026,0.012607165,0.021829667,0.14573419,0.0,0.0,-0.47955292,0,0,0,0,0
2905301543,0.027590964,0.04908651,0.2926858,-0.010905255,0.98896825,0.010065253,0.026287166,0.1454284,0.0,0.0,-0.48159268,0,0,0,0,0
2905346431,0.02242216,0.046910346,0.2926858,-0.012461147,0.98901504,0.0076682293,0.024835203,0.14551175,0.0,0.0,-0.48019233,0,0,0,0,0
2905403986,0.02196855,0.049489938,0.29264948,-0.010301757,0.98899066,0.0072560385,0.02607758,0.14548086,0.0,0.0,-0.4807997,0,0,0,0,0
2905443520,0.016271709,0.049880143,0.29264945,-0.006271062,0.9890028,0.004410476,0.02585603,0.14555226,0.0,0.0,-0.48150837,0,0,0,0,0
2905502205,0.017655384,0.04838066,0.29266772,-0.004309796,0.98901546,0.0052039125,0.025215317,0.14555259,0.0,0.0,-0.48238415,0,0,0,0,0
2905555869,0.01416927,0.050696254,0.29266772,-0.003310261,0.98899585,0.0033110299,0.026106583,0.14558403,0.0,0.0,-0.47931725,0,0,0,0,0
2905600987,0.022049958,0.0506984,0.29266772,-0.0026194982,0.98897505,0.007207822,0.026681095,0.14548,0.0,0.0,-0.47904387,0,0,0,0,0
2905645956,0.0113326,0.05063156,0.29266775,-0.0051923823,0.9890004,0.0019130189,0.02586808,0.14562121,0.0,0.0,-0.47671273,0,0,0,0,0
2905704506,0.014628673,0.047368843,0.29266775,-0.0026829732,0.98903364,0.0037810074,0.024494683,0.145596,0.0,0.0,-0.4770256,0,0,0,0,0
2905749338,0.0073692882,0.0513066,0.29266775,-0.0012663597,0.9889939,-9.60716e-05,0.025913255,0.1456697,0.0,0.0,-0.4754143,0,0,0,0,0
2905803487,0.006047234,0.052196827,0.29266775,-0.0010097051,0.9889824,-0.00081473886,0.026257161,0.1456838,0.0,0.0,-0.47444198,0,0,0,0,0
2905848456,0.0005930702,0.049758393,0.29266775,-0.0007927686,0.9890072,-0.0033340398,0.024653977,0.14575975,0.0,0.0,-0.47203436,0,0,0,0,0
2905902330,0.00044627825,0.048164543,0.29266775,-0.0006290189,0.9890262,-0.0032904581,0.023855109,0.14576456,0.0,0.0,-0.47223237,0,0,0,0,0
2905947304,-0.013560251,0.04394615,0.29266775,-0.0004945457,0.98902905,-0.009909602,0.020747604,0.145921,0.0,0.0,-0.47123247,0,0,0,0,0
2905992640,-0.008804797,0.03816198,0.29266775,-0.00038902982,0.98911035,-0.007136585,0.018233929,0.14586733,0.0,0.0,-0.46952176,0,0,0,0,0
2906046232,-0.015191058,0.0412502,0.29266775,-0.0007658367,0.9890505,-0.010519771,0.019295355,0.14593193,0.0,0.0,-0.4673925,0,0,0,0,0
2906104540,-0.01624385,0.036756556,0.29266775,-0.0005888592,0.98909086,-0.010713212,0.01699617,0.14593041,0.0,0.0,-0.46593496,0,0,0,0,0
2906149592,-0.011096517,0.036446553,0.29266775,-0.00018977489,0.9891181,-0.008145008,0.01721837,0.14588574,0.0,0.0,-0.4658398,0,0,0,0,0
2906203571,-0.011373532,0.035953812,0.29266775,-0.00014937903,0.98912156,-0.008246115,0.016954467,0.14588739,0.0,0.0,-0.4664559,0,0,0,0,0
2906248557,-0.025935369,0.03303157,0.29266775,-0.00011795077,0.98906296,-0.015234872,0.014446619,0.14599189,0.0,0.0,-0.46250823,0,0,0,0,0
2906293716,-0.021297727,0.033133153,0.29266775,-0.00016586803,0.98909473,-0.012948767,0.014835347,0.14595842,0.0,0.0,-0.4545285,0,0,0,0,0
2906352044,-0.018372834,0.026343966,0.29266775,-7.215948e-05,0.9891671,-0.011007817,0.011690921,0.14591306,0.0,0.0,-0.4451901,0,0,0,0,0
2906405997,-0.014929884,0.01960334,0.29266775,-0.00014540744,0.9892265,-0.008813876,0.008608071,0.14587349,0.0,0.0,-0.44264278,0,0,0,0,0
2906450803,-0.019039301,0.02665876,0.29266772,-4.5228622e-05,0.9891611,-0.011360369,0.011797996,0.14591815,0.0,0.0,-0.44269082,0,0,0,0,0
2906504870,-0.0138903735,0.022495665,0.29266775,-9.331223e-05,0.9892145,-0.008510466,0.010114496,0.14587672,0.0,0.0,-0.43641353,0,0,0,0,0
2906549893,-0.0105281845,0.023349985,0.29266775,-2.8239088e-05,0.9892222,-0.006909746,0.010782278,0.14586101,0.0,0.0,-0.43225995,0,0,0,0,0
2906595494,-0.0018667728,0.022319712,0.29266772,-3.9662955e-05,0.98924875,-0.0025505607,0.010904256,0.14581333,0.0,0.0,-0.42261964,0,0,0,0,0
2906653139,0.017654458,0.045240663,0.29266775,-1.7435656e-05,0.98904973,0.005432629,0.023662567,0.14557168,0.0,0.0,-0.40025356,0,0,0,0,0
2906698034,0.012917983,0.02796482,0.29266775,-3.546532e-05,0.9892081,0.0043505947,0.014773932,0.14570554,0.0,0.0,-0.39968458,0,0,0,0,0
2906752291,0.006052505,0.028887771,0.29266775,-1.0863773e-05,0.98921096,0.0008875806,0.014730168,0.14575307,0.0,0.0,-0.40469515,0,0,0,0,0
2906797908,0.0064076404,0.021111596,0.29266775,-6.1108117e-06,0.98925704,0.0016302692,0.010909862,0.14576983,0.0,0.0,-0.4075425,0,0,0,0,0
2906851184,0.0065320795,0.025349466,0.29266775,-6.764767e-06,0.9892336,0.0013827969,0.013015054,0.14575875,0.0,0.0,-0.40473217,0,0,0,0,0
2906895911,0.008872615,0.025545415,0.29266775,-5.6018e-06,0.98923016,0.002526174,0.013282541,0.1457428,0.0,0.0,-0.40261176,0,0,0,0,0
2906954642,0.0021434939,0.035642214,0.29266775,-4.129812e-06,0.98915744,-0.001538271,0.017785944,0.14577003,0.0,0.0,-0.39114153,0,0,0,0,0
2906999479,0.006953133,0.031845845,0.29266775,-8.489468e-06,0.98918897,0.0011173233,0.016258841,0.14573807,0.0,0.0,-0.38635793,0,0,0,0,0
2907053399,0.008465719,0.027176283,0.29266775,-4.4798358e-06,0.9892205,0.002205983,0.014059524,0.14574051,0.0,0.0,-0.38554397,0,0,0,0,0
2907098338,0.012632992,0.035544425,0.29266772,-2.7066794e-06,0.98915267,0.0036567426,0.018501863,0.14567518,0.0,0.0,-0.38205314,0,0,0,0,0
2907152410,0.011273502,0.03420142,0.29266775,-1.6108207e-06,0.989166,0.0030823322,0.01773863,0.14569318,0.0,0.0,-0.3734973,0,0,0,0,0
2907197367,0.01655707,0.038950615,0.29266775,-1.3405612e-06,0.9891143,0.005348949,0.02047215,0.14562005,0.0,0.0,-0.3724933,0,0,0,0,0
2907255727,0.0090644695,0.037947506,0.29266775,-9.92015e-07,0.98913664,0.0017165635,0.01943038,0.14569937,0.0,0.0,-0.36698478,0,0,0,0,0
2907300669,0.01052051,0.039970633,0.29266775,-8.2477436e-07,0.9891164,0.002289104,0.020536982,0.14567704,0.0,0.0,-0.3621284,0,0,0,0,0
2907354496,0.011363925,0.04117176,0.29266775,-1.0828262e-06,0.9891038,0.0026186025,0.021192415,0.14566322,0.0,0.0,-0.3585214,0,0,0,0,0
2907400412,0.014713377,0.04899903,0.29266772,-5.2806837e-07,0.989015,0.0037039395,0.025306953,0.1455862,0.0,0.0,-0.35782674,0,0,0,0,0
2907444718,0.013118414,0.043447774,0.29266775,-9.830711e-07,0.98907834,0.0033202362,0.022445736,0.14563368,0.0,0.0,-0.3535681,0,0,0,0,0
2907498579,0.014858992,0.04194775,0.29266775,-3.186735e-07,0.98909014,0.004290469,0.02183068,0.14562194,0.0,0.0,-0.3432096,0,0,0,0,0
2907543385,0.014821866,0.03216522,0.29266775,-2.6508812e-07,0.98917454,0.0049858373,0.016990054,0.14567143,0.0,0.0,-0.3397727,0,0,0,0,0
2907597322,0.007273006,0.040873833,0.29266775,-1.5727312e-07,0.98911,0.00061715354,0.020747086,0.14570725,0.0,0.0,-0.33359748,0,0,0,0,0
2907654185,0.0022148152,0.039028157,0.29266775,-1.5427929e-07,0.9891265,-0.001749845,0.019465724,0.14576295,0.0,0.0,-0.32829443,0,0,0,0,0
2907693208,0.00086794334,0.040296562,0.29266775,-1.8048159e-07,0.98911273,-0.002508419,0.019994857,0.14577393,0.0,0.0,-0.3247594,0,0,0,0,0
2907747458,0.017591799,0.0380975,0.29266775,-2.0403228e-07,0.989119,0.0059229364,0.020125594,0.14561436,0.0,0.0,-0.3198152,0,0,0,0,0
2907805638,0.013940595,0.038061555,0.29266775,-1.1504758e-07,0.9891285,0.004119813,0.019841949,0.145651,0.0,0.0,-0.3142361,0,0,0,0,0
2907852207,0.0098261265,0.041436095,0.29266775,-8.87129e-08,0.9891029,0.0018388007,0.021211134,0.14567845,0.0,0.0,-0.30948147,0,0,0,0,0
2907897140,0.0069486215,0.048050657,0.29266775,-3.6086746e-08,0.989033,-6.664737e-05,0.024272572,0.14568664,0.0,0.0,-0.3024656,0,0,0,0,0
2907955580,0.00982161,0.0484379,0.29266775,-2.6938602e-08,0.9890276,0.0013258449,0.024673315,0.14565,0.0,0.0,-0.30014896,0,0,0,0,0
2908005360,0.0,0.0,0.31858608,0.0,0.9873397,0.0,0.0,0.15862025,0.0,0.0,-0.12,0,0,0,0,0
2908054489,0.0,0.0,0.32248068,0.0,0.98702896,0.0,0.0,0.16054258,0.0,0.0,-0.12,0,0,0,0,0
2908101167,0.0,0.0,0.32761902,0.0,0.9866132,0.0,0.0,0.16307788,0.0,0.0,-0.12,0,0,0,0,0
2908151907,0.0,0.0,0.32736993,0.0,0.9866335,0.0,0.0,0.16295503,0.0,0.0,-0.12,0,0,0,0,0
2908196963,0.0,0.0,0.32376176,0.0,0.9869259,0.0,0.0,0.16117476,0.0,0.0,-0.12,0,0,0,0,0
2908251046,0.0,0.0,0.32309166,0.0,0.98697984,0.0,0.0,0.1608441,0.0,0.0,-0.12,0,0,0,0,0
2908297342,0.0,0.0,0.3258251,0.0,0.98675907,0.0,0.0,0.16219288,0.0,0.0,-0.12,0,0,0,0,0
2908355807,0.0,0.0,0.32538432,0.0,0.98679477,0.0,0.0,0.16197541,0.0,0.0,-0.12,0,0,0,0,0
2908400702,0.0,0.0,0.32299685,0.0,0.9869875,0.0,0.0,0.1607973,0.0,0.0,-0.12,0,0,0,0,0
2908453459,0.0,0.0,0.32410136,0.0,0.9868985,0.0,0.0,0.16134237,0.0,0.0,-0.12,0,0,0,0,0
2908505746,0.0,0.0,0.32516927,0.0,0.98681223,0.0,0.0,0.16186927,0.0,0.0,-0.12,0,0,0,0,0
2908552249,0.0,0.0,0.32473803,0.0,0.9868471,0.0,0.0,0.1616565,0.0,0.0,-0.12,0,0,0,0,0
2908601636,0.0,0.0,0.32373354,0.0,0.98692816,0.0,0.0,0.16116086,0.0,0.0,-0.12,0,0,0,0,0
2908655672,0.0,0.0,0.3246737,0.0,0.9868523,0.0,0.0,0.16162479,0.0,0.0,-0.12,0,0,0,0,0
2908701939,0.0,0.0,0.3245988,0.0,0.9868583,0.0,0.0,0.16158783,0.0,0.0,-0.001,0,0,0,0,0
2908745688,0.0,0.0,0.3245017,0.0,0.9868662,0.0,0.0,0.16153993,0.0,0.0,-0.001,0,0,0,0,0
2908799730,0.0,0.0,0.323962,0.0,0.98690975,0.0,0.0,0.16127358,0.0,0.0,-0.001,0,0,0,0,0
2908846190,0.0,0.0,0.32448435,0.0,0.98686755,0.0,0.0,0.16153134,0.0,0.0,-0.001,0,0,0,0,0
2908895451,0.0,0.0,0.32468456,0.0,0.9868514,0.0,0.0,0.16163012,0.0,0.0,-0.001,0,0,0,0,0
2908943252,0.0,0.0,0.32527485,0.0,0.98680365,0.0,0.0,0.16192138,0.0,0.0,-0.001,0,0,0,0,0
2909003463,0.0,0.0,0.32448083,0.0,0.98686785,0.0,0.0,0.1615296,0.0,0.0,-0.001,0,0,0,0,0
2909052789,0.0,0.0,0.3249947,0.0,0.9868263,0.0,0.0,0.16178317,0.0,0.0,-0.001,0,0,0,0,0
2909093726,0.0,0.0,0.32469282,0.0,0.98685074,0.0,0.0,0.16163422,0.0,0.0,-0.001,0,0,0,0,0
2909153309,0.0,0.0,0.32495576,0.0,0.98682946,0.0,0.0,0.16176397,0.0,0.0,-0.001,0,0,0,0,0
2909197842,0.0,0.0,0.32422346,0.0,0.98688865,0.0,0.0,0.1614026,0.0,0.0,-0.001,0,0,0,0,0
2909250610,0.0,0.0,0.32503676,0.0,0.9868229,0.0,0.0,0.16180393,0.0,0.0,-0.001,0,0,0,0,0
2909297188,0.0,0.0,0.32481572,0.0,0.9868408,0.0,0.0,0.16169484,0.0,0.0,-0.001,0,0,0,0,0
2909357019,0.0,0.0,0.32499063,0.0,0.98682666,0.0,0.0,0.16178115,0.0,0.0,-0.001,0,0,0,0,0
2909400788,0.0,0.0,0.3243759,0.0,0.98687637,0.0,0.0,0.16147782,0.0,0.0,-0.001,0,0,0,0,0
2909454589,0.0,0.0,0.32536444,0.0,0.98679644,0.0,0.0,0.16196558,0.0,0.0,-0.001,0,0,0,0,0
2909501485,0.0,0.0,0.32452515,0.0,0.9868643,0.0,0.0,0.16155146,0.0,0.0,-0.001,0,0,0,0,0
2909550420,0.0,0.0,0.32465884,0.0,0.9868535,0.0,0.0,0.16161744,0.0,0.0,-0.001,0,0,0,0,0
2909604299,0.0,0.0,0.3244062,0.0,0.9868739,0.0,0.0,0.16149278,0.0,0.0,-0.001,0,0,0,0,0
2909650811,0.0,0.0,0.32501107,0.0,0.986825,0.0,0.0,0.16179125,0.0,0.0,-0.001,0,0,0,0,0
2909700202,0.0,0.0,0.32404345,0.0,0.9869032,0.0,0.0,0.16131379,0.0,0.0,-0.001,0,0,0,0,0
2909754348,0.0,0.0,0.32448104,0.0,0.98686785,0.0,0.0,0.1615297,0.0,0.0,-0.001,0,0,0,0,0
2909800699,0.0,0.0,0.32437485,0.0,0.9868764,0.0,0.0,0.16147731,0.0,0.0,-0.001,0,0,0,0,0
2909853110,0.0,0.0,0.32443807,0.0,0.9868713,0.0,0.0,0.16150852,0.0,0.0,-0.001,0,0,0,0,0
2909899531,0.0,0.0,0.32390156,0.0,0.98691463,0.0,0.0,0.16124377,0.0,0.0,-0.001,0,0,0,0,0
2909949075,0.0,0.0,0.3244248,0.0,0.9868724,0.0,0.0,0.16150196,0.0,0.0,-0.001,0,0,0,0,0
2910003171,0.0,0.0,0.32423162,0.0,0.986888,0.0,0.0,0.16140664,0.0,0.0,-0.001,0,0,0,0,0
2910049706,0.0,0.0,0.32400218,0.0,0.9869065,0.0,0.0,0.16129342,0.0,0.0,-0.001,0,0,0,0,0
2910099043,0.0,0.0,0.3239977,0.0,0.9869069,0.0,0.0,0.16129123,0.0,0.0,-0.001,0,0,0,0,0
2910153041,0.0,0.0,0.32436958,0.0,0.98687685,0.0,0.0,0.16147472,0.0,0.0,-0.001,0,0,0,0,0
2910194180,0.0,0.0,0.3240803,0.0,0.98690015,0.0,0.0,0.16133195,0.0,0.0,-0.001,0,0,0,0,0
2910253515,0.0,0.0,0.32388943,0.0,0.9869156,0.0,0.0,0.16123778,0.0,0.0,-0.001,0,0,0,0,0
2910302801,0.0,0.0,0.32400703,0.0,0.9869061,0.0,0.0,0.16129583,0.0,0.0,-0.001,0,0,0,0,0
2910343188,0.0,0.0,0.3239387,0.0,0.98691165,0.0,0.0,0.16126211,0.0,0.0,-0.001,0,0,0,0,0
2910398264,0.0,0.0,0.32365185,0.0,0.9869347,0.0,0.0,0.16112053,0.0,0.0,-0.001,0,0,0,0,0
2910447037,0.0,0.0,0.32372662,0.0,0.9869287,0.0,0.0,0.16115744,0.0,0.0,-0.001,0,0,0,0,0
2910500611,0.0,0.0,0.32393283,0.0,0.9869121,0.0,0.0,0.16125919,0.0,0.0,-0.001,0,0,0,0,0
2910547364,0.0,0.0,0.32370278,0.0,0.9869306,0.0,0.0,0.1611457,0.0,0.0,-0.001,0,0,0,0,0
2910605586,0.0,0.0,0.32353494,0.0,0.9869442,0.0,0.0,0.16106287,0.0,0.0,-0.001,0,0,0,0,0
2910649126,0.0,0.0,0.3237782,0.0,0.9869246,0.0,0.0,0.16118293,0.0,0.0,-0.001,0,0,0,0,0
2910695638,0.0,0.0,0.32367134,0.0,0.9869332,0.0,0.0,0.16113016,0.0,0.0,-0.001,0,0,0,0,0
2910755525,0.0,0.0,0.3235632,0.0,0.9869419,0.0,0.0,0.1610768,0.0,0.0,-0.001,0,0,0,0,0
2910794460,0.0,0.0,0.32353765,0.0,0.98694396,0.0,0.0,0.1610642,0.0,0.0,-0.001,0,0,0,0,0
2910854462,0.0,0.0,0.3236168,0.0,0.9869376,0.0,0.0,0.16110325,0.0,0.0,-0.001,0,0,0,0,0
2910904275,0.0,0.0,0.32337192,0.0,0.98695725,0.0,0.0,0.1609824,0.0,0.0,-0.001,0,0,0,0,0
2910944572,0.0,0.0,0.3230535,0.0,0.98698294,0.0,0.0,0.16082527,0.0,0.0,-0.001,0,0,0,0,0
2911003098,0.0,0.0,0.3235964,0.0,0.9869392,0.0,0.0,0.16109319,0.0,0.0,-0.001,0,0,0,0,0
